/* Auto-generiert aus InstrumentSans-Regular.ttf (SIL OFL 1.1).
 * NICHT von Hand editieren -- siehe shell/assets/ + regenerieren. */
#ifndef FLUX_FONT_DATA_H
#define FLUX_FONT_DATA_H
static const unsigned char flux_font_ttf[] = {
0x00,0x01,0x00,0x00,0x00,0x10,0x01,0x00,0x00,0x04,0x00,0x00,0x47,0x44,0x45,0x46,0x34,0xb9,0x2c,0x15,
0x00,0x00,0x02,0x58,0x00,0x00,0x01,0x58,0x47,0x50,0x4f,0x53,0xb3,0x2a,0x2b,0x68,0x00,0x00,0x96,0x70,
0x00,0x00,0x73,0x4c,0x47,0x53,0x55,0x42,0x10,0x68,0x15,0x0b,0x00,0x00,0x1a,0xd0,0x00,0x00,0x0c,0x1a,
0x4f,0x53,0x2f,0x32,0x61,0x05,0x1d,0x7a,0x00,0x00,0x01,0xf8,0x00,0x00,0x00,0x60,0x53,0x54,0x41,0x54,
0x5f,0x0d,0x43,0x39,0x00,0x00,0x01,0x98,0x00,0x00,0x00,0x5e,0x63,0x6d,0x61,0x70,0xe7,0x8b,0x30,0x2d,
0x00,0x00,0x07,0x9c,0x00,0x00,0x04,0x26,0x67,0x61,0x73,0x70,0x00,0x00,0x00,0x10,0x00,0x00,0x01,0x14,
0x00,0x00,0x00,0x08,0x67,0x6c,0x79,0x66,0x01,0xc2,0x92,0x0a,0x00,0x00,0x36,0xf8,0x00,0x00,0x5f,0x78,
0x68,0x65,0x61,0x64,0x26,0x57,0x64,0xe0,0x00,0x00,0x01,0x60,0x00,0x00,0x00,0x36,0x68,0x68,0x65,0x61,
0x0b,0xa6,0x07,0x7e,0x00,0x00,0x01,0x3c,0x00,0x00,0x00,0x24,0x68,0x6d,0x74,0x78,0x2c,0x44,0x65,0xff,
0x00,0x00,0x12,0xfc,0x00,0x00,0x07,0xd4,0x6c,0x6f,0x63,0x61,0x1c,0x94,0x33,0xfa,0x00,0x00,0x03,0xb0,
0x00,0x00,0x03,0xec,0x6d,0x61,0x78,0x70,0x02,0x07,0x00,0x9e,0x00,0x00,0x01,0x1c,0x00,0x00,0x00,0x20,
0x6e,0x61,0x6d,0x65,0xdf,0xaf,0x1d,0x2a,0x00,0x00,0x0b,0xc4,0x00,0x00,0x07,0x36,0x70,0x6f,0x73,0x74,
0xd6,0x99,0x69,0x35,0x00,0x00,0x26,0xec,0x00,0x00,0x10,0x09,0x70,0x72,0x65,0x70,0x68,0x06,0x8c,0x85,
0x00,0x00,0x01,0x0c,0x00,0x00,0x00,0x07,0xb8,0x01,0xff,0x85,0xb0,0x04,0x8d,0x00,0x00,0x01,0x00,0x01,
0xff,0xff,0x00,0x0f,0x00,0x01,0x00,0x00,0x01,0xf5,0x00,0x55,0x00,0x07,0x00,0x47,0x00,0x06,0x00,0x01,
0x00,0x00,0x00,0x00,0x00,0x00,0x00,0x00,0x00,0x00,0x00,0x00,0x00,0x04,0x00,0x01,0x00,0x01,0x00,0x00,
0x03,0xca,0xff,0x06,0x00,0x00,0x08,0x36,0xff,0xbf,0xfe,0x4c,0x08,0x1a,0x00,0x01,0x00,0x00,0x00,0x00,
0x00,0x00,0x00,0x00,0x00,0x00,0x00,0x00,0x00,0x00,0x01,0xf5,0x00,0x01,0x00,0x00,0x00,0x01,0x00,0x00,
0x2a,0xd0,0x08,0x74,0x5f,0x0f,0x3c,0xf5,0x00,0x03,0x03,0xe8,0x00,0x00,0x00,0x00,0xdf,0x0a,0xfc,0x7e,
0x00,0x00,0x00,0x00,0xe0,0x5c,0x24,0xcd,0xff,0xbf,0xfe,0xd8,0x08,0x1a,0x03,0xda,0x00,0x00,0x00,0x06,
0x00,0x02,0x00,0x00,0x00,0x00,0x00,0x00,0x00,0x01,0x00,0x01,0x00,0x08,0x00,0x03,0x00,0x00,0x00,0x14,
0x00,0x03,0x00,0x00,0x00,0x2c,0x00,0x02,0x77,0x64,0x74,0x68,0x01,0x0c,0x00,0x00,0x77,0x67,0x68,0x74,
0x01,0x0d,0x00,0x01,0x69,0x74,0x61,0x6c,0x01,0x15,0x00,0x02,0x00,0x26,0x00,0x16,0x00,0x06,0x00,0x03,
0x00,0x02,0x00,0x02,0x01,0x16,0x00,0x00,0x00,0x00,0x00,0x01,0x00,0x00,0x00,0x03,0x00,0x01,0x00,0x02,
0x01,0x0e,0x01,0x90,0x00,0x00,0x02,0xbc,0x00,0x00,0x00,0x01,0x00,0x00,0x00,0x02,0x01,0x14,0x00,0x64,
0x00,0x00,0x00,0x00,0x00,0x04,0x02,0x39,0x01,0x90,0x00,0x05,0x00,0x00,0x02,0x8a,0x02,0x58,0x00,0x00,
0x00,0x4b,0x02,0x8a,0x02,0x58,0x00,0x00,0x01,0x5e,0x00,0x26,0x01,0x2d,0x00,0x00,0x00,0x00,0x00,0x00,
0x00,0x00,0x00,0x00,0x00,0x00,0xa0,0x00,0x00,0x6f,0x00,0x00,0x00,0x6a,0x00,0x00,0x00,0x00,0x00,0x00,
0x00,0x00,0x4e,0x4f,0x4e,0x45,0x00,0xc0,0x00,0x20,0x22,0x12,0x03,0xca,0xff,0x06,0x00,0x00,0x03,0xda,
0x01,0x5e,0x00,0x00,0x00,0x93,0x00,0x00,0x00,0x00,0x01,0xfe,0x02,0xd0,0x00,0x00,0x00,0x20,0x00,0x03,
0x00,0x01,0x00,0x02,0x00,0x80,0x00,0x00,0x00,0x0e,0x00,0x00,0x01,0x2c,0x00,0x16,0x00,0x09,0x00,0x64,
0x00,0x64,0x00,0x5c,0x00,0x54,0x00,0x46,0x00,0x3c,0x00,0x34,0x00,0x2c,0x00,0x2c,0x00,0x01,0x00,0x09,
0x01,0x36,0x01,0x37,0x01,0x38,0x01,0x39,0x01,0x3a,0x01,0x3b,0x01,0x3c,0x01,0x57,0x01,0xa2,0x00,0x01,
0x00,0x04,0x00,0x01,0x01,0xa9,0x00,0x01,0x00,0x04,0x00,0x01,0x01,0x33,0x00,0x02,0x00,0x32,0x00,0x06,
0x00,0x01,0x02,0x6a,0x00,0x02,0x00,0x0a,0x00,0x06,0x00,0x01,0x05,0x79,0x00,0x01,0x02,0xbd,0x00,0x01,
0x00,0x04,0x00,0x01,0x01,0x2e,0x00,0x01,0x00,0x04,0x00,0x01,0x01,0x2a,0x00,0x02,0x00,0x0a,0x00,0x06,
0x00,0x01,0x02,0x69,0x00,0x01,0x01,0x35,0x00,0x02,0x00,0x1c,0x00,0x01,0x00,0x0b,0x00,0x01,0x00,0x0e,
0x00,0x1f,0x00,0x01,0x00,0x21,0x00,0x2f,0x00,0x01,0x00,0x31,0x00,0x37,0x00,0x01,0x00,0x39,0x00,0x3d,
0x00,0x01,0x00,0x3f,0x00,0x47,0x00,0x01,0x00,0x4c,0x00,0x54,0x00,0x01,0x00,0x56,0x00,0x62,0x00,0x01,
0x00,0x64,0x00,0x68,0x00,0x01,0x00,0x6a,0x00,0x8a,0x00,0x01,0x00,0x8c,0x00,0x8f,0x00,0x01,0x00,0x92,
0x00,0xa0,0x00,0x01,0x00,0xa3,0x00,0xa8,0x00,0x01,0x00,0xaa,0x00,0xb4,0x00,0x01,0x00,0xb6,0x00,0xce,
0x00,0x01,0x00,0xd0,0x00,0xd4,0x00,0x01,0x00,0xd6,0x00,0xdc,0x00,0x01,0x00,0xde,0x00,0xde,0x00,0x01,
0x00,0xe3,0x00,0xeb,0x00,0x01,0x00,0xed,0x00,0xf9,0x00,0x01,0x00,0xfb,0x00,0xff,0x00,0x01,0x01,0x01,
0x01,0x35,0x00,0x01,0x01,0x36,0x01,0x3c,0x00,0x02,0x01,0x57,0x01,0x57,0x00,0x02,0x01,0xa2,0x01,0xa2,
0x00,0x02,0x01,0xad,0x01,0xae,0x00,0x01,0x01,0xd2,0x01,0xd6,0x00,0x03,0x01,0xd8,0x01,0xe5,0x00,0x03,
0x00,0x01,0x00,0x02,0x00,0x00,0x00,0x22,0x00,0x00,0x00,0x0c,0x00,0x02,0x00,0x03,0x01,0xd2,0x01,0xd6,
0x00,0x00,0x01,0xd8,0x01,0xde,0x00,0x05,0x01,0xe2,0x01,0xe4,0x00,0x0c,0x00,0x01,0x00,0x03,0x01,0xdf,
0x01,0xe0,0x01,0xe5,0x00,0x00,0x00,0x14,0x00,0x32,0x00,0x3e,0x00,0x4a,0x00,0x56,0x00,0x62,0x00,0x6e,
0x00,0x7a,0x00,0x86,0x00,0x92,0x00,0x9e,0x00,0xaa,0x00,0xd2,0x01,0x0b,0x01,0x3e,0x01,0x4a,0x01,0x56,
0x01,0x62,0x01,0x6e,0x01,0x95,0x01,0xc3,0x01,0xcf,0x01,0xd7,0x01,0xf7,0x02,0x03,0x02,0x0f,0x02,0x1b,
0x02,0x27,0x02,0x33,0x02,0x3f,0x02,0x4b,0x02,0x57,0x02,0x71,0x02,0xab,0x02,0xb7,0x02,0xc3,0x02,0xcf,
0x02,0xe9,0x03,0x0b,0x03,0x17,0x03,0x23,0x03,0x2f,0x03,0x3b,0x03,0x47,0x03,0x53,0x03,0x5f,0x03,0x6b,
0x03,0x76,0x03,0x92,0x03,0xb0,0x03,0xbc,0x03,0xce,0x03,0xda,0x03,0xe6,0x03,0xf2,0x04,0x12,0x04,0x30,
0x04,0x49,0x04,0x55,0x04,0x61,0x04,0x6d,0x04,0x79,0x04,0xa7,0x04,0xdb,0x04,0xe7,0x04,0xf3,0x04,0xff,
0x05,0x0b,0x05,0x17,0x05,0x23,0x05,0x5f,0x05,0x6b,0x05,0xaa,0x05,0xcc,0x05,0xf2,0x06,0x31,0x06,0x5b,
0x06,0x67,0x06,0x73,0x06,0x7f,0x06,0xbc,0x06,0xc8,0x06,0xd4,0x06,0xdf,0x06,0xeb,0x07,0x28,0x07,0x39,
0x07,0x45,0x07,0x51,0x07,0x6f,0x07,0x7b,0x07,0x87,0x07,0x93,0x07,0x9f,0x07,0xab,0x07,0xb7,0x07,0xc3,
0x07,0xcf,0x07,0xdb,0x07,0xf1,0x08,0x11,0x08,0x1d,0x08,0x29,0x08,0x35,0x08,0x41,0x08,0x65,0x08,0x7d,
0x08,0x89,0x08,0x95,0x08,0xa1,0x08,0xad,0x08,0xc6,0x08,0xd2,0x08,0xde,0x08,0xea,0x08,0xf6,0x09,0x02,
0x09,0x0e,0x09,0x1a,0x09,0x26,0x09,0x32,0x09,0x3e,0x09,0x4a,0x09,0x56,0x09,0x62,0x09,0x6e,0x09,0x7a,
0x09,0x86,0x09,0x92,0x09,0x9e,0x09,0xaa,0x09,0xb6,0x09,0xc2,0x09,0xe3,0x09,0xef,0x0a,0x1c,0x0a,0x28,
0x0a,0x34,0x0a,0x40,0x0a,0x5f,0x0a,0x99,0x0a,0xa5,0x0a,0xb1,0x0a,0xbd,0x0a,0xdd,0x0b,0x19,0x0b,0x25,
0x0b,0x31,0x0b,0x3d,0x0b,0x49,0x0b,0x8a,0x0b,0x95,0x0b,0xa0,0x0b,0xab,0x0b,0xb6,0x0b,0xc1,0x0b,0xcc,
0x0b,0xd7,0x0b,0xe3,0x0b,0xee,0x0b,0xf9,0x0c,0x62,0x0c,0x95,0x0c,0xc6,0x0c,0xd2,0x0c,0xdd,0x0c,0xe8,
0x0c,0xf4,0x0d,0x26,0x0d,0x6c,0x0d,0x78,0x0d,0xb2,0x0d,0xe6,0x0d,0xf2,0x0d,0xfd,0x0e,0x08,0x0e,0x13,
0x0e,0x1f,0x0e,0x2a,0x0e,0x35,0x0e,0x41,0x0e,0x63,0x0e,0xa5,0x0e,0xb0,0x0e,0xbc,0x0e,0xc8,0x0e,0xeb,
0x0f,0x15,0x0f,0x20,0x0f,0x2c,0x0f,0x37,0x0f,0x42,0x0f,0x4d,0x0f,0x58,0x0f,0x63,0x0f,0x76,0x0f,0x81,
0x0f,0x8f,0x0f,0x9a,0x0f,0xb6,0x0f,0xd0,0x0f,0xdc,0x0f,0xe8,0x0f,0xf4,0x10,0x00,0x10,0x0b,0x10,0x25,
0x10,0x61,0x10,0x86,0x10,0x92,0x10,0x9d,0x10,0xa9,0x10,0xb4,0x10,0xea,0x11,0x19,0x11,0x25,0x11,0x30,
0x11,0x3b,0x11,0x46,0x11,0x51,0x11,0x5c,0x11,0x93,0x11,0x9e,0x12,0x01,0x12,0x34,0x12,0x67,0x12,0x9a,
0x12,0xba,0x12,0xc5,0x12,0xd0,0x12,0xdb,0x13,0x16,0x13,0x21,0x13,0x2c,0x13,0x37,0x13,0x43,0x13,0x87,
0x13,0xab,0x13,0xb7,0x13,0xc3,0x13,0xea,0x13,0xf6,0x14,0x01,0x14,0x0c,0x14,0x17,0x14,0x22,0x14,0x2d,
0x14,0x38,0x14,0x44,0x14,0x4f,0x14,0x62,0x14,0x81,0x14,0x8d,0x14,0x99,0x14,0xa5,0x14,0xb1,0x14,0xd1,
0x14,0xea,0x14,0xf5,0x15,0x00,0x15,0x0b,0x15,0x16,0x15,0x2f,0x15,0x3a,0x15,0x45,0x15,0x51,0x15,0x5c,
0x15,0x68,0x15,0x73,0x15,0x7f,0x15,0x8b,0x15,0x97,0x15,0xa2,0x15,0xad,0x15,0xb8,0x15,0xcb,0x15,0xd9,
0x15,0xe4,0x15,0xf0,0x15,0xfb,0x16,0x07,0x16,0x12,0x16,0x1d,0x16,0x29,0x16,0x35,0x16,0x40,0x16,0x4c,
0x16,0x57,0x16,0x63,0x16,0x95,0x16,0xa1,0x16,0xac,0x16,0xb7,0x16,0xc2,0x16,0xcd,0x16,0xd8,0x16,0xe3,
0x16,0xef,0x16,0xfb,0x17,0x06,0x17,0x2f,0x17,0x3a,0x17,0x45,0x17,0x50,0x17,0x5b,0x17,0x79,0x17,0x85,
0x17,0x90,0x17,0x9b,0x17,0xa7,0x17,0xea,0x18,0x23,0x18,0x51,0x18,0x74,0x18,0xc3,0x19,0x12,0x19,0x4a,
0x19,0x8c,0x19,0xb3,0x19,0xe5,0x19,0xff,0x1a,0x29,0x1a,0x6c,0x1a,0x88,0x1a,0xbe,0x1a,0xfe,0x1b,0x17,
0x1b,0x6a,0x1b,0xae,0x1b,0xdd,0x1c,0x0f,0x1c,0x30,0x1c,0x5a,0x1c,0x9d,0x1c,0xb9,0x1c,0xef,0x1d,0x2f,
0x1d,0x48,0x1d,0x9b,0x1d,0xde,0x1e,0x0d,0x1e,0x0d,0x1e,0x0d,0x1e,0x28,0x1e,0x33,0x1e,0x49,0x1e,0x55,
0x1e,0x61,0x1e,0x71,0x1e,0x84,0x1e,0x98,0x1e,0xc9,0x1e,0xfb,0x1f,0x04,0x1f,0x10,0x1f,0x32,0x1f,0x54,
0x1f,0x62,0x1f,0x6f,0x1f,0x7c,0x1f,0x89,0x1f,0x9c,0x1f,0xaf,0x1f,0xe0,0x20,0x12,0x20,0x1f,0x20,0x28,
0x20,0x3e,0x20,0x5e,0x20,0x6a,0x20,0x76,0x20,0x86,0x20,0xa3,0x20,0xc1,0x20,0xfc,0x21,0x38,0x21,0x41,
0x21,0x57,0x21,0x60,0x21,0x76,0x21,0x7f,0x21,0x8b,0x21,0x97,0x21,0xa3,0x21,0xac,0x21,0xb9,0x21,0xc6,
0x21,0xd3,0x21,0xed,0x22,0x07,0x22,0x42,0x22,0x7d,0x22,0x8e,0x22,0xa0,0x22,0xbd,0x22,0xda,0x23,0x18,
0x23,0x56,0x23,0x67,0x23,0x79,0x23,0x81,0x23,0x8d,0x23,0x99,0x23,0xa5,0x23,0xbc,0x23,0xd2,0x23,0xde,
0x23,0xf8,0x24,0x08,0x24,0x17,0x24,0x23,0x24,0x41,0x24,0x4a,0x24,0x57,0x24,0x63,0x24,0x6f,0x24,0x90,
0x24,0xb1,0x24,0xcd,0x25,0x42,0x25,0x98,0x25,0xb6,0x26,0x17,0x26,0x75,0x26,0xda,0x27,0x06,0x27,0x32,
0x27,0x3f,0x27,0x7f,0x27,0xbb,0x28,0x03,0x28,0x45,0x28,0x80,0x28,0xa8,0x28,0xe4,0x29,0x2f,0x29,0x42,
0x29,0x4f,0x29,0x67,0x29,0x93,0x29,0xa6,0x29,0xb9,0x29,0xcd,0x29,0xf7,0x2a,0x09,0x2a,0x63,0x2a,0xda,
0x2a,0xee,0x2a,0xfb,0x2b,0x13,0x2b,0x3f,0x2b,0x52,0x2b,0x65,0x2b,0x79,0x2b,0xd2,0x2c,0x3f,0x2c,0x5a,
0x2c,0x76,0x2c,0x91,0x2c,0xad,0x2c,0xc8,0x2c,0xe5,0x2d,0x01,0x2d,0x1d,0x2d,0x40,0x2d,0x62,0x2d,0x74,
0x2d,0x80,0x2d,0x8d,0x2d,0x9a,0x2d,0xad,0x2d,0xb9,0x2d,0xcb,0x2d,0xdd,0x2d,0xf8,0x2e,0x1e,0x2e,0x46,
0x2e,0x53,0x2e,0x6a,0x2e,0x80,0x2e,0xa4,0x2e,0xc4,0x2e,0xe9,0x2e,0xff,0x2f,0x22,0x2f,0x44,0x2f,0x4c,
0x2f,0x54,0x2f,0x5c,0x2f,0x64,0x2f,0x6c,0x2f,0x74,0x2f,0x7c,0x2f,0x84,0x2f,0x8c,0x2f,0x94,0x2f,0x9c,
0x2f,0xa4,0x2f,0xac,0x2f,0xb4,0x2f,0xbc,0x00,0x00,0x00,0x02,0x00,0x00,0x00,0x03,0x00,0x00,0x00,0x14,
0x00,0x03,0x00,0x01,0x00,0x00,0x00,0x14,0x00,0x04,0x04,0x12,0x00,0x00,0x00,0x64,0x00,0x40,0x00,0x05,
0x00,0x24,0x00,0x2f,0x00,0x39,0x00,0x7e,0x00,0xa3,0x00,0xa5,0x00,0xab,0x00,0xb0,0x00,0xb4,0x00,0xb8,
0x00,0xbb,0x01,0x07,0x01,0x13,0x01,0x1b,0x01,0x23,0x01,0x27,0x01,0x2b,0x01,0x33,0x01,0x37,0x01,0x3e,
0x01,0x48,0x01,0x4d,0x01,0x5b,0x01,0x61,0x01,0x65,0x01,0x7e,0x01,0xce,0x02,0x1b,0x02,0x37,0x02,0xc7,
0x02,0xdd,0x03,0x04,0x03,0x08,0x03,0x0c,0x03,0x12,0x03,0x28,0x1e,0x85,0x1e,0x9e,0x1e,0xf3,0x20,0x14,
0x20,0x1a,0x20,0x1e,0x20,0x22,0x20,0x26,0x20,0x30,0x20,0x3a,0x20,0xac,0x21,0x22,0x21,0x99,0x22,0x12,
0xff,0xff,0x00,0x00,0x00,0x20,0x00,0x30,0x00,0x3a,0x00,0xa0,0x00,0xa5,0x00,0xa7,0x00,0xae,0x00,0xb4,
0x00,0xb6,0x00,0xba,0x00,0xbf,0x01,0x0a,0x01,0x16,0x01,0x1e,0x01,0x26,0x01,0x2a,0x01,0x2e,0x01,0x36,
0x01,0x39,0x01,0x41,0x01,0x4a,0x01,0x50,0x01,0x5e,0x01,0x64,0x01,0x6a,0x01,0xcd,0x02,0x18,0x02,0x37,
0x02,0xc6,0x02,0xd8,0x03,0x00,0x03,0x06,0x03,0x0a,0x03,0x12,0x03,0x26,0x1e,0x80,0x1e,0x9e,0x1e,0xf2,
0x20,0x13,0x20,0x18,0x20,0x1c,0x20,0x22,0x20,0x26,0x20,0x30,0x20,0x39,0x20,0xac,0x21,0x22,0x21,0x90,
0x22,0x12,0xff,0xff,0x00,0x00,0x01,0x0f,0x00,0x00,0x00,0x00,0x01,0x0c,0x00,0x00,0x00,0x00,0x01,0x35,
0x00,0x00,0x00,0x00,0x00,0x00,0x00,0x00,0x00,0x00,0x00,0x00,0x00,0x00,0x00,0x00,0x00,0x00,0x00,0x00,
0x00,0x00,0x00,0x00,0x00,0x00,0x00,0x00,0x00,0x00,0x00,0x00,0x00,0x00,0x00,0x00,0x00,0x00,0xfe,0x90,
0xff,0x25,0x00,0x00,0x00,0x00,0x00,0x00,0x00,0x00,0xfe,0xcc,0xfe,0xb9,0x00,0x00,0xe1,0xb7,0x00,0x00,
0xe1,0x6b,0x00,0x00,0x00,0x00,0xe1,0x40,0xe1,0x36,0xe1,0x8e,0xe1,0x5f,0xe1,0x03,0xe0,0x87,0x00,0x00,
0xdf,0xa3,0x00,0x01,0x00,0x64,0x00,0x00,0x00,0x80,0x01,0x08,0x00,0x00,0x01,0x0c,0x01,0x14,0x00,0x00,
0x01,0x16,0x01,0x1a,0x01,0x1c,0x01,0xac,0x01,0xbe,0x01,0xc8,0x01,0xd2,0x01,0xd4,0x01,0xd6,0x01,0xe0,
0x01,0xe2,0x01,0xec,0x01,0xfa,0x02,0x00,0x02,0x16,0x02,0x1c,0x02,0x1e,0x02,0x46,0x02,0x48,0x00,0x00,
0x00,0x00,0x02,0x4a,0x02,0x54,0x02,0x5c,0x02,0x60,0x00,0x00,0x00,0x00,0x02,0x60,0x00,0x00,0x02,0x68,
0x00,0x00,0x02,0x68,0x02,0x6c,0x00,0x00,0x00,0x00,0x00,0x00,0x00,0x00,0x00,0x00,0x00,0x00,0x02,0x64,
0x00,0x00,0x00,0x00,0x01,0x55,0x01,0x5d,0x01,0x9a,0x01,0x64,0x01,0xae,0x01,0xbd,0x01,0xa4,0x01,0x9b,
0x01,0x84,0x01,0x85,0x01,0x63,0x01,0xb4,0x01,0x59,0x01,0x7d,0x01,0x58,0x01,0x65,0x01,0x5a,0x01,0x5b,
0x01,0xba,0x01,0xb8,0x01,0xb9,0x01,0x5f,0x01,0xa3,0x00,0x01,0x00,0x0d,0x00,0x0e,0x00,0x13,0x00,0x17,
0x00,0x20,0x00,0x21,0x00,0x25,0x00,0x27,0x00,0x30,0x00,0x31,0x00,0x33,0x00,0x38,0x00,0x39,0x00,0x3f,
0x00,0x49,0x00,0x4b,0x00,0x4c,0x00,0x50,0x00,0x56,0x00,0x59,0x00,0x63,0x00,0x64,0x00,0x69,0x00,0x6a,
0x00,0x6f,0x01,0x88,0x01,0x66,0x01,0x89,0x01,0xbc,0x01,0x80,0x01,0xe8,0x00,0x96,0x00,0xa2,0x00,0xa3,
0x00,0xa8,0x00,0xac,0x00,0xb5,0x00,0xb6,0x00,0xba,0x00,0xbc,0x00,0xc6,0x00,0xc8,0x00,0xca,0x00,0xcf,
0x00,0xd0,0x00,0xd6,0x00,0xe0,0x00,0xe2,0x00,0xe3,0x00,0xe7,0x00,0xed,0x00,0xf0,0x00,0xfa,0x00,0xfb,
0x01,0x00,0x01,0x01,0x01,0x06,0x01,0x86,0x01,0xab,0x01,0x87,0x01,0xbb,0x01,0x56,0x01,0x5e,0x01,0xad,
0x01,0xb0,0x01,0xa6,0x01,0xe6,0x01,0xa7,0x01,0x3d,0x01,0x96,0x01,0xa8,0x01,0xf0,0x01,0xaa,0x01,0xa5,
0x01,0x61,0x01,0xf1,0x01,0x3e,0x01,0x97,0x01,0x60,0x00,0x07,0x00,0x02,0x00,0x05,0x00,0x0b,0x00,0x06,
0x00,0x0a,0x00,0x0c,0x00,0x11,0x00,0x1d,0x00,0x18,0x00,0x1a,0x00,0x1b,0x00,0x2d,0x00,0x29,0x00,0x2a,
0x00,0x2b,0x00,0x14,0x00,0x3d,0x00,0x43,0x00,0x40,0x00,0x41,0x00,0x47,0x00,0x42,0x01,0xb6,0x00,0x46,
0x00,0x5e,0x00,0x5a,0x00,0x5c,0x00,0x5d,0x00,0x6b,0x00,0x4a,0x00,0xec,0x00,0x9c,0x00,0x97,0x00,0x9a,
0x00,0xa0,0x00,0x9b,0x00,0x9f,0x00,0xa1,0x00,0xa6,0x00,0xb2,0x00,0xad,0x00,0xaf,0x00,0xb0,0x00,0xc2,
0x00,0xbe,0x00,0xbf,0x00,0xc0,0x00,0xa9,0x00,0xd4,0x00,0xda,0x00,0xd7,0x00,0xd8,0x00,0xde,0x00,0xd9,
0x01,0xb7,0x00,0xdd,0x00,0xf5,0x00,0xf1,0x00,0xf3,0x00,0xf4,0x01,0x02,0x00,0xe1,0x01,0x04,0x00,0x08,
0x00,0x9d,0x00,0x03,0x00,0x98,0x00,0x09,0x00,0x9e,0x00,0x0f,0x00,0xa4,0x00,0x12,0x00,0xa7,0x00,0x10,
0x00,0xa5,0x00,0x15,0x00,0xaa,0x00,0x16,0x00,0xab,0x00,0x1e,0x00,0xb3,0x00,0x1c,0x00,0xb1,0x00,0x1f,
0x00,0xb4,0x00,0x19,0x00,0xae,0x00,0x22,0x00,0xb7,0x00,0x24,0x00,0xb9,0x00,0x23,0x00,0xb8,0x00,0x26,
0x00,0xbb,0x00,0x2e,0x00,0xc4,0x00,0x2f,0x00,0xc5,0x00,0x2c,0x00,0xbd,0x00,0x28,0x00,0xc3,0x00,0x32,
0x00,0xc9,0x00,0x34,0x00,0xcb,0x00,0x36,0x00,0xcd,0x00,0x35,0x00,0xcc,0x00,0x37,0x00,0xce,0x00,0x3a,
0x00,0xd1,0x00,0x3c,0x00,0xd3,0x00,0x3b,0x00,0xd2,0x00,0x3e,0x00,0xd5,0x00,0x45,0x00,0xdc,0x00,0x44,
0x00,0xdb,0x00,0x48,0x00,0xdf,0x00,0x4d,0x00,0xe4,0x00,0x4f,0x00,0xe6,0x00,0x4e,0x00,0xe5,0x00,0x51,
0x00,0xe8,0x00,0x53,0x00,0xea,0x00,0x52,0x00,0xe9,0x00,0x57,0x00,0xee,0x00,0x60,0x00,0xf7,0x00,0x5b,
0x00,0xf2,0x00,0x62,0x00,0xf9,0x00,0x5f,0x00,0xf6,0x00,0x61,0x00,0xf8,0x00,0x66,0x00,0xfd,0x00,0x6c,
0x01,0x03,0x00,0x6d,0x00,0x70,0x01,0x07,0x00,0x72,0x01,0x09,0x00,0x71,0x01,0x08,0x00,0x04,0x00,0x99,
0x00,0x54,0x00,0xeb,0x00,0x58,0x00,0xef,0x01,0xed,0x01,0xe7,0x01,0xee,0x01,0xf2,0x01,0xef,0x01,0xea,
0x01,0xd4,0x01,0xd5,0x01,0xd8,0x01,0xdc,0x01,0xdd,0x01,0xda,0x01,0xd3,0x01,0xd2,0x01,0xdb,0x01,0xd6,
0x01,0xd9,0x00,0x68,0x00,0xff,0x00,0x65,0x00,0xfc,0x00,0x67,0x00,0xfe,0x00,0x6e,0x01,0x05,0x01,0x94,
0x01,0x95,0x01,0x90,0x01,0x92,0x01,0x93,0x01,0x91,0x01,0xce,0x01,0xc8,0x01,0xca,0x01,0xcc,0x01,0xd0,
0x01,0xd1,0x01,0xcf,0x01,0xc9,0x01,0xcb,0x01,0xcd,0x00,0x00,0x00,0x00,0x00,0x25,0x01,0xc2,0x00,0x03,
0x00,0x01,0x04,0x09,0x00,0x00,0x00,0xc4,0x04,0xb0,0x00,0x03,0x00,0x01,0x04,0x09,0x00,0x01,0x00,0x1e,
0x04,0x92,0x00,0x03,0x00,0x01,0x04,0x09,0x00,0x02,0x00,0x0e,0x04,0x84,0x00,0x03,0x00,0x01,0x04,0x09,
0x00,0x03,0x00,0x42,0x04,0x42,0x00,0x03,0x00,0x01,0x04,0x09,0x00,0x04,0x00,0x2e,0x04,0x14,0x00,0x03,
0x00,0x01,0x04,0x09,0x00,0x05,0x00,0x3a,0x03,0xda,0x00,0x03,0x00,0x01,0x04,0x09,0x00,0x06,0x00,0x2c,
0x03,0xae,0x00,0x03,0x00,0x01,0x04,0x09,0x00,0x08,0x00,0x10,0x03,0x9e,0x00,0x03,0x00,0x01,0x04,0x09,
0x00,0x09,0x00,0x24,0x03,0x7a,0x00,0x03,0x00,0x01,0x04,0x09,0x00,0x0b,0x00,0x2e,0x03,0x4c,0x00,0x03,
0x00,0x01,0x04,0x09,0x00,0x0c,0x00,0x26,0x03,0x26,0x00,0x03,0x00,0x01,0x04,0x09,0x00,0x0d,0x01,0x22,
0x02,0x04,0x00,0x03,0x00,0x01,0x04,0x09,0x00,0x0e,0x00,0x36,0x01,0xce,0x00,0x03,0x00,0x01,0x04,0x09,
0x00,0x19,0x00,0x1c,0x01,0xb2,0x00,0x03,0x00,0x01,0x04,0x09,0x01,0x00,0x00,0x14,0x01,0x9e,0x00,0x03,
0x00,0x01,0x04,0x09,0x01,0x01,0x00,0x1c,0x01,0x82,0x00,0x03,0x00,0x01,0x04,0x09,0x01,0x02,0x00,0x16,
0x01,0x6c,0x00,0x03,0x00,0x01,0x04,0x09,0x01,0x03,0x00,0x16,0x01,0x56,0x00,0x03,0x00,0x01,0x04,0x09,
0x01,0x04,0x00,0x16,0x01,0x40,0x00,0x03,0x00,0x01,0x04,0x09,0x01,0x05,0x00,0x16,0x01,0x2a,0x00,0x03,
0x00,0x01,0x04,0x09,0x01,0x06,0x00,0x16,0x01,0x14,0x00,0x03,0x00,0x01,0x04,0x09,0x01,0x07,0x00,0x16,
0x00,0xfe,0x00,0x03,0x00,0x01,0x04,0x09,0x01,0x08,0x00,0x16,0x00,0xe8,0x00,0x03,0x00,0x01,0x04,0x09,
0x01,0x09,0x00,0x16,0x00,0xd2,0x00,0x03,0x00,0x01,0x04,0x09,0x01,0x0a,0x00,0x26,0x00,0xac,0x00,0x03,
0x00,0x01,0x04,0x09,0x01,0x0b,0x00,0x24,0x00,0x88,0x00,0x03,0x00,0x01,0x04,0x09,0x01,0x0c,0x00,0x0a,
0x00,0x7e,0x00,0x03,0x00,0x01,0x04,0x09,0x01,0x0d,0x00,0x0c,0x00,0x72,0x00,0x03,0x00,0x01,0x04,0x09,
0x01,0x0e,0x00,0x0e,0x04,0x84,0x00,0x03,0x00,0x01,0x04,0x09,0x01,0x0f,0x00,0x0c,0x00,0x66,0x00,0x03,
0x00,0x01,0x04,0x09,0x01,0x10,0x00,0x10,0x00,0x56,0x00,0x03,0x00,0x01,0x04,0x09,0x01,0x11,0x00,0x08,
0x00,0x4e,0x00,0x03,0x00,0x01,0x04,0x09,0x01,0x12,0x00,0x12,0x00,0x3c,0x00,0x03,0x00,0x01,0x04,0x09,
0x01,0x13,0x00,0x1a,0x00,0x22,0x00,0x03,0x00,0x01,0x04,0x09,0x01,0x14,0x00,0x0c,0x00,0x16,0x00,0x03,
0x00,0x01,0x04,0x09,0x01,0x15,0x00,0x0c,0x00,0x0a,0x00,0x03,0x00,0x01,0x04,0x09,0x01,0x16,0x00,0x0a,
0x00,0x00,0x00,0x52,0x00,0x6f,0x00,0x6d,0x00,0x61,0x00,0x6e,0x00,0x49,0x00,0x74,0x00,0x61,0x00,0x6c,
0x00,0x69,0x00,0x63,0x00,0x4e,0x00,0x6f,0x00,0x72,0x00,0x6d,0x00,0x61,0x00,0x6c,0x00,0x53,0x00,0x65,
0x00,0x6d,0x00,0x69,0x00,0x43,0x00,0x6f,0x00,0x6e,0x00,0x64,0x00,0x65,0x00,0x6e,0x00,0x73,0x00,0x65,
0x00,0x64,0x00,0x43,0x00,0x6f,0x00,0x6e,0x00,0x64,0x00,0x65,0x00,0x6e,0x00,0x73,0x00,0x65,0x00,0x64,
0x00,0x42,0x00,0x6f,0x00,0x6c,0x00,0x64,0x00,0x53,0x00,0x65,0x00,0x6d,0x00,0x69,0x00,0x42,0x00,0x6f,
0x00,0x6c,0x00,0x64,0x00,0x4d,0x00,0x65,0x00,0x64,0x00,0x69,0x00,0x75,0x00,0x6d,0x00,0x57,0x00,0x65,
0x00,0x69,0x00,0x67,0x00,0x68,0x00,0x74,0x00,0x57,0x00,0x69,0x00,0x64,0x00,0x74,0x00,0x68,0x00,0x41,
0x00,0x6c,0x00,0x74,0x00,0x65,0x00,0x72,0x00,0x6e,0x00,0x61,0x00,0x74,0x00,0x65,0x00,0x20,0x00,0x43,
0x00,0x75,0x00,0x72,0x00,0x72,0x00,0x65,0x00,0x6e,0x00,0x63,0x00,0x79,0x00,0x41,0x00,0x6c,0x00,0x74,
0x00,0x65,0x00,0x72,0x00,0x6e,0x00,0x61,0x00,0x74,0x00,0x65,0x00,0x20,0x00,0x41,0x00,0x6d,0x00,0x70,
0x00,0x65,0x00,0x72,0x00,0x73,0x00,0x61,0x00,0x6e,0x00,0x64,0x00,0x41,0x00,0x6c,0x00,0x74,0x00,0x65,
0x00,0x72,0x00,0x6e,0x00,0x61,0x00,0x74,0x00,0x65,0x00,0x20,0x00,0x32,0x00,0x41,0x00,0x6c,0x00,0x74,
0x00,0x65,0x00,0x72,0x00,0x6e,0x00,0x61,0x00,0x74,0x00,0x65,0x00,0x20,0x00,0x51,0x00,0x41,0x00,0x6c,
0x00,0x74,0x00,0x65,0x00,0x72,0x00,0x6e,0x00,0x61,0x00,0x74,0x00,0x65,0x00,0x20,0x00,0x4a,0x00,0x41,
0x00,0x6c,0x00,0x74,0x00,0x65,0x00,0x72,0x00,0x6e,0x00,0x61,0x00,0x74,0x00,0x65,0x00,0x20,0x00,0x47,
0x00,0x41,0x00,0x6c,0x00,0x74,0x00,0x65,0x00,0x72,0x00,0x6e,0x00,0x61,0x00,0x74,0x00,0x65,0x00,0x20,
0x00,0x4d,0x00,0x41,0x00,0x6c,0x00,0x74,0x00,0x65,0x00,0x72,0x00,0x6e,0x00,0x61,0x00,0x74,0x00,0x65,
0x00,0x20,0x00,0x52,0x00,0x41,0x00,0x6c,0x00,0x74,0x00,0x65,0x00,0x72,0x00,0x6e,0x00,0x61,0x00,0x74,
0x00,0x65,0x00,0x20,0x00,0x4b,0x00,0x41,0x00,0x6c,0x00,0x74,0x00,0x65,0x00,0x72,0x00,0x6e,0x00,0x61,
0x00,0x74,0x00,0x65,0x00,0x20,0x00,0x79,0x00,0x53,0x00,0x69,0x00,0x6e,0x00,0x67,0x00,0x6c,0x00,0x65,
0x00,0x20,0x00,0x53,0x00,0x74,0x00,0x6f,0x00,0x72,0x00,0x79,0x00,0x20,0x00,0x61,0x00,0x52,0x00,0x6f,
0x00,0x75,0x00,0x6e,0x00,0x64,0x00,0x20,0x00,0x64,0x00,0x6f,0x00,0x74,0x00,0x73,0x00,0x49,0x00,0x6e,
0x00,0x73,0x00,0x74,0x00,0x72,0x00,0x75,0x00,0x6d,0x00,0x65,0x00,0x6e,0x00,0x74,0x00,0x53,0x00,0x61,
0x00,0x6e,0x00,0x73,0x00,0x68,0x00,0x74,0x00,0x74,0x00,0x70,0x00,0x73,0x00,0x3a,0x00,0x2f,0x00,0x2f,
0x00,0x73,0x00,0x63,0x00,0x72,0x00,0x69,0x00,0x70,0x00,0x74,0x00,0x73,0x00,0x2e,0x00,0x73,0x00,0x69,
0x00,0x6c,0x00,0x2e,0x00,0x6f,0x00,0x72,0x00,0x67,0x00,0x2f,0x00,0x4f,0x00,0x46,0x00,0x4c,0x00,0x54,
0x00,0x68,0x00,0x69,0x00,0x73,0x00,0x20,0x00,0x46,0x00,0x6f,0x00,0x6e,0x00,0x74,0x00,0x20,0x00,0x53,
0x00,0x6f,0x00,0x66,0x00,0x74,0x00,0x77,0x00,0x61,0x00,0x72,0x00,0x65,0x00,0x20,0x00,0x69,0x00,0x73,
0x00,0x20,0x00,0x6c,0x00,0x69,0x00,0x63,0x00,0x65,0x00,0x6e,0x00,0x73,0x00,0x65,0x00,0x64,0x00,0x20,
0x00,0x75,0x00,0x6e,0x00,0x64,0x00,0x65,0x00,0x72,0x00,0x20,0x00,0x74,0x00,0x68,0x00,0x65,0x00,0x20,
0x00,0x53,0x00,0x49,0x00,0x4c,0x00,0x20,0x00,0x4f,0x00,0x70,0x00,0x65,0x00,0x6e,0x00,0x20,0x00,0x46,
0x00,0x6f,0x00,0x6e,0x00,0x74,0x00,0x20,0x00,0x4c,0x00,0x69,0x00,0x63,0x00,0x65,0x00,0x6e,0x00,0x73,
0x00,0x65,0x00,0x2c,0x00,0x20,0x00,0x56,0x00,0x65,0x00,0x72,0x00,0x73,0x00,0x69,0x00,0x6f,0x00,0x6e,
0x00,0x20,0x00,0x31,0x00,0x2e,0x00,0x31,0x00,0x2e,0x00,0x20,0x00,0x54,0x00,0x68,0x00,0x69,0x00,0x73,
0x00,0x20,0x00,0x6c,0x00,0x69,0x00,0x63,0x00,0x65,0x00,0x6e,0x00,0x73,0x00,0x65,0x00,0x20,0x00,0x69,
0x00,0x73,0x00,0x20,0x00,0x61,0x00,0x76,0x00,0x61,0x00,0x69,0x00,0x6c,0x00,0x61,0x00,0x62,0x00,0x6c,
0x00,0x65,0x00,0x20,0x00,0x77,0x00,0x69,0x00,0x74,0x00,0x68,0x00,0x20,0x00,0x61,0x00,0x20,0x00,0x46,
0x00,0x41,0x00,0x51,0x00,0x20,0x00,0x61,0x00,0x74,0x00,0x3a,0x00,0x20,0x00,0x68,0x00,0x74,0x00,0x74,
0x00,0x70,0x00,0x73,0x00,0x3a,0x00,0x2f,0x00,0x2f,0x00,0x73,0x00,0x63,0x00,0x72,0x00,0x69,0x00,0x70,
0x00,0x74,0x00,0x73,0x00,0x2e,0x00,0x73,0x00,0x69,0x00,0x6c,0x00,0x2e,0x00,0x6f,0x00,0x72,0x00,0x67,
0x00,0x2f,0x00,0x4f,0x00,0x46,0x00,0x4c,0x00,0x77,0x00,0x77,0x00,0x77,0x00,0x2e,0x00,0x72,0x00,0x66,
0x00,0x75,0x00,0x65,0x00,0x6e,0x00,0x7a,0x00,0x61,0x00,0x6c,0x00,0x69,0x00,0x64,0x00,0x61,0x00,0x2e,
0x00,0x63,0x00,0x6f,0x00,0x6d,0x00,0x77,0x00,0x77,0x00,0x77,0x00,0x2e,0x00,0x66,0x00,0x72,0x00,0x61,
0x00,0x67,0x00,0x74,0x00,0x79,0x00,0x70,0x00,0x65,0x00,0x66,0x00,0x6f,0x00,0x75,0x00,0x6e,0x00,0x64,
0x00,0x72,0x00,0x79,0x00,0x2e,0x00,0x78,0x00,0x79,0x00,0x7a,0x00,0x52,0x00,0x6f,0x00,0x64,0x00,0x72,
0x00,0x69,0x00,0x67,0x00,0x6f,0x00,0x20,0x00,0x46,0x00,0x75,0x00,0x65,0x00,0x6e,0x00,0x7a,0x00,0x61,
0x00,0x6c,0x00,0x69,0x00,0x64,0x00,0x61,0x00,0x66,0x00,0x72,0x00,0x61,0x00,0x67,0x00,0x54,0x00,0x59,
0x00,0x50,0x00,0x45,0x00,0x49,0x00,0x6e,0x00,0x73,0x00,0x74,0x00,0x72,0x00,0x75,0x00,0x6d,0x00,0x65,
0x00,0x6e,0x00,0x74,0x00,0x53,0x00,0x61,0x00,0x6e,0x00,0x73,0x00,0x2d,0x00,0x52,0x00,0x65,0x00,0x67,
0x00,0x75,0x00,0x6c,0x00,0x61,0x00,0x72,0x00,0x56,0x00,0x65,0x00,0x72,0x00,0x73,0x00,0x69,0x00,0x6f,
0x00,0x6e,0x00,0x20,0x00,0x31,0x00,0x2e,0x00,0x30,0x00,0x30,0x00,0x30,0x00,0x3b,0x00,0x67,0x00,0x66,
0x00,0x74,0x00,0x6f,0x00,0x6f,0x00,0x6c,0x00,0x73,0x00,0x5b,0x00,0x30,0x00,0x2e,0x00,0x39,0x00,0x2e,
0x00,0x32,0x00,0x38,0x00,0x5d,0x00,0x49,0x00,0x6e,0x00,0x73,0x00,0x74,0x00,0x72,0x00,0x75,0x00,0x6d,
0x00,0x65,0x00,0x6e,0x00,0x74,0x00,0x20,0x00,0x53,0x00,0x61,0x00,0x6e,0x00,0x73,0x00,0x20,0x00,0x52,
0x00,0x65,0x00,0x67,0x00,0x75,0x00,0x6c,0x00,0x61,0x00,0x72,0x00,0x31,0x00,0x2e,0x00,0x30,0x00,0x30,
0x00,0x30,0x00,0x3b,0x00,0x4e,0x00,0x4f,0x00,0x4e,0x00,0x45,0x00,0x3b,0x00,0x49,0x00,0x6e,0x00,0x73,
0x00,0x74,0x00,0x72,0x00,0x75,0x00,0x6d,0x00,0x65,0x00,0x6e,0x00,0x74,0x00,0x53,0x00,0x61,0x00,0x6e,
0x00,0x73,0x00,0x2d,0x00,0x52,0x00,0x65,0x00,0x67,0x00,0x75,0x00,0x6c,0x00,0x61,0x00,0x72,0x00,0x52,
0x00,0x65,0x00,0x67,0x00,0x75,0x00,0x6c,0x00,0x61,0x00,0x72,0x00,0x49,0x00,0x6e,0x00,0x73,0x00,0x74,
0x00,0x72,0x00,0x75,0x00,0x6d,0x00,0x65,0x00,0x6e,0x00,0x74,0x00,0x20,0x00,0x53,0x00,0x61,0x00,0x6e,
0x00,0x73,0x00,0x43,0x00,0x6f,0x00,0x70,0x00,0x79,0x00,0x72,0x00,0x69,0x00,0x67,0x00,0x68,0x00,0x74,
0x00,0x20,0x00,0x32,0x00,0x30,0x00,0x32,0x00,0x32,0x00,0x20,0x00,0x54,0x00,0x68,0x00,0x65,0x00,0x20,
0x00,0x49,0x00,0x6e,0x00,0x73,0x00,0x74,0x00,0x72,0x00,0x75,0x00,0x6d,0x00,0x65,0x00,0x6e,0x00,0x74,
0x00,0x20,0x00,0x53,0x00,0x61,0x00,0x6e,0x00,0x73,0x00,0x20,0x00,0x50,0x00,0x72,0x00,0x6f,0x00,0x6a,
0x00,0x65,0x00,0x63,0x00,0x74,0x00,0x20,0x00,0x41,0x00,0x75,0x00,0x74,0x00,0x68,0x00,0x6f,0x00,0x72,
0x00,0x73,0x00,0x20,0x00,0x28,0x00,0x68,0x00,0x74,0x00,0x74,0x00,0x70,0x00,0x73,0x00,0x3a,0x00,0x2f,
0x00,0x2f,0x00,0x67,0x00,0x69,0x00,0x74,0x00,0x68,0x00,0x75,0x00,0x62,0x00,0x2e,0x00,0x63,0x00,0x6f,
0x00,0x6d,0x00,0x2f,0x00,0x49,0x00,0x6e,0x00,0x73,0x00,0x74,0x00,0x72,0x00,0x75,0x00,0x6d,0x00,0x65,
0x00,0x6e,0x00,0x74,0x00,0x2f,0x00,0x69,0x00,0x6e,0x00,0x73,0x00,0x74,0x00,0x72,0x00,0x75,0x00,0x6d,
0x00,0x65,0x00,0x6e,0x00,0x74,0x00,0x2d,0x00,0x73,0x00,0x61,0x00,0x6e,0x00,0x73,0x00,0x29,0x00,0x00,
0x02,0xa4,0x00,0x56,0x02,0xd8,0x00,0x24,0x02,0xd8,0x00,0x24,0x02,0xd8,0x00,0x24,0x02,0xd8,0x00,0x24,
0x02,0xd8,0x00,0x24,0x02,0xd8,0x00,0x24,0x02,0xd8,0x00,0x24,0x02,0xd8,0x00,0x24,0x02,0xd8,0x00,0x24,
0x02,0xd8,0x00,0x24,0x02,0xd8,0x00,0x24,0x03,0xa8,0x00,0x24,0x02,0x7c,0x00,0x56,0x02,0xe5,0x00,0x32,
0x02,0xe5,0x00,0x32,0x02,0xe5,0x00,0x32,0x02,0xe5,0x00,0x32,0x02,0xe5,0x00,0x32,0x02,0xf0,0x00,0x56,
0x02,0xf0,0x00,0x00,0x02,0xf0,0x00,0x56,0x02,0xf0,0x00,0x00,0x02,0x7e,0x00,0x56,0x02,0x7e,0x00,0x56,
0x02,0x7e,0x00,0x56,0x02,0x7e,0x00,0x56,0x02,0x7e,0x00,0x56,0x02,0x7e,0x00,0x56,0x02,0x7e,0x00,0x56,
0x02,0x7e,0x00,0x56,0x02,0x7e,0x00,0x56,0x02,0x5a,0x00,0x56,0x02,0xfd,0x00,0x32,0x02,0xfd,0x00,0x32,
0x02,0xfd,0x00,0x32,0x02,0xfd,0x00,0x32,0x02,0xe0,0x00,0x56,0x02,0xe0,0x00,0x00,0x00,0xfe,0x00,0x56,
0x02,0xc5,0x00,0x56,0x00,0xfe,0x00,0x2f,0x00,0xfe,0xff,0xc6,0x00,0xfe,0xff,0xde,0x00,0xfe,0x00,0x51,
0x00,0xfe,0xff,0xe3,0x00,0xfe,0xff,0xd2,0x00,0xfe,0xff,0xfa,0x01,0xc7,0x00,0x14,0x02,0xb4,0x00,0x56,
0x02,0xb4,0x00,0x56,0x02,0x4c,0x00,0x56,0x02,0x4c,0x00,0x2e,0x02,0x4c,0x00,0x56,0x02,0x4c,0x00,0x56,
0x02,0x4c,0x00,0x00,0x03,0x8a,0x00,0x56,0x02,0xe0,0x00,0x56,0x02,0xe0,0x00,0x56,0x02,0xe0,0x00,0x56,
0x02,0xe0,0x00,0x56,0x02,0xe0,0x00,0x56,0x02,0xe0,0x00,0x56,0x03,0x12,0x00,0x32,0x03,0x12,0x00,0x32,
0x03,0x12,0x00,0x32,0x03,0x12,0x00,0x32,0x03,0x12,0x00,0x32,0x03,0x12,0x00,0x32,0x03,0x12,0x00,0x32,
0x03,0x12,0x00,0x32,0x03,0x12,0x00,0x32,0x04,0x28,0x00,0x32,0x02,0x90,0x00,0x56,0x02,0x90,0x00,0x56,
0x03,0x13,0x00,0x32,0x02,0x90,0x00,0x56,0x02,0x90,0x00,0x56,0x02,0x90,0x00,0x56,0x02,0x90,0x00,0x56,
0x02,0x60,0x00,0x2a,0x02,0x60,0x00,0x2a,0x02,0x60,0x00,0x2a,0x02,0x60,0x00,0x2a,0x02,0x60,0x00,0x2a,
0x02,0xc9,0x00,0x56,0x02,0x88,0x00,0x24,0x02,0x88,0x00,0x24,0x02,0x88,0x00,0x24,0x02,0xc8,0x00,0x50,
0x02,0xc8,0x00,0x50,0x02,0xc8,0x00,0x50,0x02,0xc8,0x00,0x50,0x02,0xc8,0x00,0x50,0x02,0xc8,0x00,0x50,
0x02,0xc8,0x00,0x50,0x02,0xc8,0x00,0x50,0x02,0xc8,0x00,0x50,0x02,0xc8,0x00,0x50,0x02,0xd8,0x00,0x24,
0x04,0x41,0x00,0x32,0x04,0x41,0x00,0x32,0x04,0x41,0x00,0x32,0x04,0x41,0x00,0x32,0x04,0x41,0x00,0x32,
0x02,0xb0,0x00,0x26,0x02,0xa4,0x00,0x18,0x02,0xa4,0x00,0x18,0x02,0xa4,0x00,0x18,0x02,0xa4,0x00,0x18,
0x02,0xa4,0x00,0x18,0x02,0x6f,0x00,0x3c,0x02,0x6f,0x00,0x3c,0x02,0x6f,0x00,0x3c,0x02,0x6f,0x00,0x3c,
0x02,0xd8,0x00,0x24,0x02,0xe5,0x00,0x32,0x02,0x7e,0x00,0x56,0x02,0x7e,0x00,0x56,0x02,0xfd,0x00,0x32,
0x02,0xfd,0x00,0x32,0x00,0xfe,0xff,0xd4,0x00,0xfe,0x00,0x47,0x02,0xb4,0x00,0x56,0x02,0x4c,0x00,0x56,
0x02,0xe0,0x00,0x56,0x03,0x12,0x00,0x32,0x02,0x90,0x00,0x56,0x02,0x60,0x00,0x2a,0x02,0x88,0x00,0x24,
0x02,0xc8,0x00,0x50,0x02,0xa4,0x00,0x18,0x02,0x6f,0x00,0x3c,0x02,0xb4,0x00,0x56,0x02,0xb4,0x00,0x56,
0x02,0x88,0x00,0x56,0x02,0x88,0x00,0x56,0x02,0x88,0x00,0x56,0x02,0x88,0x00,0x56,0x03,0x76,0x00,0x42,
0x02,0xfd,0x00,0x32,0x02,0xfd,0x00,0x32,0x02,0xfd,0x00,0x32,0x02,0xfd,0x00,0x32,0x02,0x6c,0x00,0x3c,
0x03,0x12,0x00,0x32,0x02,0xb4,0x00,0x56,0x02,0x88,0x00,0x56,0x02,0xfd,0x00,0x32,0x02,0xfd,0x00,0x32,
0x02,0x15,0x00,0x2e,0x02,0x15,0x00,0x2e,0x02,0x15,0x00,0x2e,0x02,0x15,0x00,0x2e,0x02,0x15,0x00,0x2e,
0x02,0x15,0x00,0x2e,0x02,0x15,0x00,0x2e,0x02,0x15,0x00,0x2e,0x02,0x15,0x00,0x2e,0x02,0x15,0x00,0x2e,
0x02,0x15,0x00,0x2e,0x03,0x61,0x00,0x2e,0x02,0x5e,0x00,0x50,0x02,0x15,0x00,0x28,0x02,0x15,0x00,0x28,
0x02,0x15,0x00,0x28,0x02,0x15,0x00,0x28,0x02,0x15,0x00,0x28,0x02,0x5e,0x00,0x2a,0x02,0x50,0x00,0x28,
0x02,0x8b,0x00,0x2a,0x02,0x5e,0x00,0x2a,0x02,0x34,0x00,0x28,0x02,0x34,0x00,0x28,0x02,0x34,0x00,0x28,
0x02,0x34,0x00,0x28,0x02,0x34,0x00,0x28,0x02,0x34,0x00,0x28,0x02,0x34,0x00,0x28,0x02,0x34,0x00,0x28,
0x02,0x34,0x00,0x28,0x01,0x62,0x00,0x11,0x02,0x5e,0x00,0x2a,0x02,0x5e,0x00,0x2a,0x02,0x5e,0x00,0x2a,
0x02,0x5e,0x00,0x2a,0x02,0x57,0x00,0x50,0x02,0x57,0x00,0x00,0x00,0xf0,0x00,0x4a,0x00,0xf0,0x00,0x50,
0x00,0xf0,0x00,0x28,0x00,0xf0,0xff,0xbf,0x00,0xf0,0xff,0xd7,0x00,0xf0,0x00,0x4a,0x00,0xf0,0xff,0xdc,
0x01,0xdd,0x00,0x4a,0x00,0xf0,0xff,0xcb,0x00,0xf0,0x00,0x06,0x00,0xf0,0xff,0xdd,0x00,0xf0,0xff,0xdd,
0x02,0x17,0x00,0x50,0x02,0x17,0x00,0x50,0x00,0xf0,0x00,0x50,0x00,0xf0,0x00,0x28,0x01,0x1d,0x00,0x50,
0x00,0xf0,0x00,0x43,0x01,0x04,0x00,0x00,0x03,0x9a,0x00,0x50,0x02,0x57,0x00,0x50,0x02,0x57,0x00,0x50,
0x02,0x57,0x00,0x50,0x02,0x57,0x00,0x50,0x02,0x57,0x00,0x50,0x02,0x57,0x00,0x50,0x02,0x48,0x00,0x28,
0x02,0x48,0x00,0x28,0x02,0x48,0x00,0x28,0x02,0x48,0x00,0x28,0x02,0x48,0x00,0x28,0x02,0x48,0x00,0x28,
0x02,0x48,0x00,0x28,0x02,0x48,0x00,0x23,0x02,0x48,0x00,0x28,0x03,0xb2,0x00,0x28,0x02,0x5e,0x00,0x50,
0x02,0x5e,0x00,0x50,0x02,0x5e,0x00,0x2a,0x01,0x77,0x00,0x50,0x01,0x77,0x00,0x50,0x01,0x77,0x00,0x1e,
0x01,0x77,0x00,0x43,0x01,0xd9,0x00,0x27,0x01,0xd9,0x00,0x27,0x01,0xd9,0x00,0x27,0x01,0xd9,0x00,0x27,
0x01,0xd9,0x00,0x27,0x02,0x64,0x00,0x50,0x01,0x79,0x00,0x11,0x01,0x79,0x00,0x11,0x01,0x79,0x00,0x11,
0x02,0x4d,0x00,0x4a,0x02,0x4d,0x00,0x4a,0x02,0x4d,0x00,0x4a,0x02,0x4d,0x00,0x4a,0x02,0x4d,0x00,0x4a,
0x02,0x4d,0x00,0x4a,0x02,0x4d,0x00,0x4a,0x02,0x4d,0x00,0x4a,0x02,0x4d,0x00,0x4a,0x02,0x4d,0x00,0x4a,
0x02,0x0b,0x00,0x12,0x02,0xff,0x00,0x1c,0x02,0xff,0x00,0x1c,0x02,0xff,0x00,0x1c,0x02,0xff,0x00,0x1c,
0x02,0xff,0x00,0x1c,0x02,0x27,0x00,0x20,0x02,0x0b,0x00,0x12,0x02,0x0b,0x00,0x12,0x02,0x0b,0x00,0x12,
0x02,0x0b,0x00,0x12,0x02,0x0b,0x00,0x12,0x01,0xf0,0x00,0x36,0x01,0xf0,0x00,0x36,0x01,0xf0,0x00,0x36,
0x01,0xf0,0x00,0x36,0x02,0x15,0x00,0x2e,0x02,0x15,0x00,0x28,0x02,0x34,0x00,0x28,0x02,0x34,0x00,0x28,
0x02,0x5e,0x00,0x2a,0x02,0x5e,0x00,0x2a,0x00,0xf0,0x00,0x40,0x00,0xf0,0xff,0xcd,0x00,0xf0,0x00,0x40,
0x01,0xd9,0x00,0x40,0x00,0xf0,0x00,0x06,0x00,0xf0,0xff,0xdd,0x02,0x17,0x00,0x50,0x00,0xf0,0x00,0x3e,
0x02,0x57,0x00,0x50,0x02,0x48,0x00,0x28,0x01,0x77,0x00,0x3e,0x01,0xd9,0x00,0x27,0x01,0x79,0x00,0x11,
0x02,0x4d,0x00,0x4a,0x02,0xff,0x00,0x1c,0x02,0x0b,0x00,0x12,0x01,0xf0,0x00,0x36,0x02,0x5e,0x00,0x2a,
0x02,0x5e,0x00,0x2a,0x02,0x5e,0x00,0x2a,0x02,0x5e,0x00,0x2a,0x02,0x5e,0x00,0x2a,0x02,0x5e,0x00,0x2a,
0x02,0x5e,0x00,0x2a,0x02,0x5e,0x00,0x2a,0x02,0x5e,0x00,0x2a,0x02,0x5e,0x00,0x2a,0x02,0x5e,0x00,0x2a,
0x02,0x0b,0x00,0x12,0x02,0x0b,0x00,0x12,0x02,0x0b,0x00,0x12,0x02,0x0b,0x00,0x12,0x02,0x0b,0x00,0x12,
0x02,0x17,0x00,0x50,0x02,0x17,0x00,0x50,0x02,0x5e,0x00,0x2a,0x02,0x0b,0x00,0x12,0x02,0x17,0x00,0x50,
0x03,0x9e,0x00,0x11,0x03,0x9e,0x00,0x11,0x02,0x53,0x00,0x11,0x02,0x5c,0x00,0x11,0x08,0x36,0x00,0x1c,
0x03,0x9f,0x00,0x11,0x02,0x66,0x00,0x11,0x01,0x73,0x00,0x2e,0x01,0x9e,0x00,0x32,0x02,0x9a,0x00,0x32,
0x01,0x87,0x00,0x1e,0x02,0x21,0x00,0x22,0x02,0x3e,0x00,0x28,0x02,0x58,0x00,0x22,0x02,0x3e,0x00,0x2b,
0x02,0x57,0x00,0x32,0x02,0x14,0x00,0x18,0x02,0x46,0x00,0x2c,0x02,0x62,0x00,0x2c,0x02,0x21,0x00,0x22,
0x02,0x58,0x00,0x1e,0x02,0x58,0x00,0x72,0x02,0x58,0x00,0x46,0x02,0x58,0x00,0x41,0x02,0x58,0x00,0x2d,
0x02,0x58,0x00,0x45,0x02,0x58,0x00,0x3d,0x02,0x58,0x00,0x44,0x02,0x58,0x00,0x40,0x02,0x58,0x00,0x34,
0x02,0x58,0x00,0x46,0x00,0xc8,0x00,0x00,0x00,0xc8,0x00,0x00,0x03,0x52,0x00,0x3c,0x00,0xff,0x00,0x4c,
0x00,0xff,0x00,0x4d,0x00,0xff,0x00,0x4c,0x00,0xff,0x00,0x4c,0x02,0x8f,0x00,0x4c,0x01,0x11,0x00,0x55,
0x01,0x11,0x00,0x55,0x02,0x37,0x00,0x2c,0x02,0x37,0x00,0x1e,0x00,0x67,0x00,0x00,0x01,0x32,0x00,0x4c,
0x01,0x98,0x00,0x32,0x02,0xcc,0x00,0x2a,0x01,0xbb,0x00,0x3c,0x01,0xbb,0x00,0x3c,0x00,0xff,0x00,0x4c,
0x00,0xff,0x00,0x4c,0x01,0x13,0x00,0x56,0x01,0x11,0x00,0x55,0x02,0x37,0x00,0x2c,0x02,0x37,0x00,0x1e,
0x02,0xce,0x00,0x4c,0x00,0x73,0x00,0x00,0x00,0xff,0x00,0x46,0x00,0xff,0x00,0x46,0x00,0xff,0x00,0x46,
0x01,0x01,0x00,0x46,0x02,0x8f,0x00,0x46,0x01,0x13,0x00,0x50,0x01,0x1d,0x00,0x55,0x02,0x37,0x00,0x2c,
0x02,0x37,0x00,0x1e,0x00,0x73,0x00,0x00,0x01,0x44,0x00,0x4c,0x00,0x67,0x00,0x00,0x03,0x10,0x00,0x4c,
0x00,0x73,0x00,0x00,0x01,0xfa,0x00,0x50,0x02,0x4a,0x00,0x50,0x03,0x76,0x00,0x50,0x01,0xaa,0x00,0x00,
0x01,0xfa,0x00,0x50,0x02,0x4a,0x00,0x50,0x03,0x76,0x00,0x50,0x01,0x96,0x00,0x50,0x01,0x96,0x00,0x32,
0x01,0x96,0x00,0x28,0x01,0x96,0x00,0x3c,0x01,0x96,0x00,0x5a,0x01,0x96,0x00,0x3c,0x01,0x96,0x00,0x50,
0x01,0x96,0x00,0x32,0x01,0x96,0x00,0x28,0x01,0x96,0x00,0x3c,0x01,0x96,0x00,0x5a,0x01,0x96,0x00,0x3c,
0x00,0xf8,0x00,0x47,0x01,0x8e,0x00,0x47,0x01,0x99,0x00,0x4c,0x01,0x99,0x00,0x47,0x00,0xff,0x00,0x4c,
0x00,0xff,0x00,0x47,0x01,0xee,0x00,0x37,0x01,0xee,0x00,0x41,0x01,0x4e,0x00,0x37,0x01,0x4e,0x00,0x41,
0x01,0x80,0x00,0x42,0x00,0xe8,0x00,0x42,0x01,0x0a,0x00,0x47,0x01,0xa5,0x00,0x47,0x01,0xa5,0x00,0x4c,
0x01,0xa4,0x00,0x47,0x01,0x0a,0x00,0x4c,0x00,0xff,0x00,0x42,0x03,0x52,0x00,0x3c,0x03,0x55,0x00,0x32,
0x02,0xf3,0x00,0x30,0x02,0xc7,0x00,0x2a,0x01,0xf2,0x00,0x2a,0x03,0x52,0x00,0x32,0x03,0x52,0x00,0x32,
0x03,0x52,0x00,0x3c,0x01,0x82,0x00,0x32,0x00,0xf2,0x00,0x56,0x02,0xe1,0x00,0x26,0x02,0x15,0x00,0x28,
0x02,0x60,0x00,0x2a,0x02,0xbd,0x00,0x00,0x02,0x4c,0x00,0x16,0x02,0x68,0x00,0x18,0x02,0x15,0x00,0x28,
0x02,0x60,0x00,0x2a,0x02,0x13,0x00,0x3c,0x02,0x13,0x00,0x3c,0x02,0x13,0x00,0x43,0x02,0x13,0x00,0x3c,
0x02,0x13,0x00,0x3c,0x02,0x13,0x00,0x3c,0x02,0x13,0x00,0x3c,0x02,0x13,0x00,0x16,0x02,0x13,0x00,0x4b,
0x03,0x12,0x00,0x23,0x03,0x4a,0x00,0x1e,0x02,0x58,0x00,0x4d,0x02,0x58,0x00,0x4d,0x02,0x58,0x00,0x50,
0x02,0x58,0x00,0x4d,0x02,0x58,0x00,0x4d,0x02,0x58,0x00,0x54,0x02,0x58,0x00,0x3c,0x02,0x58,0x00,0x18,
0x02,0x58,0x00,0x1e,0x03,0x0c,0x00,0x3c,0x02,0x97,0x00,0x3c,0x03,0x52,0x00,0x3c,0x02,0x98,0x00,0x3c,
0x03,0x0c,0x00,0x3c,0x02,0x97,0x00,0x3c,0x03,0x52,0x00,0x3c,0x02,0x98,0x00,0x3c,0x03,0xfc,0x00,0x3c,
0x03,0x0c,0x00,0x3c,0x00,0x00,0x00,0x3c,0x00,0x00,0x00,0x3c,0x00,0x00,0x00,0x3c,0x00,0x00,0x00,0x3c,
0x00,0x00,0x00,0x3c,0x00,0x00,0x00,0x3c,0x00,0x00,0x00,0x3c,0x00,0x00,0x00,0x3c,0x00,0x00,0x00,0x3c,
0x00,0x00,0x00,0x3c,0x00,0x00,0x00,0x3c,0x00,0x00,0x00,0x3c,0x00,0x00,0x00,0x41,0x00,0x00,0x00,0x41,
0x00,0x00,0x00,0x3c,0x00,0x00,0x00,0x3c,0x00,0x00,0x00,0x3c,0x00,0x00,0x00,0x3c,0x00,0x00,0x00,0x3c,
0x00,0x00,0x00,0x3c,0x01,0xb9,0x00,0x3c,0x00,0xd4,0x00,0x3c,0x01,0x62,0x00,0x3c,0x01,0x62,0x00,0x3c,
0x01,0x9e,0x00,0x3c,0x01,0xb1,0x00,0x3c,0x01,0xb1,0x00,0x3c,0x01,0x98,0x00,0x3c,0x01,0x4f,0x00,0x3c,
0x01,0xc4,0x00,0x3c,0x01,0x9b,0x00,0x3c,0x01,0x2d,0x00,0x3c,0x01,0x0d,0x00,0x3c,0x01,0xcd,0x00,0x3c,
0x00,0xe7,0x00,0x3c,0x00,0x01,0x00,0x00,0x00,0x0a,0x01,0xec,0x03,0x64,0x00,0x02,0x44,0x46,0x4c,0x54,
0x01,0xb2,0x6c,0x61,0x74,0x6e,0x00,0x0e,0x01,0xa8,0x00,0x08,0x41,0x5a,0x45,0x20,0x01,0x76,0x43,0x41,
0x54,0x20,0x01,0x48,0x43,0x52,0x54,0x20,0x01,0x1a,0x4b,0x41,0x5a,0x20,0x00,0xec,0x4d,0x4f,0x4c,0x20,
0x00,0xbe,0x52,0x4f,0x4d,0x20,0x00,0x90,0x54,0x41,0x54,0x20,0x00,0x62,0x54,0x52,0x4b,0x20,0x00,0x34,
0x00,0x00,0xff,0xff,0x00,0x14,0x00,0x00,0x00,0x01,0x00,0x02,0x00,0x03,0x00,0x0b,0x00,0x0c,0x00,0x0d,
0x00,0x0e,0x00,0x0f,0x00,0x10,0x00,0x11,0x00,0x12,0x00,0x13,0x00,0x14,0x00,0x15,0x00,0x16,0x00,0x17,
0x00,0x18,0x00,0x19,0x00,0x1a,0x00,0x00,0xff,0xff,0x00,0x14,0x00,0x00,0x00,0x01,0x00,0x02,0x00,0x03,
0x00,0x0a,0x00,0x0c,0x00,0x0d,0x00,0x0e,0x00,0x0f,0x00,0x10,0x00,0x11,0x00,0x12,0x00,0x13,0x00,0x14,
0x00,0x15,0x00,0x16,0x00,0x17,0x00,0x18,0x00,0x19,0x00,0x1a,0x00,0x00,0xff,0xff,0x00,0x14,0x00,0x00,
0x00,0x01,0x00,0x02,0x00,0x03,0x00,0x09,0x00,0x0c,0x00,0x0d,0x00,0x0e,0x00,0x0f,0x00,0x10,0x00,0x11,
0x00,0x12,0x00,0x13,0x00,0x14,0x00,0x15,0x00,0x16,0x00,0x17,0x00,0x18,0x00,0x19,0x00,0x1a,0x00,0x00,
0xff,0xff,0x00,0x14,0x00,0x00,0x00,0x01,0x00,0x02,0x00,0x03,0x00,0x08,0x00,0x0c,0x00,0x0d,0x00,0x0e,
0x00,0x0f,0x00,0x10,0x00,0x11,0x00,0x12,0x00,0x13,0x00,0x14,0x00,0x15,0x00,0x16,0x00,0x17,0x00,0x18,
0x00,0x19,0x00,0x1a,0x00,0x00,0xff,0xff,0x00,0x14,0x00,0x00,0x00,0x01,0x00,0x02,0x00,0x03,0x00,0x07,
0x00,0x0c,0x00,0x0d,0x00,0x0e,0x00,0x0f,0x00,0x10,0x00,0x11,0x00,0x12,0x00,0x13,0x00,0x14,0x00,0x15,
0x00,0x16,0x00,0x17,0x00,0x18,0x00,0x19,0x00,0x1a,0x00,0x00,0xff,0xff,0x00,0x14,0x00,0x00,0x00,0x01,
0x00,0x02,0x00,0x03,0x00,0x06,0x00,0x0c,0x00,0x0d,0x00,0x0e,0x00,0x0f,0x00,0x10,0x00,0x11,0x00,0x12,
0x00,0x13,0x00,0x14,0x00,0x15,0x00,0x16,0x00,0x17,0x00,0x18,0x00,0x19,0x00,0x1a,0x00,0x00,0xff,0xff,
0x00,0x14,0x00,0x00,0x00,0x01,0x00,0x02,0x00,0x03,0x00,0x05,0x00,0x0c,0x00,0x0d,0x00,0x0e,0x00,0x0f,
0x00,0x10,0x00,0x11,0x00,0x12,0x00,0x13,0x00,0x14,0x00,0x15,0x00,0x16,0x00,0x17,0x00,0x18,0x00,0x19,
0x00,0x1a,0x00,0x00,0xff,0xff,0x00,0x14,0x00,0x00,0x00,0x01,0x00,0x02,0x00,0x03,0x00,0x04,0x00,0x0c,
0x00,0x0d,0x00,0x0e,0x00,0x0f,0x00,0x10,0x00,0x11,0x00,0x12,0x00,0x13,0x00,0x14,0x00,0x15,0x00,0x16,
0x00,0x17,0x00,0x18,0x00,0x19,0x00,0x1a,0x00,0x04,0x00,0x00,0x00,0x00,0xff,0xff,0x00,0x13,0x00,0x00,
0x00,0x01,0x00,0x02,0x00,0x03,0x00,0x0c,0x00,0x0d,0x00,0x0e,0x00,0x0f,0x00,0x10,0x00,0x11,0x00,0x12,
0x00,0x13,0x00,0x14,0x00,0x15,0x00,0x16,0x00,0x17,0x00,0x18,0x00,0x19,0x00,0x1a,0x00,0x1b,0x61,0x61,
0x6c,0x74,0x01,0x70,0x63,0x61,0x73,0x65,0x01,0x6a,0x63,0x63,0x6d,0x70,0x01,0x64,0x6c,0x69,0x67,0x61,
0x01,0x5e,0x6c,0x6f,0x63,0x6c,0x01,0x58,0x6c,0x6f,0x63,0x6c,0x01,0x52,0x6c,0x6f,0x63,0x6c,0x01,0x4c,
0x6c,0x6f,0x63,0x6c,0x01,0x46,0x6c,0x6f,0x63,0x6c,0x01,0x40,0x6c,0x6f,0x63,0x6c,0x01,0x3a,0x6c,0x6f,
0x63,0x6c,0x01,0x34,0x6c,0x6f,0x63,0x6c,0x01,0x2e,0x6f,0x72,0x64,0x6e,0x01,0x28,0x70,0x6e,0x75,0x6d,
0x01,0x22,0x73,0x73,0x30,0x31,0x01,0x18,0x73,0x73,0x30,0x32,0x01,0x0e,0x73,0x73,0x30,0x33,0x01,0x04,
0x73,0x73,0x30,0x34,0x00,0xfa,0x73,0x73,0x30,0x35,0x00,0xf0,0x73,0x73,0x30,0x36,0x00,0xe6,0x73,0x73,
0x30,0x37,0x00,0xdc,0x73,0x73,0x30,0x38,0x00,0xd2,0x73,0x73,0x30,0x39,0x00,0xc8,0x73,0x73,0x31,0x30,
0x00,0xbe,0x73,0x73,0x31,0x31,0x00,0xb4,0x73,0x73,0x31,0x32,0x00,0xaa,0x74,0x6e,0x75,0x6d,0x00,0xa4,
0x00,0x00,0x00,0x01,0x00,0x13,0x00,0x06,0x00,0x01,0x00,0x21,0x00,0x00,0x01,0x0b,0x00,0x06,0x00,0x01,
0x00,0x20,0x00,0x00,0x01,0x0a,0x00,0x06,0x00,0x01,0x00,0x1f,0x00,0x00,0x01,0x09,0x00,0x06,0x00,0x01,
0x00,0x1e,0x00,0x00,0x01,0x08,0x00,0x06,0x00,0x01,0x00,0x1d,0x00,0x00,0x01,0x07,0x00,0x06,0x00,0x01,
0x00,0x1c,0x00,0x00,0x01,0x06,0x00,0x06,0x00,0x01,0x00,0x1b,0x00,0x00,0x01,0x05,0x00,0x06,0x00,0x01,
0x00,0x1a,0x00,0x00,0x01,0x04,0x00,0x06,0x00,0x01,0x00,0x19,0x00,0x00,0x01,0x03,0x00,0x06,0x00,0x01,
0x00,0x18,0x00,0x00,0x01,0x02,0x00,0x06,0x00,0x01,0x00,0x17,0x00,0x00,0x01,0x01,0x00,0x06,0x00,0x01,
0x00,0x16,0x00,0x00,0x01,0x00,0x00,0x00,0x00,0x01,0x00,0x12,0x00,0x00,0x00,0x01,0x00,0x10,0x00,0x00,
0x00,0x01,0x00,0x0a,0x00,0x00,0x00,0x01,0x00,0x09,0x00,0x00,0x00,0x01,0x00,0x0b,0x00,0x00,0x00,0x01,
0x00,0x0c,0x00,0x00,0x00,0x01,0x00,0x08,0x00,0x00,0x00,0x01,0x00,0x07,0x00,0x00,0x00,0x01,0x00,0x0d,
0x00,0x00,0x00,0x01,0x00,0x06,0x00,0x00,0x00,0x01,0x00,0x15,0x00,0x00,0x00,0x01,0x00,0x02,0x00,0x00,
0x00,0x01,0x00,0x14,0x00,0x00,0x00,0x02,0x00,0x00,0x00,0x01,0x00,0x22,0x06,0x84,0x05,0xb2,0x05,0x28,
0x05,0x12,0x05,0x12,0x04,0xf6,0x04,0xe2,0x04,0xe2,0x04,0xe2,0x04,0xe2,0x04,0xe2,0x04,0xcc,0x04,0xcc,
0x04,0x90,0x04,0x82,0x04,0x74,0x04,0x2c,0x04,0x0a,0x03,0xc6,0x03,0x7c,0x03,0x26,0x02,0xbe,0x01,0x9c,
0x01,0x66,0x01,0x3c,0x01,0x12,0x00,0xec,0x00,0xd8,0x00,0xae,0x00,0x9a,0x00,0x86,0x00,0x70,0x00,0x5c,
0x00,0x46,0x00,0x01,0x00,0x00,0x00,0x01,0x00,0x08,0x00,0x01,0x00,0x06,0x00,0x05,0x00,0x01,0x00,0x02,
0x01,0xad,0x01,0xae,0x00,0x01,0x00,0x00,0x00,0x01,0x00,0x08,0x00,0x01,0x00,0x06,0x00,0x08,0x00,0x01,
0x00,0x01,0x01,0xa4,0x00,0x01,0x00,0x00,0x00,0x01,0x00,0x08,0x00,0x01,0x00,0x06,0x00,0x08,0x00,0x01,
0x00,0x02,0x01,0x41,0x01,0x4c,0x00,0x01,0x00,0x00,0x00,0x01,0x00,0x08,0x00,0x01,0x00,0x06,0x00,0x46,
0x00,0x01,0x00,0x01,0x00,0x4b,0x00,0x01,0x00,0x00,0x00,0x01,0x00,0x08,0x00,0x01,0x00,0x06,0x00,0x60,
0x00,0x01,0x00,0x01,0x00,0x30,0x00,0x01,0x00,0x00,0x00,0x01,0x00,0x08,0x00,0x02,0x00,0x12,0x00,0x06,
0x00,0x8c,0x00,0x8d,0x00,0x8e,0x00,0x8f,0x00,0x94,0x00,0x95,0x00,0x01,0x00,0x06,0x00,0x21,0x00,0x22,
0x00,0x23,0x00,0x24,0x00,0x77,0x00,0x78,0x00,0x01,0x00,0x00,0x00,0x01,0x00,0x08,0x00,0x01,0x00,0x06,
0x00,0x53,0x00,0x01,0x00,0x01,0x00,0x38,0x00,0x01,0x00,0x00,0x00,0x01,0x00,0x08,0x00,0x02,0x00,0x10,
0x00,0x05,0x00,0x87,0x00,0x88,0x00,0x89,0x00,0x8a,0x00,0x93,0x00,0x01,0x00,0x05,0x00,0x4c,0x00,0x4d,
0x00,0x4e,0x00,0x4f,0x00,0x7f,0x00,0x01,0x00,0x00,0x00,0x01,0x00,0x08,0x00,0x02,0x00,0x12,0x00,0x06,
0x00,0x85,0x00,0x86,0x00,0x92,0x01,0x31,0x01,0x32,0x01,0x35,0x00,0x01,0x00,0x06,0x00,0x31,0x00,0x32,
0x00,0x7b,0x00,0xc8,0x00,0xc9,0x01,0x16,0x00,0x01,0x00,0x00,0x00,0x01,0x00,0x08,0x00,0x02,0x00,0x12,
0x00,0x06,0x01,0x2c,0x01,0x2d,0x01,0x2e,0x01,0x2f,0x01,0x30,0x01,0x34,0x00,0x01,0x00,0x06,0x01,0x01,
0x01,0x02,0x01,0x03,0x01,0x04,0x01,0x05,0x01,0x1f,0x00,0x01,0x00,0x00,0x00,0x01,0x00,0x08,0x00,0x02,
0x00,0x1e,0x00,0x0c,0x01,0x21,0x01,0x22,0x01,0x23,0x01,0x24,0x01,0x25,0x01,0x26,0x01,0x27,0x01,0x28,
0x01,0x29,0x01,0x2a,0x01,0x2b,0x01,0x33,0x00,0x02,0x00,0x02,0x00,0x96,0x00,0xa0,0x00,0x00,0x01,0x0a,
0x01,0x0a,0x00,0x0b,0x00,0x01,0x00,0x00,0x00,0x01,0x00,0x08,0x00,0x02,0x00,0x8e,0x00,0x44,0x00,0x73,
0x00,0x74,0x00,0x75,0x00,0x76,0x00,0x77,0x00,0x78,0x00,0x79,0x00,0x7a,0x00,0x7b,0x00,0x7c,0x00,0x7d,
0x00,0x7e,0x00,0x7f,0x00,0x80,0x00,0x81,0x00,0x82,0x00,0x83,0x00,0x84,0x01,0x0a,0x01,0x0b,0x01,0x0c,
0x01,0x0d,0x01,0x0e,0x01,0x0f,0x01,0x10,0x01,0x11,0x01,0x12,0x01,0x13,0x01,0x14,0x01,0x15,0x01,0x16,
0x01,0x17,0x01,0x18,0x01,0x19,0x01,0x1a,0x01,0x1b,0x01,0x1c,0x01,0x1d,0x01,0x1e,0x01,0x1f,0x01,0x20,
0x01,0x3b,0x01,0x3c,0x01,0x6f,0x01,0x70,0x01,0x71,0x01,0x72,0x01,0x73,0x01,0x74,0x01,0x75,0x01,0x76,
0x01,0x77,0x01,0x78,0x01,0x79,0x01,0x7b,0x01,0x7c,0x01,0x9c,0x01,0x9d,0x01,0x9e,0x01,0x9f,0x01,0xa0,
0x01,0xa1,0x01,0xe2,0x01,0xe3,0x01,0xe4,0x01,0xe5,0x01,0xf3,0x01,0xf4,0x00,0x01,0x00,0x44,0x00,0x06,
0x00,0x12,0x00,0x1b,0x00,0x1c,0x00,0x23,0x00,0x24,0x00,0x2b,0x00,0x2c,0x00,0x32,0x00,0x36,0x00,0x3c,
0x00,0x42,0x00,0x4f,0x00,0x54,0x00,0x58,0x00,0x5d,0x00,0x6d,0x00,0x72,0x00,0x9b,0x00,0xa7,0x00,0xb0,
0x00,0xb1,0x00,0xb8,0x00,0xb9,0x00,0xbc,0x00,0xc0,0x00,0xc1,0x00,0xc3,0x00,0xc5,0x00,0xc6,0x00,0xc9,
0x00,0xcd,0x00,0xd3,0x00,0xd9,0x00,0xe6,0x00,0xeb,0x00,0xef,0x00,0xf4,0x00,0xfe,0x01,0x04,0x01,0x09,
0x01,0x36,0x01,0x38,0x01,0x58,0x01,0x59,0x01,0x5a,0x01,0x5b,0x01,0x5c,0x01,0x5d,0x01,0x5e,0x01,0x5f,
0x01,0x60,0x01,0x61,0x01,0x62,0x01,0x6d,0x01,0x7a,0x01,0x90,0x01,0x91,0x01,0x92,0x01,0x93,0x01,0x94,
0x01,0x95,0x01,0xd2,0x01,0xd3,0x01,0xde,0x01,0xdf,0x01,0xe6,0x01,0xe7,0x00,0x04,0x00,0x08,0x00,0x01,
0x00,0x08,0x00,0x01,0x00,0x54,0x00,0x04,0x00,0x2e,0x00,0x22,0x00,0x18,0x00,0x0e,0x00,0x01,0x00,0x04,
0x01,0xa2,0x00,0x02,0x01,0x7d,0x00,0x01,0x00,0x04,0x01,0x57,0x00,0x02,0x01,0xb9,0x00,0x01,0x00,0x04,
0x01,0x3a,0x00,0x03,0x00,0xfb,0x00,0xfb,0x00,0x04,0x00,0x1e,0x00,0x16,0x00,0x10,0x00,0x0a,0x01,0x39,
0x00,0x02,0x00,0xca,0x01,0x38,0x00,0x02,0x00,0xbc,0x01,0x37,0x00,0x03,0x00,0xb5,0x00,0xca,0x01,0x36,
0x00,0x03,0x00,0xb5,0x00,0xbc,0x00,0x01,0x00,0x04,0x00,0xb5,0x00,0xfb,0x01,0x7d,0x01,0xba,0x00,0x01,
0x00,0x00,0x00,0x01,0x00,0x08,0x00,0x02,0x00,0x28,0x00,0x11,0x01,0x67,0x01,0x68,0x01,0x69,0x01,0x6a,
0x01,0x6b,0x01,0x6c,0x01,0x6d,0x01,0x7a,0x01,0x81,0x01,0x82,0x01,0x83,0x01,0x8a,0x01,0x8b,0x01,0x8c,
0x01,0x8d,0x01,0x8e,0x01,0x8f,0x00,0x01,0x00,0x11,0x01,0x5a,0x01,0x5b,0x01,0x5d,0x01,0x5e,0x01,0x5f,
0x01,0x60,0x01,0x62,0x01,0x6e,0x01,0x7d,0x01,0x7e,0x01,0x7f,0x01,0x84,0x01,0x85,0x01,0x86,0x01,0x87,
0x01,0x88,0x01,0x89,0x00,0x01,0x00,0x00,0x00,0x01,0x00,0x08,0x00,0x02,0x00,0x2c,0x00,0x13,0x01,0x4a,
0x01,0x4b,0x01,0x4c,0x01,0x4d,0x01,0x4e,0x01,0x4f,0x01,0x50,0x01,0x51,0x01,0x52,0x01,0x53,0x01,0xbf,
0x01,0xc0,0x01,0xc1,0x01,0xc2,0x01,0xc3,0x01,0xc4,0x01,0xc5,0x01,0xc6,0x01,0xc7,0x00,0x02,0x00,0x03,
0x01,0x3f,0x01,0x48,0x00,0x00,0x01,0xb4,0x01,0xba,0x00,0x0a,0x01,0xbd,0x01,0xbe,0x00,0x11,0x00,0x01,
0x00,0x00,0x00,0x01,0x00,0x08,0x00,0x02,0x00,0x2c,0x00,0x13,0x01,0x3f,0x01,0x40,0x01,0x41,0x01,0x42,
0x01,0x43,0x01,0x44,0x01,0x45,0x01,0x46,0x01,0x47,0x01,0x48,0x01,0xb4,0x01,0xb5,0x01,0xb6,0x01,0xb7,
0x01,0xb8,0x01,0xb9,0x01,0xba,0x01,0xbd,0x01,0xbe,0x00,0x02,0x00,0x02,0x01,0x4a,0x01,0x53,0x00,0x00,
0x01,0xbf,0x01,0xc7,0x00,0x0a,0x00,0x01,0x00,0x00,0x00,0x01,0x00,0x08,0x00,0x02,0x00,0x0e,0x00,0x04,
0x01,0x3d,0x01,0x3e,0x01,0x3d,0x01,0x3e,0x00,0x01,0x00,0x04,0x00,0x01,0x00,0x3f,0x00,0x96,0x00,0xd6,
0x00,0x06,0x00,0x00,0x00,0x02,0x00,0x24,0x00,0x0a,0x00,0x03,0x00,0x01,0x00,0x34,0x00,0x01,0x00,0x12,
0x00,0x00,0x00,0x01,0x00,0x00,0x00,0x11,0x00,0x01,0x00,0x02,0x00,0x3f,0x00,0xd6,0x00,0x03,0x00,0x01,
0x00,0x1a,0x00,0x01,0x00,0x12,0x00,0x00,0x00,0x01,0x00,0x00,0x00,0x11,0x00,0x01,0x00,0x02,0x00,0x01,
0x00,0x96,0x00,0x02,0x00,0x01,0x01,0x3f,0x01,0x48,0x00,0x00,0x00,0x01,0x00,0x00,0x00,0x01,0x00,0x08,
0x00,0x01,0x00,0x24,0x00,0x19,0x00,0x01,0x00,0x00,0x00,0x01,0x00,0x08,0x00,0x01,0x00,0x16,0x00,0x0d,
0x00,0x06,0x00,0x00,0x00,0x01,0x00,0x08,0x00,0x01,0x00,0x08,0x00,0x01,0x00,0x0e,0x00,0x01,0x00,0x01,
0x01,0x61,0x00,0x02,0x00,0x16,0x00,0x06,0x00,0x01,0x00,0x33,0x00,0x01,0x00,0x01,0x00,0x33,0x00,0x01,
0x00,0x00,0x00,0x0f,0x00,0x01,0x00,0xca,0x00,0x01,0x00,0x01,0x00,0xca,0x00,0x01,0x00,0x00,0x00,0x0e,
0x00,0x01,0x00,0x00,0x00,0x01,0x00,0x08,0x00,0x01,0x00,0x06,0x00,0x01,0x00,0x01,0x00,0x02,0x00,0x53,
0x00,0xea,0x00,0x01,0x00,0x00,0x00,0x01,0x00,0x08,0x00,0x01,0x00,0x06,0x00,0x05,0x00,0x01,0x00,0x01,
0x00,0xbc,0x00,0x02,0x00,0x00,0x00,0x01,0x00,0x08,0x00,0x01,0x00,0x08,0x00,0x01,0x00,0x0e,0x00,0x01,
0x00,0x01,0x00,0xc5,0x00,0x02,0x00,0xbd,0x01,0xe1,0x00,0x01,0x00,0x00,0x00,0x01,0x00,0x08,0x00,0x01,
0x00,0x06,0x00,0x01,0x00,0x01,0x00,0x02,0x00,0xbc,0x00,0xc6,0x00,0x06,0x00,0x00,0x00,0x01,0x00,0x08,
0x00,0x02,0x00,0x78,0x00,0x74,0x00,0x5e,0x00,0x48,0x00,0x03,0x00,0x00,0x00,0x24,0x00,0x12,0x00,0x01,
0x00,0x04,0x00,0x00,0x00,0x01,0x00,0x01,0x00,0x01,0x00,0x01,0x00,0x00,0x00,0x05,0x00,0x02,0x00,0x16,
0x00,0x06,0x00,0x00,0x00,0x01,0x00,0x02,0x00,0x02,0x00,0x01,0x00,0x01,0x00,0x00,0x00,0x04,0x00,0x00,
0x00,0x01,0x00,0x01,0x00,0x01,0x00,0x01,0x00,0x00,0x00,0x03,0x00,0x02,0x00,0x03,0x01,0xd2,0x01,0xd6,
0x00,0x01,0x01,0xd8,0x01,0xde,0x00,0x01,0x01,0xe0,0x01,0xe1,0x00,0x02,0x00,0x02,0x00,0x03,0x00,0xbc,
0x00,0xbc,0x00,0x01,0x00,0xc5,0x00,0xc5,0x00,0x02,0x00,0xc6,0x00,0xc6,0x00,0x01,0x00,0x02,0x00,0x00,
0x00,0x01,0x00,0x03,0x00,0xbc,0x00,0xc5,0x00,0xc6,0x00,0x03,0x00,0x00,0x00,0x01,0x00,0x08,0x00,0x01,
0x00,0x2c,0x00,0x13,0x00,0xc4,0x00,0xbe,0x00,0xb8,0x00,0xb2,0x00,0xac,0x00,0xa6,0x00,0xa0,0x00,0x9a,
0x00,0x94,0x00,0x8e,0x00,0x88,0x00,0x82,0x00,0x7c,0x00,0x76,0x00,0x70,0x00,0x6a,0x00,0x64,0x00,0x5c,
0x00,0x56,0x00,0x01,0x00,0x13,0x00,0x23,0x00,0x24,0x00,0x32,0x00,0x4f,0x00,0x96,0x00,0x9b,0x00,0xbc,
0x00,0xc9,0x01,0x04,0x01,0x41,0x01,0x4c,0x01,0x5a,0x01,0x5b,0x01,0x5d,0x01,0x5e,0x01,0x5f,0x01,0x60,
0x01,0x61,0x01,0x62,0x00,0x02,0x01,0x6d,0x01,0x79,0x00,0x03,0x01,0x6e,0x01,0x78,0x01,0x7a,0x00,0x02,
0x01,0x6c,0x01,0x77,0x00,0x02,0x01,0x6b,0x01,0x76,0x00,0x02,0x01,0x6a,0x01,0x75,0x00,0x02,0x01,0x69,
0x01,0x74,0x00,0x02,0x01,0x68,0x01,0x72,0x00,0x02,0x01,0x67,0x01,0x71,0x00,0x02,0x01,0x41,0x01,0x54,
0x00,0x02,0x01,0x49,0x01,0x4c,0x00,0x02,0x01,0x1f,0x01,0x2f,0x00,0x02,0x01,0x16,0x01,0x32,0x00,0x02,
0x00,0xc1,0x01,0x10,0x00,0x02,0x01,0x0a,0x01,0x26,0x00,0x02,0x01,0x21,0x01,0x3d,0x00,0x02,0x00,0x7f,
0x00,0x8a,0x00,0x02,0x00,0x7b,0x00,0x86,0x00,0x02,0x00,0x78,0x00,0x8f,0x00,0x02,0x00,0x77,0x00,0x8e,
0x00,0x01,0x00,0x00,0x00,0x01,0x00,0x08,0x00,0x02,0x01,0x16,0x00,0x88,0x01,0x3d,0x00,0x73,0x00,0x74,
0x00,0x75,0x00,0x76,0x00,0x8c,0x00,0x8d,0x00,0x79,0x00,0x7a,0x00,0x90,0x00,0x85,0x00,0x7c,0x00,0x8b,
0x00,0x7d,0x01,0x3e,0x00,0x7e,0x00,0x91,0x00,0x87,0x00,0x88,0x00,0x89,0x00,0x54,0x00,0x80,0x00,0x81,
0x00,0x82,0x00,0x83,0x00,0x84,0x00,0x94,0x00,0x95,0x00,0x92,0x00,0x93,0x01,0x22,0x01,0x23,0x01,0x24,
0x01,0x25,0x01,0x27,0x01,0x28,0x01,0x29,0x01,0x2a,0x01,0x2b,0x01,0x0b,0x01,0x0c,0x01,0x0d,0x01,0x0e,
0x01,0x0f,0x01,0x11,0x01,0x12,0x01,0x13,0x01,0x14,0x01,0x15,0x01,0x31,0x01,0x17,0x01,0x18,0x01,0x3e,
0x01,0x19,0x01,0x1a,0x00,0xeb,0x01,0x1b,0x01,0x1c,0x01,0x1d,0x01,0x1e,0x01,0x2c,0x01,0x2d,0x01,0x2e,
0x01,0x30,0x01,0x20,0x01,0x33,0x01,0x35,0x01,0x34,0x01,0x3b,0x01,0x3c,0x01,0x4a,0x01,0x4b,0x01,0x4d,
0x01,0x4e,0x01,0x4f,0x01,0x50,0x01,0x51,0x01,0x52,0x01,0x53,0x01,0x3f,0x01,0x40,0x01,0x42,0x01,0x43,
0x01,0x44,0x01,0x45,0x01,0x46,0x01,0x47,0x01,0x48,0x01,0x6f,0x01,0x70,0x01,0x73,0x01,0x7b,0x01,0x7a,
0x01,0x7c,0x01,0x81,0x01,0x82,0x01,0x83,0x01,0x8a,0x01,0x8b,0x01,0x8c,0x01,0x8d,0x01,0x8e,0x01,0x8f,
0x01,0x9c,0x01,0x9d,0x01,0x9e,0x01,0x9f,0x01,0xa0,0x01,0xa1,0x01,0xac,0x01,0xb2,0x01,0xb3,0x01,0xbf,
0x01,0xc0,0x01,0xc1,0x01,0xc2,0x01,0xc3,0x01,0xc4,0x01,0xc5,0x01,0xc6,0x01,0xc7,0x01,0xb4,0x01,0xb5,
0x01,0xb6,0x01,0xb7,0x01,0xb8,0x01,0xb9,0x01,0xba,0x01,0xbd,0x01,0xbe,0x01,0xe2,0x01,0xe3,0x01,0xe4,
0x01,0xe5,0x01,0xf3,0x01,0xf4,0x00,0x01,0x00,0x88,0x00,0x01,0x00,0x06,0x00,0x12,0x00,0x1b,0x00,0x1c,
0x00,0x21,0x00,0x22,0x00,0x2b,0x00,0x2c,0x00,0x30,0x00,0x31,0x00,0x36,0x00,0x38,0x00,0x3c,0x00,0x3f,
0x00,0x42,0x00,0x4b,0x00,0x4c,0x00,0x4d,0x00,0x4e,0x00,0x53,0x00,0x54,0x00,0x58,0x00,0x5d,0x00,0x6d,
0x00,0x72,0x00,0x77,0x00,0x78,0x00,0x7b,0x00,0x7f,0x00,0x97,0x00,0x98,0x00,0x99,0x00,0x9a,0x00,0x9c,
0x00,0x9d,0x00,0x9e,0x00,0x9f,0x00,0xa0,0x00,0xa7,0x00,0xb0,0x00,0xb1,0x00,0xb8,0x00,0xb9,0x00,0xc0,
0x00,0xc1,0x00,0xc3,0x00,0xc5,0x00,0xc6,0x00,0xc8,0x00,0xcd,0x00,0xd3,0x00,0xd6,0x00,0xd9,0x00,0xe6,
0x00,0xea,0x00,0xeb,0x00,0xef,0x00,0xf4,0x00,0xfe,0x01,0x01,0x01,0x02,0x01,0x03,0x01,0x05,0x01,0x09,
0x01,0x0a,0x01,0x16,0x01,0x1f,0x01,0x36,0x01,0x38,0x01,0x3f,0x01,0x40,0x01,0x42,0x01,0x43,0x01,0x44,
0x01,0x45,0x01,0x46,0x01,0x47,0x01,0x48,0x01,0x4a,0x01,0x4b,0x01,0x4d,0x01,0x4e,0x01,0x4f,0x01,0x50,
0x01,0x51,0x01,0x52,0x01,0x53,0x01,0x58,0x01,0x59,0x01,0x5c,0x01,0x6d,0x01,0x6e,0x01,0x7a,0x01,0x7d,
0x01,0x7e,0x01,0x7f,0x01,0x84,0x01,0x85,0x01,0x86,0x01,0x87,0x01,0x88,0x01,0x89,0x01,0x90,0x01,0x91,
0x01,0x92,0x01,0x93,0x01,0x94,0x01,0x95,0x01,0xa4,0x01,0xad,0x01,0xae,0x01,0xb4,0x01,0xb5,0x01,0xb6,
0x01,0xb7,0x01,0xb8,0x01,0xb9,0x01,0xba,0x01,0xbd,0x01,0xbe,0x01,0xbf,0x01,0xc0,0x01,0xc1,0x01,0xc2,
0x01,0xc3,0x01,0xc4,0x01,0xc5,0x01,0xc6,0x01,0xc7,0x01,0xd2,0x01,0xd3,0x01,0xde,0x01,0xdf,0x01,0xe6,
0x01,0xe7,0x00,0x00,0x00,0x02,0x00,0x00,0x00,0x00,0x00,0x00,0xff,0x4c,0x00,0x26,0x00,0x00,0x00,0x00,
0x00,0x00,0x00,0x00,0x00,0x00,0x00,0x00,0x00,0x00,0x00,0x00,0x00,0x00,0x00,0x00,0x01,0xf5,0x00,0x00,
0x00,0x24,0x00,0xc9,0x01,0x02,0x01,0x03,0x00,0xc7,0x00,0x62,0x00,0xad,0x01,0x04,0x01,0x05,0x00,0x63,
0x00,0xae,0x00,0x90,0x00,0x25,0x00,0x26,0x00,0xfd,0x00,0xff,0x00,0x64,0x01,0x06,0x00,0x27,0x00,0xe9,
0x01,0x07,0x01,0x08,0x00,0x28,0x00,0x65,0x01,0x09,0x00,0xc8,0x00,0xca,0x01,0x0a,0x00,0xcb,0x01,0x0b,
0x01,0x0c,0x00,0x29,0x00,0x2a,0x00,0xf8,0x01,0x0d,0x01,0x0e,0x00,0x2b,0x01,0x0f,0x00,0x2c,0x01,0x10,
0x00,0xcc,0x00,0xcd,0x00,0xce,0x00,0xfa,0x00,0xcf,0x01,0x11,0x01,0x12,0x00,0x2d,0x00,0x2e,0x01,0x13,
0x00,0x2f,0x01,0x14,0x01,0x15,0x01,0x16,0x00,0xe2,0x00,0x30,0x00,0x31,0x01,0x17,0x01,0x18,0x01,0x19,
0x00,0x66,0x01,0x1a,0x00,0x32,0x00,0xd0,0x00,0xd1,0x00,0x67,0x00,0xd3,0x01,0x1b,0x01,0x1c,0x00,0x91,
0x00,0xaf,0x00,0xb0,0x00,0x33,0x00,0xed,0x00,0x34,0x00,0x35,0x01,0x1d,0x01,0x1e,0x01,0x1f,0x00,0x36,
0x01,0x20,0x00,0xe4,0x00,0xfb,0x01,0x21,0x01,0x22,0x00,0x37,0x01,0x23,0x01,0x24,0x00,0x38,0x00,0xd4,
0x01,0x25,0x00,0xd5,0x00,0x68,0x00,0xd6,0x01,0x26,0x01,0x27,0x01,0x28,0x01,0x29,0x00,0x39,0x00,0x3a,
0x01,0x2a,0x01,0x2b,0x01,0x2c,0x01,0x2d,0x00,0x3b,0x00,0x3c,0x00,0xeb,0x01,0x2e,0x00,0xbb,0x01,0x2f,
0x00,0x3d,0x01,0x30,0x00,0xe6,0x01,0x31,0x01,0x32,0x01,0x33,0x01,0x34,0x01,0x35,0x01,0x36,0x01,0x37,
0x01,0x38,0x01,0x39,0x01,0x3a,0x01,0x3b,0x01,0x3c,0x01,0x3d,0x01,0x3e,0x01,0x3f,0x01,0x40,0x01,0x41,
0x01,0x42,0x01,0x43,0x01,0x44,0x01,0x45,0x01,0x46,0x01,0x47,0x01,0x48,0x01,0x49,0x01,0x4a,0x01,0x4b,
0x01,0x4c,0x01,0x4d,0x01,0x4e,0x01,0x4f,0x01,0x50,0x01,0x51,0x01,0x52,0x01,0x53,0x01,0x54,0x00,0x44,
0x00,0x69,0x01,0x55,0x01,0x56,0x00,0x6b,0x00,0x6c,0x00,0x6a,0x01,0x57,0x01,0x58,0x00,0x6e,0x00,0x6d,
0x00,0xa0,0x00,0x45,0x00,0x46,0x00,0xfe,0x01,0x00,0x00,0x6f,0x01,0x59,0x00,0x47,0x00,0xea,0x01,0x5a,
0x01,0x01,0x00,0x48,0x00,0x70,0x01,0x5b,0x00,0x72,0x00,0x73,0x01,0x5c,0x00,0x71,0x01,0x5d,0x01,0x5e,
0x00,0x49,0x00,0x4a,0x00,0xf9,0x01,0x5f,0x01,0x60,0x00,0x4b,0x01,0x61,0x00,0x4c,0x00,0xd7,0x00,0x74,
0x00,0x76,0x00,0x77,0x01,0x62,0x00,0x75,0x01,0x63,0x01,0x64,0x01,0x65,0x00,0x4d,0x01,0x66,0x00,0x4e,
0x01,0x67,0x00,0x4f,0x01,0x68,0x01,0x69,0x01,0x6a,0x00,0xe3,0x00,0x50,0x00,0x51,0x01,0x6b,0x01,0x6c,
0x01,0x6d,0x00,0x78,0x01,0x6e,0x00,0x52,0x00,0x79,0x00,0x7b,0x00,0x7c,0x00,0x7a,0x01,0x6f,0x01,0x70,
0x00,0xa1,0x00,0x7d,0x00,0xb1,0x00,0x53,0x00,0xee,0x00,0x54,0x00,0x55,0x01,0x71,0x01,0x72,0x01,0x73,
0x00,0x56,0x01,0x74,0x00,0xe5,0x00,0xfc,0x01,0x75,0x00,0x89,0x00,0x57,0x01,0x76,0x01,0x77,0x00,0x58,
0x00,0x7e,0x01,0x78,0x00,0x80,0x00,0x81,0x00,0x7f,0x01,0x79,0x01,0x7a,0x01,0x7b,0x01,0x7c,0x00,0x59,
0x00,0x5a,0x01,0x7d,0x01,0x7e,0x01,0x7f,0x01,0x80,0x00,0x5b,0x00,0x5c,0x00,0xec,0x01,0x81,0x00,0xba,
0x01,0x82,0x00,0x5d,0x01,0x83,0x00,0xe7,0x01,0x84,0x01,0x85,0x01,0x86,0x01,0x87,0x01,0x88,0x01,0x89,
0x01,0x8a,0x01,0x8b,0x01,0x8c,0x01,0x8d,0x01,0x8e,0x01,0x8f,0x01,0x90,0x01,0x91,0x01,0x92,0x01,0x93,
0x01,0x94,0x01,0x95,0x01,0x96,0x01,0x97,0x01,0x98,0x01,0x99,0x01,0x9a,0x01,0x9b,0x01,0x9c,0x01,0x9d,
0x01,0x9e,0x01,0x9f,0x01,0xa0,0x01,0xa1,0x01,0xa2,0x01,0xa3,0x01,0xa4,0x01,0xa5,0x01,0xa6,0x01,0xa7,
0x01,0xa8,0x01,0xa9,0x01,0xaa,0x01,0xab,0x01,0xac,0x01,0xad,0x01,0xae,0x01,0xaf,0x01,0xb0,0x01,0xb1,
0x01,0xb2,0x01,0xb3,0x01,0xb4,0x01,0xb5,0x01,0xb6,0x01,0xb7,0x00,0x9d,0x00,0x9e,0x00,0x13,0x00,0x14,
0x00,0x15,0x00,0x16,0x00,0x17,0x00,0x18,0x00,0x19,0x00,0x1a,0x00,0x1b,0x00,0x1c,0x01,0xb8,0x01,0xb9,
0x01,0xba,0x01,0xbb,0x01,0xbc,0x01,0xbd,0x01,0xbe,0x01,0xbf,0x01,0xc0,0x01,0xc1,0x01,0xc2,0x01,0xc3,
0x00,0x03,0x01,0xc4,0x01,0xc5,0x00,0x11,0x00,0x0f,0x00,0x1d,0x00,0x1e,0x00,0xab,0x00,0x04,0x00,0xa3,
0x00,0x22,0x00,0xa2,0x00,0xc3,0x00,0x87,0x00,0x0d,0x00,0x06,0x00,0x12,0x00,0x3f,0x01,0xc6,0x01,0xc7,
0x01,0xc8,0x01,0xc9,0x01,0xca,0x01,0xcb,0x01,0xcc,0x01,0xcd,0x01,0xce,0x01,0xcf,0x01,0xd0,0x01,0xd1,
0x01,0xd2,0x01,0xd3,0x01,0xd4,0x01,0xd5,0x01,0xd6,0x01,0xd7,0x01,0xd8,0x01,0xd9,0x01,0xda,0x01,0xdb,
0x00,0x10,0x00,0xb2,0x00,0xb3,0x00,0x42,0x01,0xdc,0x01,0xdd,0x01,0xde,0x00,0x0b,0x00,0x0c,0x00,0x5e,
0x00,0x60,0x00,0x3e,0x00,0x40,0x01,0xdf,0x01,0xe0,0x01,0xe1,0x01,0xe2,0x01,0xe3,0x01,0xe4,0x00,0xc4,
0x00,0xc5,0x00,0xb4,0x00,0xb5,0x00,0xb6,0x00,0xb7,0x00,0xa9,0x00,0xaa,0x00,0xbe,0x00,0xbf,0x00,0x05,
0x00,0x0a,0x01,0xe5,0x01,0xe6,0x01,0xe7,0x01,0xe8,0x01,0xe9,0x01,0xea,0x01,0xeb,0x00,0x23,0x00,0x09,
0x00,0x88,0x00,0x86,0x00,0x8b,0x00,0x8a,0x00,0x8c,0x00,0x83,0x00,0x5f,0x01,0xec,0x00,0x84,0x00,0x07,
0x01,0xed,0x00,0x85,0x00,0x96,0x01,0xee,0x01,0xef,0x00,0x0e,0x00,0xef,0x00,0xf0,0x00,0xb8,0x00,0x20,
0x00,0x21,0x00,0x1f,0x00,0x61,0x00,0x41,0x00,0x08,0x00,0xc6,0x01,0xf0,0x01,0xf1,0x01,0xf2,0x01,0xf3,
0x01,0xf4,0x01,0xf5,0x01,0xf6,0x01,0xf7,0x01,0xf8,0x01,0xf9,0x01,0xfa,0x01,0xfb,0x01,0xfc,0x01,0xfd,
0x01,0xfe,0x01,0xff,0x02,0x00,0x02,0x01,0x02,0x02,0x02,0x03,0x02,0x04,0x02,0x05,0x02,0x06,0x02,0x07,
0x02,0x08,0x02,0x09,0x02,0x0a,0x02,0x0b,0x02,0x0c,0x02,0x0d,0x02,0x0e,0x02,0x0f,0x02,0x10,0x02,0x11,
0x02,0x12,0x02,0x13,0x02,0x14,0x02,0x15,0x02,0x16,0x00,0x8e,0x00,0xdc,0x00,0x43,0x00,0x8d,0x00,0xdf,
0x00,0xd8,0x00,0xe1,0x00,0xdb,0x00,0xdd,0x00,0xd9,0x00,0xda,0x00,0xde,0x00,0xe0,0x02,0x17,0x02,0x18,
0x06,0x41,0x62,0x72,0x65,0x76,0x65,0x07,0x75,0x6e,0x69,0x30,0x31,0x43,0x44,0x07,0x41,0x6d,0x61,0x63,
0x72,0x6f,0x6e,0x07,0x41,0x6f,0x67,0x6f,0x6e,0x65,0x6b,0x0a,0x43,0x64,0x6f,0x74,0x61,0x63,0x63,0x65,
0x6e,0x74,0x06,0x44,0x63,0x61,0x72,0x6f,0x6e,0x06,0x44,0x63,0x72,0x6f,0x61,0x74,0x06,0x45,0x63,0x61,
0x72,0x6f,0x6e,0x0a,0x45,0x64,0x6f,0x74,0x61,0x63,0x63,0x65,0x6e,0x74,0x07,0x45,0x6d,0x61,0x63,0x72,
0x6f,0x6e,0x07,0x45,0x6f,0x67,0x6f,0x6e,0x65,0x6b,0x07,0x75,0x6e,0x69,0x30,0x31,0x32,0x32,0x0a,0x47,
0x64,0x6f,0x74,0x61,0x63,0x63,0x65,0x6e,0x74,0x04,0x48,0x62,0x61,0x72,0x02,0x49,0x4a,0x07,0x49,0x6d,
0x61,0x63,0x72,0x6f,0x6e,0x07,0x49,0x6f,0x67,0x6f,0x6e,0x65,0x6b,0x07,0x75,0x6e,0x69,0x30,0x31,0x33,
0x36,0x06,0x4c,0x61,0x63,0x75,0x74,0x65,0x06,0x4c,0x63,0x61,0x72,0x6f,0x6e,0x07,0x75,0x6e,0x69,0x30,
0x31,0x33,0x42,0x06,0x4e,0x61,0x63,0x75,0x74,0x65,0x06,0x4e,0x63,0x61,0x72,0x6f,0x6e,0x07,0x75,0x6e,
0x69,0x30,0x31,0x34,0x35,0x03,0x45,0x6e,0x67,0x0d,0x4f,0x68,0x75,0x6e,0x67,0x61,0x72,0x75,0x6d,0x6c,
0x61,0x75,0x74,0x07,0x4f,0x6d,0x61,0x63,0x72,0x6f,0x6e,0x06,0x52,0x61,0x63,0x75,0x74,0x65,0x06,0x52,
0x63,0x61,0x72,0x6f,0x6e,0x07,0x75,0x6e,0x69,0x30,0x31,0x35,0x36,0x06,0x53,0x61,0x63,0x75,0x74,0x65,
0x07,0x75,0x6e,0x69,0x30,0x32,0x31,0x38,0x07,0x75,0x6e,0x69,0x31,0x45,0x39,0x45,0x06,0x54,0x63,0x61,
0x72,0x6f,0x6e,0x07,0x75,0x6e,0x69,0x30,0x32,0x31,0x41,0x06,0x55,0x62,0x72,0x65,0x76,0x65,0x0d,0x55,
0x68,0x75,0x6e,0x67,0x61,0x72,0x75,0x6d,0x6c,0x61,0x75,0x74,0x07,0x55,0x6d,0x61,0x63,0x72,0x6f,0x6e,
0x07,0x55,0x6f,0x67,0x6f,0x6e,0x65,0x6b,0x05,0x55,0x72,0x69,0x6e,0x67,0x06,0x57,0x61,0x63,0x75,0x74,
0x65,0x0b,0x57,0x63,0x69,0x72,0x63,0x75,0x6d,0x66,0x6c,0x65,0x78,0x09,0x57,0x64,0x69,0x65,0x72,0x65,
0x73,0x69,0x73,0x06,0x57,0x67,0x72,0x61,0x76,0x65,0x0b,0x59,0x63,0x69,0x72,0x63,0x75,0x6d,0x66,0x6c,
0x65,0x78,0x06,0x59,0x67,0x72,0x61,0x76,0x65,0x06,0x5a,0x61,0x63,0x75,0x74,0x65,0x0a,0x5a,0x64,0x6f,
0x74,0x61,0x63,0x63,0x65,0x6e,0x74,0x0e,0x41,0x64,0x69,0x65,0x72,0x65,0x73,0x69,0x73,0x2e,0x73,0x73,
0x30,0x31,0x0f,0x43,0x64,0x6f,0x74,0x61,0x63,0x63,0x65,0x6e,0x74,0x2e,0x73,0x73,0x30,0x31,0x0e,0x45,
0x64,0x69,0x65,0x72,0x65,0x73,0x69,0x73,0x2e,0x73,0x73,0x30,0x31,0x0f,0x45,0x64,0x6f,0x74,0x61,0x63,
0x63,0x65,0x6e,0x74,0x2e,0x73,0x73,0x30,0x31,0x0c,0x75,0x6e,0x69,0x30,0x31,0x32,0x32,0x2e,0x73,0x73,
0x30,0x31,0x0f,0x47,0x64,0x6f,0x74,0x61,0x63,0x63,0x65,0x6e,0x74,0x2e,0x73,0x73,0x30,0x31,0x0e,0x49,
0x64,0x69,0x65,0x72,0x65,0x73,0x69,0x73,0x2e,0x73,0x73,0x30,0x31,0x0f,0x49,0x64,0x6f,0x74,0x61,0x63,
0x63,0x65,0x6e,0x74,0x2e,0x73,0x73,0x30,0x31,0x0c,0x75,0x6e,0x69,0x30,0x31,0x33,0x36,0x2e,0x73,0x73,
0x30,0x31,0x0c,0x75,0x6e,0x69,0x30,0x31,0x33,0x42,0x2e,0x73,0x73,0x30,0x31,0x0c,0x75,0x6e,0x69,0x30,
0x31,0x34,0x35,0x2e,0x73,0x73,0x30,0x31,0x0e,0x4f,0x64,0x69,0x65,0x72,0x65,0x73,0x69,0x73,0x2e,0x73,
0x73,0x30,0x31,0x0c,0x75,0x6e,0x69,0x30,0x31,0x35,0x36,0x2e,0x73,0x73,0x30,0x31,0x0c,0x75,0x6e,0x69,
0x30,0x32,0x31,0x38,0x2e,0x73,0x73,0x30,0x31,0x0c,0x75,0x6e,0x69,0x30,0x32,0x31,0x41,0x2e,0x73,0x73,
0x30,0x31,0x0e,0x55,0x64,0x69,0x65,0x72,0x65,0x73,0x69,0x73,0x2e,0x73,0x73,0x30,0x31,0x0e,0x59,0x64,
0x69,0x65,0x72,0x65,0x73,0x69,0x73,0x2e,0x73,0x73,0x30,0x31,0x0f,0x5a,0x64,0x6f,0x74,0x61,0x63,0x63,
0x65,0x6e,0x74,0x2e,0x73,0x73,0x30,0x31,0x06,0x4b,0x2e,0x73,0x73,0x30,0x34,0x0c,0x75,0x6e,0x69,0x30,
0x31,0x33,0x36,0x2e,0x73,0x73,0x30,0x34,0x06,0x52,0x2e,0x73,0x73,0x30,0x35,0x0b,0x52,0x61,0x63,0x75,
0x74,0x65,0x2e,0x73,0x73,0x30,0x35,0x0b,0x52,0x63,0x61,0x72,0x6f,0x6e,0x2e,0x73,0x73,0x30,0x35,0x0c,
0x75,0x6e,0x69,0x30,0x31,0x35,0x36,0x2e,0x73,0x73,0x30,0x35,0x06,0x4d,0x2e,0x73,0x73,0x30,0x36,0x06,
0x47,0x2e,0x73,0x73,0x30,0x37,0x0b,0x47,0x62,0x72,0x65,0x76,0x65,0x2e,0x73,0x73,0x30,0x37,0x0c,0x75,
0x6e,0x69,0x30,0x31,0x32,0x32,0x2e,0x73,0x73,0x30,0x37,0x0f,0x47,0x64,0x6f,0x74,0x61,0x63,0x63,0x65,
0x6e,0x74,0x2e,0x73,0x73,0x30,0x37,0x06,0x4a,0x2e,0x73,0x73,0x30,0x38,0x06,0x51,0x2e,0x73,0x73,0x30,
0x39,0x11,0x75,0x6e,0x69,0x30,0x31,0x33,0x36,0x2e,0x73,0x73,0x30,0x31,0x2e,0x73,0x73,0x30,0x34,0x11,
0x75,0x6e,0x69,0x30,0x31,0x35,0x36,0x2e,0x73,0x73,0x30,0x31,0x2e,0x73,0x73,0x30,0x35,0x11,0x75,0x6e,
0x69,0x30,0x31,0x32,0x32,0x2e,0x73,0x73,0x30,0x31,0x2e,0x73,0x73,0x30,0x37,0x14,0x47,0x64,0x6f,0x74,
0x61,0x63,0x63,0x65,0x6e,0x74,0x2e,0x73,0x73,0x30,0x31,0x2e,0x73,0x73,0x30,0x37,0x06,0x61,0x62,0x72,
0x65,0x76,0x65,0x07,0x75,0x6e,0x69,0x30,0x31,0x43,0x45,0x07,0x61,0x6d,0x61,0x63,0x72,0x6f,0x6e,0x07,
0x61,0x6f,0x67,0x6f,0x6e,0x65,0x6b,0x0a,0x63,0x64,0x6f,0x74,0x61,0x63,0x63,0x65,0x6e,0x74,0x06,0x64,
0x63,0x61,0x72,0x6f,0x6e,0x06,0x65,0x63,0x61,0x72,0x6f,0x6e,0x0a,0x65,0x64,0x6f,0x74,0x61,0x63,0x63,
0x65,0x6e,0x74,0x07,0x65,0x6d,0x61,0x63,0x72,0x6f,0x6e,0x07,0x65,0x6f,0x67,0x6f,0x6e,0x65,0x6b,0x07,
0x75,0x6e,0x69,0x30,0x31,0x32,0x33,0x0a,0x67,0x64,0x6f,0x74,0x61,0x63,0x63,0x65,0x6e,0x74,0x04,0x68,
0x62,0x61,0x72,0x09,0x69,0x2e,0x6c,0x6f,0x63,0x6c,0x54,0x52,0x4b,0x02,0x69,0x6a,0x07,0x69,0x6d,0x61,
0x63,0x72,0x6f,0x6e,0x07,0x69,0x6f,0x67,0x6f,0x6e,0x65,0x6b,0x07,0x75,0x6e,0x69,0x30,0x32,0x33,0x37,
0x07,0x75,0x6e,0x69,0x30,0x31,0x33,0x37,0x06,0x6c,0x61,0x63,0x75,0x74,0x65,0x06,0x6c,0x63,0x61,0x72,
0x6f,0x6e,0x07,0x75,0x6e,0x69,0x30,0x31,0x33,0x43,0x06,0x6e,0x61,0x63,0x75,0x74,0x65,0x06,0x6e,0x63,
0x61,0x72,0x6f,0x6e,0x07,0x75,0x6e,0x69,0x30,0x31,0x34,0x36,0x03,0x65,0x6e,0x67,0x0d,0x6f,0x68,0x75,
0x6e,0x67,0x61,0x72,0x75,0x6d,0x6c,0x61,0x75,0x74,0x07,0x6f,0x6d,0x61,0x63,0x72,0x6f,0x6e,0x06,0x72,
0x61,0x63,0x75,0x74,0x65,0x06,0x72,0x63,0x61,0x72,0x6f,0x6e,0x07,0x75,0x6e,0x69,0x30,0x31,0x35,0x37,
0x06,0x73,0x61,0x63,0x75,0x74,0x65,0x07,0x75,0x6e,0x69,0x30,0x32,0x31,0x39,0x06,0x74,0x63,0x61,0x72,
0x6f,0x6e,0x07,0x75,0x6e,0x69,0x30,0x32,0x31,0x42,0x06,0x75,0x62,0x72,0x65,0x76,0x65,0x0d,0x75,0x68,
0x75,0x6e,0x67,0x61,0x72,0x75,0x6d,0x6c,0x61,0x75,0x74,0x07,0x75,0x6d,0x61,0x63,0x72,0x6f,0x6e,0x07,
0x75,0x6f,0x67,0x6f,0x6e,0x65,0x6b,0x05,0x75,0x72,0x69,0x6e,0x67,0x06,0x77,0x61,0x63,0x75,0x74,0x65,
0x0b,0x77,0x63,0x69,0x72,0x63,0x75,0x6d,0x66,0x6c,0x65,0x78,0x09,0x77,0x64,0x69,0x65,0x72,0x65,0x73,
0x69,0x73,0x06,0x77,0x67,0x72,0x61,0x76,0x65,0x0b,0x79,0x63,0x69,0x72,0x63,0x75,0x6d,0x66,0x6c,0x65,
0x78,0x06,0x79,0x67,0x72,0x61,0x76,0x65,0x06,0x7a,0x61,0x63,0x75,0x74,0x65,0x0a,0x7a,0x64,0x6f,0x74,
0x61,0x63,0x63,0x65,0x6e,0x74,0x0e,0x61,0x64,0x69,0x65,0x72,0x65,0x73,0x69,0x73,0x2e,0x73,0x73,0x30,
0x31,0x0f,0x63,0x64,0x6f,0x74,0x61,0x63,0x63,0x65,0x6e,0x74,0x2e,0x73,0x73,0x30,0x31,0x0e,0x65,0x64,
0x69,0x65,0x72,0x65,0x73,0x69,0x73,0x2e,0x73,0x73,0x30,0x31,0x0f,0x65,0x64,0x6f,0x74,0x61,0x63,0x63,
0x65,0x6e,0x74,0x2e,0x73,0x73,0x30,0x31,0x0c,0x75,0x6e,0x69,0x30,0x31,0x32,0x33,0x2e,0x73,0x73,0x30,
0x31,0x0f,0x67,0x64,0x6f,0x74,0x61,0x63,0x63,0x65,0x6e,0x74,0x2e,0x73,0x73,0x30,0x31,0x06,0x69,0x2e,
0x73,0x73,0x30,0x31,0x0e,0x69,0x64,0x69,0x65,0x72,0x65,0x73,0x69,0x73,0x2e,0x73,0x73,0x30,0x31,0x0e,
0x69,0x2e,0x6c,0x6f,0x63,0x6c,0x54,0x52,0x4b,0x2e,0x73,0x73,0x30,0x31,0x07,0x69,0x6a,0x2e,0x73,0x73,
0x30,0x31,0x0c,0x69,0x6f,0x67,0x6f,0x6e,0x65,0x6b,0x2e,0x73,0x73,0x30,0x31,0x06,0x6a,0x2e,0x73,0x73,
0x30,0x31,0x0c,0x75,0x6e,0x69,0x30,0x31,0x33,0x37,0x2e,0x73,0x73,0x30,0x31,0x0c,0x75,0x6e,0x69,0x30,
0x31,0x33,0x43,0x2e,0x73,0x73,0x30,0x31,0x0c,0x75,0x6e,0x69,0x30,0x31,0x34,0x36,0x2e,0x73,0x73,0x30,
0x31,0x0e,0x6f,0x64,0x69,0x65,0x72,0x65,0x73,0x69,0x73,0x2e,0x73,0x73,0x30,0x31,0x0c,0x75,0x6e,0x69,
0x30,0x31,0x35,0x37,0x2e,0x73,0x73,0x30,0x31,0x0c,0x75,0x6e,0x69,0x30,0x32,0x31,0x39,0x2e,0x73,0x73,
0x30,0x31,0x0c,0x75,0x6e,0x69,0x30,0x32,0x31,0x42,0x2e,0x73,0x73,0x30,0x31,0x0e,0x75,0x64,0x69,0x65,
0x72,0x65,0x73,0x69,0x73,0x2e,0x73,0x73,0x30,0x31,0x0e,0x77,0x64,0x69,0x65,0x72,0x65,0x73,0x69,0x73,
0x2e,0x73,0x73,0x30,0x31,0x0e,0x79,0x64,0x69,0x65,0x72,0x65,0x73,0x69,0x73,0x2e,0x73,0x73,0x30,0x31,
0x0f,0x7a,0x64,0x6f,0x74,0x61,0x63,0x63,0x65,0x6e,0x74,0x2e,0x73,0x73,0x30,0x31,0x06,0x61,0x2e,0x73,
0x73,0x30,0x32,0x0b,0x61,0x61,0x63,0x75,0x74,0x65,0x2e,0x73,0x73,0x30,0x32,0x0b,0x61,0x62,0x72,0x65,
0x76,0x65,0x2e,0x73,0x73,0x30,0x32,0x0c,0x75,0x6e,0x69,0x30,0x31,0x43,0x45,0x2e,0x73,0x73,0x30,0x32,
0x10,0x61,0x63,0x69,0x72,0x63,0x75,0x6d,0x66,0x6c,0x65,0x78,0x2e,0x73,0x73,0x30,0x32,0x0e,0x61,0x64,
0x69,0x65,0x72,0x65,0x73,0x69,0x73,0x2e,0x73,0x73,0x30,0x32,0x0b,0x61,0x67,0x72,0x61,0x76,0x65,0x2e,
0x73,0x73,0x30,0x32,0x0c,0x61,0x6d,0x61,0x63,0x72,0x6f,0x6e,0x2e,0x73,0x73,0x30,0x32,0x0c,0x61,0x6f,
0x67,0x6f,0x6e,0x65,0x6b,0x2e,0x73,0x73,0x30,0x32,0x0a,0x61,0x72,0x69,0x6e,0x67,0x2e,0x73,0x73,0x30,
0x32,0x0b,0x61,0x74,0x69,0x6c,0x64,0x65,0x2e,0x73,0x73,0x30,0x32,0x06,0x79,0x2e,0x73,0x73,0x30,0x33,
0x0b,0x79,0x61,0x63,0x75,0x74,0x65,0x2e,0x73,0x73,0x30,0x33,0x10,0x79,0x63,0x69,0x72,0x63,0x75,0x6d,
0x66,0x6c,0x65,0x78,0x2e,0x73,0x73,0x30,0x33,0x0e,0x79,0x64,0x69,0x65,0x72,0x65,0x73,0x69,0x73,0x2e,
0x73,0x73,0x30,0x33,0x0b,0x79,0x67,0x72,0x61,0x76,0x65,0x2e,0x73,0x73,0x30,0x33,0x06,0x6b,0x2e,0x73,
0x73,0x30,0x34,0x0c,0x75,0x6e,0x69,0x30,0x31,0x33,0x37,0x2e,0x73,0x73,0x30,0x34,0x13,0x61,0x64,0x69,
0x65,0x72,0x65,0x73,0x69,0x73,0x2e,0x73,0x73,0x30,0x31,0x2e,0x73,0x73,0x30,0x32,0x13,0x79,0x64,0x69,
0x65,0x72,0x65,0x73,0x69,0x73,0x2e,0x73,0x73,0x30,0x31,0x2e,0x73,0x73,0x30,0x33,0x11,0x75,0x6e,0x69,
0x30,0x31,0x33,0x37,0x2e,0x73,0x73,0x30,0x31,0x2e,0x73,0x73,0x30,0x34,0x05,0x66,0x5f,0x66,0x5f,0x69,
0x05,0x66,0x5f,0x66,0x5f,0x6c,0x03,0x66,0x5f,0x69,0x03,0x66,0x5f,0x6c,0x0a,0x77,0x5f,0x77,0x5f,0x77,
0x2e,0x6c,0x69,0x67,0x61,0x0a,0x66,0x5f,0x66,0x5f,0x69,0x2e,0x73,0x73,0x30,0x31,0x08,0x66,0x5f,0x69,
0x2e,0x73,0x73,0x30,0x31,0x08,0x74,0x77,0x6f,0x2e,0x73,0x73,0x31,0x30,0x07,0x7a,0x65,0x72,0x6f,0x2e,
0x74,0x66,0x06,0x6f,0x6e,0x65,0x2e,0x74,0x66,0x06,0x74,0x77,0x6f,0x2e,0x74,0x66,0x08,0x74,0x68,0x72,
0x65,0x65,0x2e,0x74,0x66,0x07,0x66,0x6f,0x75,0x72,0x2e,0x74,0x66,0x07,0x66,0x69,0x76,0x65,0x2e,0x74,
0x66,0x06,0x73,0x69,0x78,0x2e,0x74,0x66,0x08,0x73,0x65,0x76,0x65,0x6e,0x2e,0x74,0x66,0x08,0x65,0x69,
0x67,0x68,0x74,0x2e,0x74,0x66,0x07,0x6e,0x69,0x6e,0x65,0x2e,0x74,0x66,0x0b,0x74,0x77,0x6f,0x2e,0x74,
0x66,0x2e,0x73,0x73,0x31,0x30,0x07,0x75,0x6e,0x69,0x30,0x30,0x41,0x30,0x13,0x68,0x79,0x70,0x68,0x65,
0x6e,0x5f,0x67,0x72,0x65,0x61,0x74,0x65,0x72,0x2e,0x6c,0x69,0x67,0x61,0x0a,0x63,0x6f,0x6c,0x6f,0x6e,
0x2e,0x63,0x61,0x73,0x65,0x0e,0x73,0x65,0x6d,0x69,0x63,0x6f,0x6c,0x6f,0x6e,0x2e,0x63,0x61,0x73,0x65,
0x0b,0x65,0x78,0x63,0x6c,0x61,0x6d,0x2e,0x63,0x61,0x73,0x65,0x0f,0x65,0x78,0x63,0x6c,0x61,0x6d,0x64,
0x6f,0x77,0x6e,0x2e,0x63,0x61,0x73,0x65,0x0d,0x71,0x75,0x65,0x73,0x74,0x69,0x6f,0x6e,0x2e,0x63,0x61,
0x73,0x65,0x11,0x71,0x75,0x65,0x73,0x74,0x69,0x6f,0x6e,0x64,0x6f,0x77,0x6e,0x2e,0x63,0x61,0x73,0x65,
0x0b,0x62,0x75,0x6c,0x6c,0x65,0x74,0x2e,0x63,0x61,0x73,0x65,0x16,0x70,0x65,0x72,0x69,0x6f,0x64,0x63,
0x65,0x6e,0x74,0x65,0x72,0x65,0x64,0x2e,0x6c,0x6f,0x63,0x6c,0x43,0x41,0x54,0x0b,0x70,0x65,0x72,0x69,
0x6f,0x64,0x2e,0x73,0x73,0x30,0x31,0x0a,0x63,0x6f,0x6d,0x6d,0x61,0x2e,0x73,0x73,0x30,0x31,0x0a,0x63,
0x6f,0x6c,0x6f,0x6e,0x2e,0x73,0x73,0x30,0x31,0x0e,0x73,0x65,0x6d,0x69,0x63,0x6f,0x6c,0x6f,0x6e,0x2e,
0x73,0x73,0x30,0x31,0x0d,0x65,0x6c,0x6c,0x69,0x70,0x73,0x69,0x73,0x2e,0x73,0x73,0x30,0x31,0x0b,0x65,
0x78,0x63,0x6c,0x61,0x6d,0x2e,0x73,0x73,0x30,0x31,0x0f,0x65,0x78,0x63,0x6c,0x61,0x6d,0x64,0x6f,0x77,
0x6e,0x2e,0x73,0x73,0x30,0x31,0x0d,0x71,0x75,0x65,0x73,0x74,0x69,0x6f,0x6e,0x2e,0x73,0x73,0x30,0x31,
0x11,0x71,0x75,0x65,0x73,0x74,0x69,0x6f,0x6e,0x64,0x6f,0x77,0x6e,0x2e,0x73,0x73,0x30,0x31,0x13,0x70,
0x65,0x72,0x69,0x6f,0x64,0x63,0x65,0x6e,0x74,0x65,0x72,0x65,0x64,0x2e,0x73,0x73,0x30,0x31,0x0b,0x62,
0x75,0x6c,0x6c,0x65,0x74,0x2e,0x73,0x73,0x30,0x31,0x1b,0x70,0x65,0x72,0x69,0x6f,0x64,0x63,0x65,0x6e,
0x74,0x65,0x72,0x65,0x64,0x2e,0x6c,0x6f,0x63,0x6c,0x43,0x41,0x54,0x2e,0x63,0x61,0x73,0x65,0x10,0x62,
0x75,0x6c,0x6c,0x65,0x74,0x2e,0x63,0x61,0x73,0x65,0x2e,0x73,0x73,0x30,0x31,0x20,0x70,0x65,0x72,0x69,
0x6f,0x64,0x63,0x65,0x6e,0x74,0x65,0x72,0x65,0x64,0x2e,0x6c,0x6f,0x63,0x6c,0x43,0x41,0x54,0x2e,0x63,
0x61,0x73,0x65,0x2e,0x73,0x73,0x30,0x31,0x0b,0x68,0x79,0x70,0x68,0x65,0x6e,0x2e,0x63,0x61,0x73,0x65,
0x0b,0x65,0x6e,0x64,0x61,0x73,0x68,0x2e,0x63,0x61,0x73,0x65,0x0b,0x65,0x6d,0x64,0x61,0x73,0x68,0x2e,
0x63,0x61,0x73,0x65,0x0e,0x70,0x61,0x72,0x65,0x6e,0x6c,0x65,0x66,0x74,0x2e,0x63,0x61,0x73,0x65,0x0f,
0x70,0x61,0x72,0x65,0x6e,0x72,0x69,0x67,0x68,0x74,0x2e,0x63,0x61,0x73,0x65,0x0e,0x62,0x72,0x61,0x63,
0x65,0x6c,0x65,0x66,0x74,0x2e,0x63,0x61,0x73,0x65,0x0f,0x62,0x72,0x61,0x63,0x65,0x72,0x69,0x67,0x68,
0x74,0x2e,0x63,0x61,0x73,0x65,0x10,0x62,0x72,0x61,0x63,0x6b,0x65,0x74,0x6c,0x65,0x66,0x74,0x2e,0x63,
0x61,0x73,0x65,0x11,0x62,0x72,0x61,0x63,0x6b,0x65,0x74,0x72,0x69,0x67,0x68,0x74,0x2e,0x63,0x61,0x73,
0x65,0x13,0x71,0x75,0x6f,0x74,0x65,0x73,0x69,0x6e,0x67,0x6c,0x62,0x61,0x73,0x65,0x2e,0x73,0x73,0x30,
0x31,0x11,0x71,0x75,0x6f,0x74,0x65,0x64,0x62,0x6c,0x62,0x61,0x73,0x65,0x2e,0x73,0x73,0x30,0x31,0x11,
0x71,0x75,0x6f,0x74,0x65,0x64,0x62,0x6c,0x6c,0x65,0x66,0x74,0x2e,0x73,0x73,0x30,0x31,0x12,0x71,0x75,
0x6f,0x74,0x65,0x64,0x62,0x6c,0x72,0x69,0x67,0x68,0x74,0x2e,0x73,0x73,0x30,0x31,0x0e,0x71,0x75,0x6f,
0x74,0x65,0x6c,0x65,0x66,0x74,0x2e,0x73,0x73,0x30,0x31,0x0f,0x71,0x75,0x6f,0x74,0x65,0x72,0x69,0x67,
0x68,0x74,0x2e,0x73,0x73,0x30,0x31,0x10,0x6c,0x65,0x73,0x73,0x5f,0x68,0x79,0x70,0x68,0x65,0x6e,0x2e,
0x6c,0x69,0x67,0x61,0x0e,0x61,0x6d,0x70,0x65,0x72,0x73,0x61,0x6e,0x64,0x2e,0x73,0x73,0x31,0x31,0x04,
0x45,0x75,0x72,0x6f,0x09,0x63,0x65,0x6e,0x74,0x2e,0x73,0x73,0x31,0x32,0x0b,0x64,0x6f,0x6c,0x6c,0x61,
0x72,0x2e,0x73,0x73,0x31,0x32,0x07,0x70,0x6c,0x75,0x73,0x2e,0x74,0x66,0x08,0x6d,0x69,0x6e,0x75,0x73,
0x2e,0x74,0x66,0x0b,0x6d,0x75,0x6c,0x74,0x69,0x70,0x6c,0x79,0x2e,0x74,0x66,0x09,0x64,0x69,0x76,0x69,
0x64,0x65,0x2e,0x74,0x66,0x08,0x65,0x71,0x75,0x61,0x6c,0x2e,0x74,0x66,0x0a,0x67,0x72,0x65,0x61,0x74,
0x65,0x72,0x2e,0x74,0x66,0x07,0x6c,0x65,0x73,0x73,0x2e,0x74,0x66,0x0a,0x70,0x65,0x72,0x63,0x65,0x6e,
0x74,0x2e,0x74,0x66,0x0e,0x70,0x65,0x72,0x74,0x68,0x6f,0x75,0x73,0x61,0x6e,0x64,0x2e,0x74,0x66,0x07,
0x61,0x72,0x72,0x6f,0x77,0x75,0x70,0x07,0x75,0x6e,0x69,0x32,0x31,0x39,0x37,0x0a,0x61,0x72,0x72,0x6f,
0x77,0x72,0x69,0x67,0x68,0x74,0x07,0x75,0x6e,0x69,0x32,0x31,0x39,0x38,0x09,0x61,0x72,0x72,0x6f,0x77,
0x64,0x6f,0x77,0x6e,0x07,0x75,0x6e,0x69,0x32,0x31,0x39,0x39,0x09,0x61,0x72,0x72,0x6f,0x77,0x6c,0x65,
0x66,0x74,0x07,0x75,0x6e,0x69,0x32,0x31,0x39,0x36,0x09,0x61,0x72,0x72,0x6f,0x77,0x62,0x6f,0x74,0x68,
0x09,0x61,0x72,0x72,0x6f,0x77,0x75,0x70,0x64,0x6e,0x07,0x75,0x6e,0x69,0x30,0x33,0x30,0x38,0x07,0x75,
0x6e,0x69,0x30,0x33,0x30,0x37,0x09,0x67,0x72,0x61,0x76,0x65,0x63,0x6f,0x6d,0x62,0x09,0x61,0x63,0x75,
0x74,0x65,0x63,0x6f,0x6d,0x62,0x07,0x75,0x6e,0x69,0x30,0x33,0x30,0x42,0x0b,0x75,0x6e,0x69,0x30,0x33,
0x30,0x43,0x2e,0x61,0x6c,0x74,0x07,0x75,0x6e,0x69,0x30,0x33,0x30,0x32,0x07,0x75,0x6e,0x69,0x30,0x33,
0x30,0x43,0x07,0x75,0x6e,0x69,0x30,0x33,0x30,0x36,0x07,0x75,0x6e,0x69,0x30,0x33,0x30,0x41,0x09,0x74,
0x69,0x6c,0x64,0x65,0x63,0x6f,0x6d,0x62,0x07,0x75,0x6e,0x69,0x30,0x33,0x30,0x34,0x07,0x75,0x6e,0x69,
0x30,0x33,0x31,0x32,0x07,0x75,0x6e,0x69,0x30,0x33,0x32,0x36,0x07,0x75,0x6e,0x69,0x30,0x33,0x32,0x37,
0x07,0x75,0x6e,0x69,0x30,0x33,0x32,0x38,0x0c,0x75,0x6e,0x69,0x30,0x33,0x30,0x38,0x2e,0x73,0x73,0x30,
0x31,0x0c,0x75,0x6e,0x69,0x30,0x33,0x30,0x37,0x2e,0x73,0x73,0x30,0x31,0x0c,0x75,0x6e,0x69,0x30,0x33,
0x31,0x32,0x2e,0x73,0x73,0x30,0x31,0x0c,0x75,0x6e,0x69,0x30,0x33,0x32,0x36,0x2e,0x73,0x73,0x30,0x31,
0x0d,0x64,0x69,0x65,0x72,0x65,0x73,0x69,0x73,0x2e,0x73,0x73,0x30,0x31,0x0e,0x64,0x6f,0x74,0x61,0x63,
0x63,0x65,0x6e,0x74,0x2e,0x73,0x73,0x30,0x31,0x00,0x00,0x00,0x00,0x02,0x00,0x56,0x00,0x00,0x02,0x4e,
0x02,0xd0,0x00,0x03,0x00,0x07,0x00,0x00,0x73,0x11,0x21,0x11,0x25,0x21,0x11,0x21,0x56,0x01,0xf8,0xfe,
0x5a,0x01,0x54,0xfe,0xac,0x02,0xd0,0xfd,0x30,0x48,0x02,0x40,0x00,0x03,0x00,0x24,0x00,0x00,0x02,0xb4,
0x02,0xd0,0x00,0x03,0x00,0x07,0x00,0x0b,0x00,0x00,0x73,0x01,0x33,0x01,0x21,0x01,0x33,0x01,0x01,0x21,
0x15,0x21,0x24,0x01,0x16,0x48,0xfe,0xf1,0x01,0xed,0xfe,0xf1,0x4d,0x01,0x16,0xfd,0xfa,0x01,0x78,0xfe,
0x88,0x02,0xd0,0xfd,0x30,0x02,0xd0,0xfd,0x30,0x01,0x23,0x48,0xff,0xff,0x00,0x24,0x00,0x00,0x02,0xb4,
0x03,0xb6,0x06,0x26,0x00,0x01,0x00,0x00,0x00,0x07,0x01,0xd5,0x00,0xe0,0x00,0xd2,0xff,0xff,0x00,0x24,
0x00,0x00,0x02,0xb4,0x03,0xb6,0x06,0x26,0x00,0x01,0x00,0x00,0x00,0x07,0x01,0xda,0x00,0x8b,0x00,0xd2,
0xff,0xff,0x00,0x24,0x00,0x00,0x02,0xb4,0x03,0xb6,0x06,0x26,0x00,0x01,0x00,0x00,0x00,0x07,0x01,0xd9,
0x00,0x77,0x00,0xd2,0xff,0xff,0x00,0x24,0x00,0x00,0x02,0xb4,0x03,0xb6,0x06,0x26,0x00,0x01,0x00,0x00,
0x00,0x07,0x01,0xd8,0x00,0x77,0x00,0xd2,0xff,0xff,0x00,0x24,0x00,0x00,0x02,0xb4,0x03,0xa2,0x06,0x26,
0x00,0x01,0x00,0x00,0x00,0x07,0x01,0xd2,0x00,0x8f,0x00,0xd2,0xff,0xff,0x00,0x24,0x00,0x00,0x02,0xb4,
0x03,0xb6,0x06,0x26,0x00,0x01,0x00,0x00,0x00,0x07,0x01,0xd4,0x00,0x94,0x00,0xd2,0xff,0xff,0x00,0x24,
0x00,0x00,0x02,0xb4,0x03,0x8e,0x06,0x26,0x00,0x01,0x00,0x00,0x00,0x07,0x01,0xdd,0x00,0x83,0x00,0xd2,
0xff,0xff,0x00,0x24,0xff,0x28,0x02,0xb7,0x02,0xd0,0x06,0x26,0x00,0x01,0x00,0x00,0x00,0x07,0x01,0xe1,
0x01,0xde,0x00,0x00,0xff,0xff,0x00,0x24,0x00,0x00,0x02,0xb4,0x03,0xda,0x06,0x26,0x00,0x01,0x00,0x00,
0x00,0x07,0x01,0xdb,0x00,0xc4,0x00,0xd2,0xff,0xff,0x00,0x24,0x00,0x00,0x02,0xb4,0x03,0xa4,0x06,0x26,
0x00,0x01,0x00,0x00,0x00,0x07,0x01,0xdc,0x00,0x74,0x00,0xd2,0x00,0x05,0x00,0x24,0x00,0x00,0x03,0x62,
0x02,0xd0,0x00,0x03,0x00,0x07,0x00,0x0b,0x00,0x0f,0x00,0x13,0x00,0x00,0x73,0x01,0x33,0x01,0x21,0x11,
0x33,0x11,0x23,0x35,0x21,0x15,0x01,0x35,0x21,0x15,0x01,0x35,0x21,0x15,0x24,0x01,0x16,0x48,0xfe,0xf1,
0x01,0x67,0x52,0x28,0x01,0x5e,0xfd,0x7b,0x02,0x61,0xfe,0x13,0x02,0x09,0x02,0xd0,0xfd,0x30,0x02,0xd0,
0xfd,0x30,0x48,0x48,0x01,0x53,0x48,0x48,0x01,0x35,0x48,0x48,0x00,0x02,0x00,0x56,0x00,0x00,0x02,0x56,
0x02,0xd0,0x00,0x24,0x00,0x28,0x00,0x00,0x73,0x35,0x33,0x32,0x36,0x35,0x34,0x26,0x23,0x23,0x35,0x33,
0x32,0x36,0x35,0x34,0x26,0x23,0x23,0x35,0x33,0x32,0x16,0x15,0x14,0x06,0x06,0x23,0x37,0x32,0x16,0x16,
0x15,0x14,0x06,0x06,0x23,0x21,0x11,0x33,0x11,0x8c,0xe6,0x42,0x4e,0x52,0x45,0xdf,0xd4,0x44,0x4c,0x47,
0x44,0xd9,0xe0,0x63,0x73,0x2e,0x50,0x34,0x05,0x37,0x57,0x33,0x37,0x64,0x42,0xfe,0xdd,0x52,0x44,0x48,
0x3d,0x41,0x4e,0x42,0x42,0x3c,0x38,0x3c,0x44,0x5e,0x51,0x33,0x50,0x2d,0x15,0x34,0x59,0x39,0x39,0x57,
0x30,0x02,0xd0,0xfd,0x30,0x00,0x00,0x01,0x00,0x32,0xff,0xf6,0x02,0xb7,0x02,0xda,0x00,0x21,0x00,0x00,
0x45,0x22,0x2e,0x02,0x35,0x34,0x3e,0x02,0x33,0x32,0x16,0x16,0x17,0x23,0x26,0x26,0x23,0x22,0x06,0x06,
0x15,0x14,0x16,0x16,0x33,0x32,0x36,0x37,0x33,0x0e,0x02,0x01,0x87,0x4a,0x7d,0x5c,0x32,0x32,0x5b,0x7d,
0x4a,0x51,0x81,0x53,0x0a,0x52,0x0c,0x75,0x5b,0x4d,0x74,0x40,0x40,0x74,0x4c,0x5d,0x77,0x0b,0x52,0x0a,
0x53,0x81,0x0a,0x37,0x63,0x87,0x51,0x51,0x87,0x63,0x37,0x42,0x78,0x50,0x59,0x67,0x4b,0x85,0x58,0x58,
0x85,0x4b,0x68,0x58,0x50,0x78,0x42,0x00,0xff,0xff,0x00,0x32,0xff,0xf6,0x02,0xb7,0x03,0xb6,0x06,0x26,
0x00,0x0e,0x00,0x00,0x00,0x07,0x01,0xd5,0x00,0xf9,0x00,0xd2,0xff,0xff,0x00,0x32,0xff,0xf6,0x02,0xb7,
0x03,0xb6,0x06,0x26,0x00,0x0e,0x00,0x00,0x00,0x07,0x01,0xd9,0x00,0x90,0x00,0xd2,0xff,0xff,0x00,0x32,
0xff,0x29,0x02,0xb7,0x02,0xda,0x06,0x26,0x00,0x0e,0x00,0x00,0x00,0x07,0x01,0xe0,0x00,0xc9,0x00,0x00,
0xff,0xff,0x00,0x32,0xff,0xf6,0x02,0xb7,0x03,0xa2,0x06,0x26,0x00,0x0e,0x00,0x00,0x00,0x07,0x01,0xd3,
0x01,0x1b,0x00,0xd2,0x00,0x02,0x00,0x56,0x00,0x00,0x02,0xbe,0x02,0xd0,0x00,0x15,0x00,0x19,0x00,0x00,
0x73,0x35,0x33,0x32,0x36,0x36,0x35,0x34,0x26,0x26,0x23,0x23,0x35,0x33,0x32,0x16,0x16,0x15,0x14,0x06,
0x06,0x23,0x23,0x11,0x33,0x11,0x87,0xc1,0x5a,0x82,0x46,0x46,0x81,0x5b,0xc1,0xc1,0x71,0xa8,0x5d,0x5e,
0xa7,0x70,0xf3,0x52,0x48,0x49,0x84,0x57,0x56,0x80,0x46,0x48,0x59,0xa1,0x6c,0x6c,0xa3,0x5b,0x02,0xd0,
0xfd,0x30,0x00,0x03,0x00,0x00,0x00,0x00,0x02,0xbe,0x02,0xd0,0x00,0x03,0x00,0x19,0x00,0x1d,0x00,0x00,
0x51,0x35,0x21,0x15,0x03,0x35,0x33,0x32,0x36,0x36,0x35,0x34,0x26,0x26,0x23,0x23,0x35,0x33,0x32,0x16,
0x16,0x15,0x14,0x06,0x06,0x23,0x23,0x11,0x33,0x11,0x01,0x79,0xf2,0xc1,0x5a,0x82,0x46,0x46,0x81,0x5b,
0xc1,0xc1,0x71,0xa8,0x5d,0x5e,0xa7,0x70,0xf3,0x52,0x01,0x46,0x44,0x44,0xfe,0xba,0x48,0x49,0x84,0x57,
0x56,0x80,0x46,0x48,0x59,0xa1,0x6c,0x6c,0xa3,0x5b,0x02,0xd0,0xfd,0x30,0xff,0xff,0x00,0x56,0x00,0x00,
0x02,0xbe,0x03,0xb6,0x06,0x26,0x00,0x13,0x00,0x00,0x00,0x07,0x01,0xd9,0x00,0x83,0x00,0xd2,0xff,0xff,
0x00,0x00,0x00,0x00,0x02,0xbe,0x02,0xd0,0x06,0x06,0x00,0x14,0x00,0x00,0x00,0x04,0x00,0x56,0x00,0x00,
0x02,0x38,0x02,0xd0,0x00,0x03,0x00,0x07,0x00,0x0b,0x00,0x0f,0x00,0x00,0x73,0x11,0x33,0x11,0x23,0x35,
0x21,0x15,0x01,0x35,0x21,0x15,0x01,0x35,0x21,0x15,0x56,0x52,0x28,0x01,0xb8,0xfe,0x48,0x01,0x94,0xfe,
0x6c,0x01,0xb0,0x02,0xd0,0xfd,0x30,0x48,0x48,0x01,0x53,0x48,0x48,0x01,0x35,0x48,0x48,0x00,0xff,0xff,
0x00,0x56,0x00,0x00,0x02,0x38,0x03,0xb6,0x06,0x26,0x00,0x17,0x00,0x00,0x00,0x07,0x01,0xd5,0x00,0xbd,
0x00,0xd2,0xff,0xff,0x00,0x56,0x00,0x00,0x02,0x38,0x03,0xb6,0x06,0x26,0x00,0x17,0x00,0x00,0x00,0x07,
0x01,0xd9,0x00,0x54,0x00,0xd2,0xff,0xff,0x00,0x56,0x00,0x00,0x02,0x38,0x03,0xb6,0x06,0x26,0x00,0x17,
0x00,0x00,0x00,0x07,0x01,0xd8,0x00,0x54,0x00,0xd2,0xff,0xff,0x00,0x56,0x00,0x00,0x02,0x38,0x03,0xa2,
0x06,0x26,0x00,0x17,0x00,0x00,0x00,0x07,0x01,0xd2,0x00,0x6c,0x00,0xd2,0xff,0xff,0x00,0x56,0x00,0x00,
0x02,0x38,0x03,0xa2,0x06,0x26,0x00,0x17,0x00,0x00,0x00,0x07,0x01,0xd3,0x00,0xdf,0x00,0xd2,0xff,0xff,
0x00,0x56,0x00,0x00,0x02,0x38,0x03,0xb6,0x06,0x26,0x00,0x17,0x00,0x00,0x00,0x07,0x01,0xd4,0x00,0x71,
0x00,0xd2,0xff,0xff,0x00,0x56,0x00,0x00,0x02,0x38,0x03,0x8e,0x06,0x26,0x00,0x17,0x00,0x00,0x00,0x07,
0x01,0xdd,0x00,0x60,0x00,0xd2,0xff,0xff,0x00,0x56,0xff,0x28,0x02,0x38,0x02,0xd0,0x06,0x26,0x00,0x17,
0x00,0x00,0x00,0x07,0x01,0xe1,0x01,0x44,0x00,0x00,0x00,0x03,0x00,0x56,0x00,0x00,0x02,0x20,0x02,0xd0,
0x00,0x03,0x00,0x07,0x00,0x0b,0x00,0x00,0x73,0x11,0x33,0x11,0x03,0x35,0x21,0x15,0x01,0x35,0x21,0x15,
0x56,0x52,0x28,0x01,0x84,0xfe,0x7c,0x01,0xa0,0x02,0xd0,0xfd,0x30,0x01,0x35,0x48,0x48,0x01,0x53,0x48,
0x48,0x00,0x00,0x02,0x00,0x32,0xff,0xf6,0x02,0xb7,0x02,0xda,0x00,0x1e,0x00,0x25,0x00,0x00,0x45,0x22,
0x26,0x26,0x35,0x34,0x36,0x36,0x33,0x32,0x16,0x16,0x17,0x23,0x26,0x26,0x23,0x22,0x06,0x06,0x15,0x14,
0x16,0x16,0x33,0x32,0x36,0x37,0x17,0x06,0x06,0x37,0x35,0x17,0x23,0x35,0x21,0x11,0x01,0x9a,0x6e,0xa2,
0x58,0x57,0x9b,0x65,0x4f,0x81,0x53,0x09,0x52,0x0a,0x75,0x58,0x4f,0x76,0x41,0x43,0x7f,0x59,0x3d,0x60,
0x27,0x52,0x37,0x8f,0x74,0x1f,0xe4,0x01,0x17,0x0a,0x5a,0xa3,0x6f,0x6f,0xa9,0x60,0x3c,0x6a,0x46,0x4a,
0x58,0x4b,0x86,0x5b,0x5b,0x83,0x46,0x23,0x25,0x1e,0x3a,0x3a,0x74,0xe9,0x1f,0x48,0xfe,0xee,0xff,0xff,
0x00,0x32,0xff,0xf6,0x02,0xb7,0x03,0xb6,0x06,0x26,0x00,0x21,0x00,0x00,0x00,0x07,0x01,0xda,0x00,0xa8,
0x00,0xd2,0xff,0xff,0x00,0x32,0xfe,0xd8,0x02,0xb7,0x02,0xda,0x06,0x26,0x00,0x21,0x00,0x00,0x00,0x07,
0x01,0xdf,0x01,0x13,0x00,0x00,0xff,0xff,0x00,0x32,0xff,0xf6,0x02,0xb7,0x03,0xa2,0x06,0x26,0x00,0x21,
0x00,0x00,0x00,0x07,0x01,0xd3,0x01,0x1f,0x00,0xd2,0x00,0x03,0x00,0x56,0x00,0x00,0x02,0x8a,0x02,0xd0,
0x00,0x03,0x00,0x07,0x00,0x0b,0x00,0x00,0x73,0x11,0x33,0x11,0x21,0x11,0x33,0x11,0x01,0x21,0x15,0x21,
0x56,0x52,0x01,0x90,0x52,0xfd,0xf6,0x01,0xdc,0xfe,0x24,0x02,0xd0,0xfd,0x30,0x02,0xd0,0xfd,0x30,0x01,
0x9b,0x48,0x00,0x04,0x00,0x00,0x00,0x00,0x02,0xe0,0x02,0xd0,0x00,0x03,0x00,0x07,0x00,0x0b,0x00,0x0f,
0x00,0x00,0x51,0x35,0x21,0x15,0x01,0x11,0x33,0x11,0x21,0x11,0x33,0x11,0x01,0x21,0x15,0x21,0x02,0xe0,
0xfd,0x76,0x52,0x01,0x90,0x52,0xfd,0xf6,0x01,0xdc,0xfe,0x24,0x02,0x1d,0x44,0x44,0xfd,0xe3,0x02,0xd0,
0xfd,0x30,0x02,0xd0,0xfd,0x30,0x01,0x9b,0x48,0x00,0x00,0x01,0x00,0x56,0x00,0x00,0x00,0xa8,0x02,0xd0,
0x00,0x03,0x00,0x00,0x73,0x11,0x33,0x11,0x56,0x52,0x02,0xd0,0xfd,0x30,0xff,0xff,0x00,0x56,0xff,0xf6,
0x02,0x75,0x02,0xd0,0x04,0x26,0x00,0x27,0x00,0x00,0x00,0x07,0x00,0x30,0x00,0xfe,0x00,0x00,0xff,0xff,
0x00,0x2f,0x00,0x00,0x01,0x1b,0x03,0xb6,0x06,0x26,0x00,0x27,0x00,0x00,0x00,0x07,0x01,0xd5,0xff,0xf3,
0x00,0xd2,0xff,0xff,0xff,0xc6,0x00,0x00,0x01,0x38,0x03,0xb6,0x06,0x26,0x00,0x27,0x00,0x00,0x00,0x07,
0x01,0xd8,0xff,0x8a,0x00,0xd2,0xff,0xff,0xff,0xde,0x00,0x00,0x01,0x1f,0x03,0xa2,0x06,0x26,0x00,0x27,
0x00,0x00,0x00,0x07,0x01,0xd2,0xff,0xa2,0x00,0xd2,0xff,0xff,0x00,0x51,0x00,0x00,0x00,0xad,0x03,0xa2,
0x06,0x26,0x00,0x27,0x00,0x00,0x00,0x07,0x01,0xd3,0x00,0x15,0x00,0xd2,0xff,0xff,0xff,0xe3,0x00,0x00,
0x00,0xcf,0x03,0xb6,0x06,0x26,0x00,0x27,0x00,0x00,0x00,0x07,0x01,0xd4,0xff,0xa7,0x00,0xd2,0xff,0xff,
0xff,0xd2,0x00,0x00,0x01,0x2c,0x03,0x8e,0x06,0x26,0x00,0x27,0x00,0x00,0x00,0x07,0x01,0xdd,0xff,0x96,
0x00,0xd2,0xff,0xff,0xff,0xfa,0xff,0x28,0x00,0xa8,0x02,0xd0,0x06,0x26,0x00,0x27,0x00,0x00,0x00,0x06,
0x01,0xe1,0xbe,0x00,0x00,0x01,0x00,0x14,0xff,0xf6,0x01,0x77,0x02,0xd0,0x00,0x0f,0x00,0x00,0x57,0x22,
0x26,0x27,0x35,0x16,0x16,0x33,0x32,0x36,0x35,0x11,0x33,0x11,0x14,0x06,0x90,0x26,0x46,0x10,0x18,0x44,
0x23,0x48,0x4a,0x52,0x76,0x0a,0x0b,0x08,0x4c,0x0a,0x0d,0x40,0x42,0x02,0x10,0xfd,0xed,0x64,0x63,0x00,
0x00,0x03,0x00,0x56,0x00,0x00,0x02,0x9c,0x02,0xd0,0x00,0x03,0x00,0x07,0x00,0x0b,0x00,0x00,0x73,0x11,
0x33,0x11,0x03,0x01,0x33,0x09,0x02,0x33,0x01,0x56,0x52,0x09,0x01,0x76,0x73,0xfe,0x82,0x01,0x1b,0xfe,
0x78,0x6d,0x01,0x92,0x02,0xd0,0xfd,0x30,0x01,0x76,0x01,0x5a,0xfe,0xa6,0xfe,0x8a,0x01,0x76,0xfe,0x8a,
0xff,0xff,0x00,0x56,0xfe,0xd8,0x02,0x9c,0x02,0xd0,0x06,0x26,0x00,0x31,0x00,0x00,0x00,0x07,0x01,0xdf,
0x00,0xee,0x00,0x00,0x00,0x02,0x00,0x56,0x00,0x00,0x02,0x1a,0x02,0xd0,0x00,0x03,0x00,0x07,0x00,0x00,
0x73,0x11,0x33,0x11,0x23,0x35,0x21,0x15,0x56,0x52,0x28,0x01,0x9a,0x02,0xd0,0xfd,0x30,0x48,0x48,0x00,
0xff,0xff,0x00,0x2e,0x00,0x00,0x02,0x1a,0x03,0xb6,0x06,0x26,0x00,0x33,0x00,0x00,0x00,0x07,0x01,0xd5,
0xff,0xf2,0x00,0xd2,0xff,0xff,0x00,0x56,0x00,0x00,0x02,0x1a,0x02,0xd0,0x06,0x26,0x00,0x33,0x00,0x00,
0x00,0x07,0x01,0xd7,0x01,0x4a,0x00,0x00,0xff,0xff,0x00,0x56,0xfe,0xd8,0x02,0x1a,0x02,0xd0,0x06,0x26,
0x00,0x33,0x00,0x00,0x00,0x07,0x01,0xdf,0x00,0xd5,0x00,0x00,0x00,0x04,0x00,0x00,0x00,0x00,0x02,0x1a,
0x02,0xd0,0x00,0x03,0x00,0x07,0x00,0x0b,0x00,0x0f,0x00,0x00,0x53,0x07,0x35,0x37,0x35,0x37,0x15,0x07,
0x03,0x11,0x33,0x11,0x23,0x35,0x21,0x15,0x85,0x85,0x83,0xb8,0xb6,0x2f,0x52,0x28,0x01,0x9a,0x01,0x59,
0x35,0x40,0x34,0x04,0x4a,0x40,0x49,0xfe,0xa3,0x02,0xd0,0xfd,0x30,0x48,0x48,0x00,0x00,0x01,0x00,0x56,
0x00,0x00,0x03,0x34,0x02,0xd0,0x00,0x0f,0x00,0x00,0x73,0x11,0x33,0x01,0x23,0x01,0x33,0x11,0x23,0x11,
0x33,0x03,0x23,0x03,0x33,0x11,0x56,0x7e,0x01,0x04,0x26,0x01,0x02,0x80,0x51,0x0b,0xfb,0x62,0xfb,0x0b,
0x02,0xd0,0xfd,0x4a,0x02,0xb6,0xfd,0x30,0x02,0xa5,0xfd,0x5b,0x02,0x9f,0xfd,0x61,0x00,0x01,0x00,0x56,
0x00,0x00,0x02,0x8a,0x02,0xd0,0x00,0x0b,0x00,0x00,0x73,0x11,0x33,0x01,0x07,0x11,0x33,0x11,0x23,0x01,
0x37,0x11,0x56,0x55,0x01,0x9d,0x0c,0x4e,0x55,0xfe,0x63,0x0c,0x02,0xd0,0xfd,0xa2,0x02,0x02,0x60,0xfd,
0x30,0x02,0x5e,0x02,0xfd,0xa0,0xff,0xff,0x00,0x56,0x00,0x00,0x02,0x8a,0x03,0xb6,0x06,0x26,0x00,0x39,
0x00,0x00,0x00,0x07,0x01,0xd5,0x00,0xe4,0x00,0xd2,0xff,0xff,0x00,0x56,0x00,0x00,0x02,0x8a,0x03,0xb6,
0x06,0x26,0x00,0x39,0x00,0x00,0x00,0x07,0x01,0xd9,0x00,0x7b,0x00,0xd2,0xff,0xff,0x00,0x56,0xfe,0xd8,
0x02,0x8a,0x02,0xd0,0x06,0x26,0x00,0x39,0x00,0x00,0x00,0x07,0x01,0xdf,0x00,0xfa,0x00,0x00,0xff,0xff,
0x00,0x56,0x00,0x00,0x02,0x8a,0x03,0xa4,0x06,0x26,0x00,0x39,0x00,0x00,0x00,0x07,0x01,0xdc,0x00,0x78,
0x00,0xd2,0x00,0x02,0x00,0x56,0xff,0x29,0x02,0x8a,0x02,0xd0,0x00,0x0b,0x00,0x1b,0x00,0x00,0x73,0x11,
0x33,0x01,0x07,0x11,0x33,0x11,0x23,0x01,0x37,0x11,0x05,0x22,0x26,0x27,0x35,0x16,0x16,0x33,0x32,0x36,
0x35,0x35,0x33,0x15,0x14,0x06,0x56,0x55,0x01,0xa5,0x14,0x4e,0x4d,0xfe,0x5b,0x0c,0x01,0x4c,0x1b,0x24,
0x08,0x0a,0x22,0x16,0x2f,0x20,0x50,0x47,0x02,0xd0,0xfd,0xa2,0x02,0x02,0x60,0xfd,0x30,0x02,0x5e,0x02,
0xfd,0xa0,0xd7,0x07,0x03,0x47,0x03,0x06,0x22,0x22,0x64,0x66,0x3e,0x4c,0x00,0x02,0x00,0x32,0xff,0xf6,
0x02,0xe0,0x02,0xda,0x00,0x11,0x00,0x21,0x00,0x00,0x45,0x22,0x2e,0x02,0x35,0x34,0x36,0x36,0x33,0x32,
0x16,0x16,0x15,0x14,0x0e,0x02,0x27,0x32,0x36,0x36,0x35,0x34,0x26,0x26,0x23,0x22,0x06,0x06,0x15,0x14,
0x16,0x16,0x01,0x89,0x4b,0x7d,0x5c,0x33,0x58,0x9b,0x63,0x65,0x9b,0x58,0x33,0x5c,0x7e,0x4b,0x4d,0x75,
0x42,0x41,0x75,0x4e,0x4e,0x74,0x40,0x41,0x74,0x0a,0x37,0x65,0x88,0x51,0x6b,0xa6,0x5e,0x5e,0xa6,0x6c,
0x51,0x88,0x64,0x37,0x4a,0x4d,0x88,0x57,0x56,0x84,0x4a,0x4a,0x83,0x57,0x58,0x87,0x4d,0x00,0xff,0xff,
0x00,0x32,0xff,0xf6,0x02,0xe0,0x03,0xb6,0x06,0x26,0x00,0x3f,0x00,0x00,0x00,0x07,0x01,0xd5,0x00,0xfd,
0x00,0xd2,0xff,0xff,0x00,0x32,0xff,0xf6,0x02,0xe0,0x03,0xb6,0x06,0x26,0x00,0x3f,0x00,0x00,0x00,0x07,
0x01,0xd8,0x00,0x94,0x00,0xd2,0xff,0xff,0x00,0x32,0xff,0xf6,0x02,0xe0,0x03,0xa2,0x06,0x26,0x00,0x3f,
0x00,0x00,0x00,0x07,0x01,0xd2,0x00,0xac,0x00,0xd2,0xff,0xff,0x00,0x32,0xff,0xf6,0x02,0xe0,0x03,0xb6,
0x06,0x26,0x00,0x3f,0x00,0x00,0x00,0x07,0x01,0xd4,0x00,0xb1,0x00,0xd2,0xff,0xff,0x00,0x32,0xff,0xf6,
0x02,0xe0,0x03,0xb6,0x06,0x26,0x00,0x3f,0x00,0x00,0x00,0x07,0x01,0xd6,0x00,0xb8,0x00,0xd2,0xff,0xff,
0x00,0x32,0xff,0xf6,0x02,0xe0,0x03,0x8e,0x06,0x26,0x00,0x3f,0x00,0x00,0x00,0x07,0x01,0xdd,0x00,0xa0,
0x00,0xd2,0x00,0x03,0x00,0x32,0xff,0xf6,0x02,0xe0,0x02,0xda,0x00,0x03,0x00,0x15,0x00,0x25,0x00,0x00,
0x57,0x27,0x01,0x17,0x01,0x22,0x2e,0x02,0x35,0x34,0x36,0x36,0x33,0x32,0x16,0x16,0x15,0x14,0x0e,0x02,
0x27,0x32,0x36,0x36,0x35,0x34,0x26,0x26,0x23,0x22,0x06,0x06,0x15,0x14,0x16,0x16,0x70,0x32,0x02,0x64,
0x32,0xfe,0xb5,0x4b,0x7d,0x5c,0x33,0x58,0x9b,0x63,0x65,0x9b,0x58,0x33,0x5c,0x7e,0x4b,0x4d,0x75,0x42,
0x41,0x75,0x4e,0x4e,0x74,0x40,0x41,0x74,0x0a,0x29,0x02,0xbb,0x29,0xfd,0x45,0x37,0x65,0x88,0x51,0x6b,
0xa6,0x5e,0x5e,0xa6,0x6c,0x51,0x88,0x64,0x37,0x4a,0x4d,0x88,0x57,0x56,0x84,0x4a,0x4a,0x83,0x57,0x58,
0x87,0x4d,0xff,0xff,0x00,0x32,0xff,0xf6,0x02,0xe0,0x03,0xa4,0x06,0x26,0x00,0x3f,0x00,0x00,0x00,0x07,
0x01,0xdc,0x00,0x91,0x00,0xd2,0x00,0x02,0x00,0x32,0xff,0xf6,0x03,0xe2,0x02,0xda,0x00,0x1d,0x00,0x29,
0x00,0x00,0x45,0x22,0x26,0x26,0x35,0x34,0x36,0x36,0x33,0x32,0x16,0x17,0x15,0x26,0x26,0x23,0x22,0x06,
0x06,0x15,0x14,0x16,0x16,0x33,0x32,0x36,0x37,0x15,0x06,0x06,0x37,0x11,0x21,0x15,0x21,0x15,0x21,0x15,
0x21,0x11,0x21,0x15,0x01,0xa6,0x72,0xa7,0x5b,0x5b,0xa7,0x72,0x2e,0x46,0x1c,0x16,0x4e,0x2c,0x5d,0x81,
0x42,0x42,0x81,0x5d,0x2c,0x4e,0x16,0x1c,0x46,0x40,0x01,0xc6,0xfe,0x8c,0x01,0x58,0xfe,0xa8,0x01,0x7c,
0x0a,0x5f,0xa7,0x6d,0x6c,0xa6,0x5f,0x08,0x08,0x50,0x0b,0x0b,0x4a,0x85,0x58,0x59,0x86,0x4a,0x0b,0x0b,
0x50,0x08,0x08,0x0a,0x02,0xd0,0x48,0xed,0x48,0xfe,0xf5,0x48,0x00,0x01,0x00,0x56,0x00,0x00,0x02,0x66,
0x02,0xd0,0x00,0x15,0x00,0x00,0x73,0x11,0x21,0x32,0x16,0x16,0x15,0x14,0x06,0x06,0x23,0x23,0x35,0x33,
0x32,0x36,0x35,0x34,0x26,0x23,0x23,0x11,0x56,0x01,0x1e,0x4d,0x6c,0x39,0x39,0x6c,0x4d,0xe2,0xdf,0x50,
0x53,0x52,0x51,0xc9,0x02,0xd0,0x32,0x5e,0x42,0x42,0x5f,0x34,0x48,0x49,0x44,0x44,0x46,0xfd,0x78,0x00,
0x00,0x02,0x00,0x56,0x00,0x00,0x02,0x66,0x02,0xd0,0x00,0x13,0x00,0x17,0x00,0x00,0x77,0x35,0x33,0x32,
0x36,0x35,0x34,0x26,0x23,0x23,0x35,0x33,0x32,0x16,0x16,0x15,0x14,0x06,0x06,0x23,0x05,0x11,0x33,0x11,
0x92,0xdf,0x50,0x53,0x53,0x50,0xdf,0xe2,0x4d,0x6c,0x39,0x39,0x6c,0x4d,0xfe,0xe2,0x52,0xa0,0x48,0x48,
0x42,0x42,0x48,0x48,0x33,0x5e,0x41,0x40,0x5f,0x33,0xa0,0x02,0xd0,0xfd,0x30,0x00,0x00,0x03,0x00,0x32,
0xff,0xf6,0x02,0xfb,0x02,0xda,0x00,0x10,0x00,0x20,0x00,0x28,0x00,0x00,0x45,0x22,0x26,0x26,0x35,0x34,
0x36,0x36,0x33,0x32,0x16,0x16,0x15,0x14,0x06,0x06,0x07,0x27,0x32,0x36,0x36,0x35,0x34,0x26,0x26,0x23,
0x22,0x06,0x06,0x15,0x14,0x16,0x16,0x17,0x27,0x25,0x15,0x22,0x0e,0x02,0x01,0x9b,0x71,0xa2,0x56,0x58,
0x9b,0x63,0x65,0x9b,0x58,0x36,0x68,0x4d,0x6d,0x4f,0x74,0x41,0x41,0x75,0x4e,0x4e,0x74,0x40,0x41,0x74,
0x60,0x12,0x01,0x72,0x3d,0x53,0x46,0x50,0x0a,0x60,0xa9,0x6c,0x6b,0xa6,0x5e,0x5e,0xa6,0x6c,0x50,0x89,
0x5c,0x10,0x17,0x4f,0x8a,0x57,0x56,0x84,0x4a,0x4a,0x83,0x57,0x58,0x89,0x4f,0x46,0x36,0x1c,0x48,0x03,
0x04,0x03,0x00,0x02,0x00,0x56,0x00,0x00,0x02,0x78,0x02,0xd0,0x00,0x15,0x00,0x19,0x00,0x00,0x73,0x11,
0x21,0x32,0x16,0x16,0x15,0x14,0x06,0x06,0x23,0x23,0x35,0x33,0x32,0x36,0x35,0x34,0x26,0x23,0x23,0x11,
0x21,0x01,0x33,0x01,0x56,0x01,0x0a,0x4d,0x6c,0x39,0x39,0x6c,0x4d,0xce,0xcb,0x50,0x53,0x52,0x51,0xb5,
0x01,0x54,0xfe,0x81,0x70,0x01,0x8b,0x02,0xd0,0x32,0x59,0x3d,0x3d,0x5b,0x33,0x48,0x46,0x3d,0x3c,0x44,
0xfd,0x78,0x01,0x65,0xfe,0x9b,0xff,0xff,0x00,0x56,0x00,0x00,0x02,0x78,0x03,0xb6,0x06,0x26,0x00,0x4c,
0x00,0x00,0x00,0x07,0x01,0xd5,0x00,0xbc,0x00,0xd2,0xff,0xff,0x00,0x56,0x00,0x00,0x02,0x78,0x03,0xb6,
0x06,0x26,0x00,0x4c,0x00,0x00,0x00,0x07,0x01,0xd9,0x00,0x53,0x00,0xd2,0xff,0xff,0x00,0x56,0xfe,0xd8,
0x02,0x78,0x02,0xd0,0x06,0x26,0x00,0x4c,0x00,0x00,0x00,0x07,0x01,0xdf,0x00,0xd2,0x00,0x00,0x00,0x01,
0x00,0x2a,0xff,0xf7,0x02,0x36,0x02,0xdb,0x00,0x28,0x00,0x00,0x45,0x22,0x26,0x27,0x33,0x16,0x16,0x33,
0x32,0x36,0x35,0x34,0x26,0x27,0x27,0x26,0x26,0x35,0x34,0x36,0x36,0x33,0x32,0x16,0x17,0x23,0x26,0x26,
0x23,0x22,0x06,0x15,0x14,0x16,0x17,0x17,0x16,0x16,0x15,0x14,0x06,0x01,0x4a,0x7e,0x95,0x0d,0x50,0x0b,
0x68,0x5c,0x4e,0x4f,0x36,0x39,0x79,0x5c,0x58,0x3a,0x6a,0x46,0x6c,0x82,0x0a,0x50,0x0d,0x51,0x4c,0x48,
0x50,0x38,0x3b,0x81,0x54,0x54,0x7b,0x09,0x7c,0x73,0x53,0x54,0x3b,0x39,0x31,0x3a,0x13,0x2a,0x20,0x5b,
0x46,0x3a,0x55,0x30,0x71,0x68,0x4b,0x46,0x3a,0x35,0x2d,0x36,0x14,0x2d,0x1d,0x63,0x4c,0x5a,0x63,0x00,
0xff,0xff,0x00,0x2a,0xff,0xf7,0x02,0x36,0x03,0xb6,0x06,0x26,0x00,0x50,0x00,0x00,0x00,0x07,0x01,0xd5,
0x00,0xad,0x00,0xd2,0xff,0xff,0x00,0x2a,0xff,0xf7,0x02,0x36,0x03,0xb6,0x06,0x26,0x00,0x50,0x00,0x00,
0x00,0x07,0x01,0xd9,0x00,0x44,0x00,0xd2,0xff,0xff,0x00,0x2a,0xff,0x29,0x02,0x36,0x02,0xdb,0x06,0x26,
0x00,0x50,0x00,0x00,0x00,0x06,0x01,0xe0,0x7d,0x00,0xff,0xff,0x00,0x2a,0xfe,0xd8,0x02,0x36,0x02,0xdb,
0x06,0x26,0x00,0x50,0x00,0x00,0x00,0x07,0x01,0xdf,0x00,0xc3,0x00,0x00,0x00,0x01,0x00,0x56,0xff,0xf7,
0x02,0x9f,0x02,0xdb,0x00,0x27,0x00,0x00,0x45,0x22,0x26,0x27,0x35,0x16,0x16,0x33,0x32,0x36,0x35,0x34,
0x26,0x27,0x27,0x13,0x07,0x26,0x26,0x23,0x22,0x06,0x15,0x11,0x23,0x11,0x34,0x36,0x33,0x32,0x16,0x17,
0x07,0x27,0x16,0x16,0x15,0x14,0x06,0x06,0x01,0x9f,0x29,0x48,0x18,0x19,0x48,0x2a,0x57,0x55,0x5f,0x6f,
0x19,0xe1,0x03,0x22,0x5f,0x3d,0x6e,0x70,0x52,0x9d,0x97,0x53,0x7d,0x3e,0xd1,0x1d,0x7a,0x7b,0x3c,0x72,
0x09,0x0a,0x0a,0x4d,0x0c,0x0d,0x40,0x41,0x40,0x50,0x1f,0x07,0x01,0x0f,0x3b,0x25,0x24,0x71,0x70,0xfe,
0x4e,0x01,0xb2,0x92,0x97,0x31,0x3a,0xfd,0x3a,0x22,0x7d,0x57,0x3d,0x56,0x2d,0x00,0x00,0x01,0x00,0x24,
0x00,0x00,0x02,0x64,0x02,0xd0,0x00,0x07,0x00,0x00,0x61,0x11,0x23,0x35,0x21,0x15,0x23,0x11,0x01,0x1b,
0xf7,0x02,0x40,0xf7,0x02,0x88,0x48,0x48,0xfd,0x78,0xff,0xff,0x00,0x24,0x00,0x00,0x02,0x64,0x03,0xb6,
0x06,0x26,0x00,0x56,0x00,0x00,0x00,0x07,0x01,0xd9,0x00,0x4f,0x00,0xd2,0xff,0xff,0x00,0x24,0xfe,0xd8,
0x02,0x64,0x02,0xd0,0x06,0x26,0x00,0x56,0x00,0x00,0x00,0x07,0x01,0xdf,0x00,0xce,0x00,0x00,0x00,0x01,
0x00,0x50,0xff,0xf6,0x02,0x78,0x02,0xd0,0x00,0x11,0x00,0x00,0x45,0x22,0x26,0x35,0x11,0x33,0x11,0x14,
0x16,0x33,0x32,0x36,0x35,0x11,0x33,0x11,0x14,0x06,0x01,0x63,0x82,0x91,0x52,0x64,0x5d,0x5f,0x64,0x52,
0x92,0x0a,0x9f,0x8f,0x01,0xac,0xfe,0x50,0x6c,0x74,0x73,0x6d,0x01,0xb0,0xfe,0x53,0x8e,0x9f,0xff,0xff,
0x00,0x50,0xff,0xf6,0x02,0x78,0x03,0xb6,0x06,0x26,0x00,0x59,0x00,0x00,0x00,0x07,0x01,0xd5,0x00,0xd8,
0x00,0xd2,0xff,0xff,0x00,0x50,0xff,0xf6,0x02,0x78,0x03,0xb6,0x06,0x26,0x00,0x59,0x00,0x00,0x00,0x07,
0x01,0xda,0x00,0x83,0x00,0xd2,0xff,0xff,0x00,0x50,0xff,0xf6,0x02,0x78,0x03,0xb6,0x06,0x26,0x00,0x59,
0x00,0x00,0x00,0x07,0x01,0xd8,0x00,0x6f,0x00,0xd2,0xff,0xff,0x00,0x50,0xff,0xf6,0x02,0x78,0x03,0xa2,
0x06,0x26,0x00,0x59,0x00,0x00,0x00,0x07,0x01,0xd2,0x00,0x87,0x00,0xd2,0xff,0xff,0x00,0x50,0xff,0xf6,
0x02,0x78,0x03,0xb6,0x06,0x26,0x00,0x59,0x00,0x00,0x00,0x07,0x01,0xd4,0x00,0x8c,0x00,0xd2,0xff,0xff,
0x00,0x50,0xff,0xf6,0x02,0x78,0x03,0xb6,0x06,0x26,0x00,0x59,0x00,0x00,0x00,0x07,0x01,0xd6,0x00,0x93,
0x00,0xd2,0xff,0xff,0x00,0x50,0xff,0xf6,0x02,0x78,0x03,0x8e,0x06,0x26,0x00,0x59,0x00,0x00,0x00,0x07,
0x01,0xdd,0x00,0x7b,0x00,0xd2,0xff,0xff,0x00,0x50,0xff,0x3c,0x02,0x78,0x02,0xd0,0x06,0x26,0x00,0x59,
0x00,0x00,0x00,0x07,0x01,0xe1,0x01,0x17,0x00,0x14,0xff,0xff,0x00,0x50,0xff,0xf6,0x02,0x78,0x03,0xda,
0x06,0x26,0x00,0x59,0x00,0x00,0x00,0x07,0x01,0xdb,0x00,0xbc,0x00,0xd2,0x00,0x01,0x00,0x24,0x00,0x00,
0x02,0xb4,0x02,0xd0,0x00,0x07,0x00,0x00,0x61,0x01,0x33,0x01,0x23,0x01,0x33,0x01,0x01,0x3a,0xfe,0xea,
0x58,0x01,0x02,0x1e,0x01,0x01,0x53,0xfe,0xea,0x02,0xd0,0xfd,0x54,0x02,0xac,0xfd,0x30,0x00,0x00,0x01,
0x00,0x32,0x00,0x00,0x04,0x0f,0x02,0xd0,0x00,0x0f,0x00,0x00,0x61,0x03,0x33,0x13,0x23,0x13,0x33,0x13,
0x23,0x13,0x33,0x03,0x23,0x03,0x33,0x03,0x01,0x07,0xd5,0x54,0xbf,0x0f,0xbb,0x64,0xbc,0x0f,0xbe,0x4f,
0xd5,0x64,0xbb,0x0c,0xbc,0x02,0xd0,0xfd,0x67,0x02,0x99,0xfd,0x67,0x02,0x99,0xfd,0x30,0x02,0x85,0xfd,
0x7b,0x00,0xff,0xff,0x00,0x32,0x00,0x00,0x04,0x0f,0x03,0xb6,0x06,0x26,0x00,0x64,0x00,0x00,0x00,0x07,
0x01,0xd5,0x01,0x95,0x00,0xd2,0xff,0xff,0x00,0x32,0x00,0x00,0x04,0x0f,0x03,0xb6,0x06,0x26,0x00,0x64,
0x00,0x00,0x00,0x07,0x01,0xd8,0x01,0x2c,0x00,0xd2,0xff,0xff,0x00,0x32,0x00,0x00,0x04,0x0f,0x03,0xa2,
0x06,0x26,0x00,0x64,0x00,0x00,0x00,0x07,0x01,0xd2,0x01,0x44,0x00,0xd2,0xff,0xff,0x00,0x32,0x00,0x00,
0x04,0x0f,0x03,0xb6,0x06,0x26,0x00,0x64,0x00,0x00,0x00,0x07,0x01,0xd4,0x01,0x49,0x00,0xd2,0x00,0x03,
0x00,0x26,0x00,0x00,0x02,0x88,0x02,0xd0,0x00,0x05,0x00,0x09,0x00,0x0d,0x00,0x00,0x61,0x03,0x01,0x33,
0x13,0x01,0x01,0x13,0x33,0x01,0x07,0x03,0x23,0x01,0x02,0x28,0xea,0xfe,0xf7,0x60,0xdd,0x01,0x16,0xfe,
0xc1,0xe6,0x59,0xfe,0xed,0x0c,0xea,0x59,0x01,0x17,0x01,0x51,0x01,0x7f,0xfe,0xc1,0xfe,0x6f,0x01,0x8e,
0x01,0x42,0xfe,0x7d,0x04,0xfe,0xb7,0x01,0x8a,0x00,0x00,0x01,0x00,0x18,0x00,0x00,0x02,0x8c,0x02,0xd0,
0x00,0x09,0x00,0x00,0x61,0x11,0x01,0x33,0x13,0x23,0x13,0x33,0x01,0x11,0x01,0x29,0xfe,0xef,0x64,0xed,
0x26,0xed,0x5c,0xfe,0xef,0x01,0x46,0x01,0x8a,0xfe,0xa6,0x01,0x5a,0xfe,0x76,0xfe,0xba,0x00,0xff,0xff,
0x00,0x18,0x00,0x00,0x02,0x8c,0x03,0xb6,0x06,0x26,0x00,0x6a,0x00,0x00,0x00,0x07,0x01,0xd5,0x00,0xc6,
0x00,0xd2,0xff,0xff,0x00,0x18,0x00,0x00,0x02,0x8c,0x03,0xb6,0x06,0x26,0x00,0x6a,0x00,0x00,0x00,0x07,
0x01,0xd8,0x00,0x5d,0x00,0xd2,0xff,0xff,0x00,0x18,0x00,0x00,0x02,0x8c,0x03,0xa2,0x06,0x26,0x00,0x6a,
0x00,0x00,0x00,0x07,0x01,0xd2,0x00,0x75,0x00,0xd2,0xff,0xff,0x00,0x18,0x00,0x00,0x02,0x8c,0x03,0xb6,
0x06,0x26,0x00,0x6a,0x00,0x00,0x00,0x07,0x01,0xd4,0x00,0x7a,0x00,0xd2,0x00,0x01,0x00,0x3c,0x00,0x00,
0x02,0x39,0x02,0xd0,0x00,0x0b,0x00,0x00,0x73,0x35,0x01,0x17,0x21,0x35,0x21,0x15,0x01,0x27,0x21,0x15,
0x3c,0x01,0xa7,0x1e,0xfe,0x45,0x01,0xe9,0xfe,0x59,0x1e,0x01,0xcf,0x3e,0x02,0x73,0x29,0x48,0x3e,0xfd,
0x8d,0x29,0x48,0x00,0xff,0xff,0x00,0x3c,0x00,0x00,0x02,0x39,0x03,0xb6,0x06,0x26,0x00,0x6f,0x00,0x00,
0x00,0x07,0x01,0xd5,0x00,0xac,0x00,0xd2,0xff,0xff,0x00,0x3c,0x00,0x00,0x02,0x39,0x03,0xb6,0x06,0x26,
0x00,0x6f,0x00,0x00,0x00,0x07,0x01,0xd9,0x00,0x43,0x00,0xd2,0xff,0xff,0x00,0x3c,0x00,0x00,0x02,0x39,
0x03,0xa2,0x06,0x26,0x00,0x6f,0x00,0x00,0x00,0x07,0x01,0xd3,0x00,0xce,0x00,0xd2,0xff,0xff,0x00,0x24,
0x00,0x00,0x02,0xb4,0x03,0xa2,0x06,0x26,0x00,0x01,0x00,0x00,0x00,0x07,0x01,0xe2,0x00,0x85,0x00,0xd2,
0xff,0xff,0x00,0x32,0xff,0xf6,0x02,0xb7,0x03,0xa2,0x06,0x26,0x00,0x0e,0x00,0x00,0x00,0x07,0x01,0xe3,
0x01,0x11,0x00,0xd2,0xff,0xff,0x00,0x56,0x00,0x00,0x02,0x38,0x03,0xa2,0x06,0x26,0x00,0x17,0x00,0x00,
0x00,0x07,0x01,0xe2,0x00,0x62,0x00,0xd2,0xff,0xff,0x00,0x56,0x00,0x00,0x02,0x38,0x03,0xa2,0x06,0x26,
0x00,0x17,0x00,0x00,0x00,0x07,0x01,0xe3,0x00,0xd5,0x00,0xd2,0xff,0xff,0x00,0x32,0xfe,0xd8,0x02,0xb7,
0x02,0xda,0x06,0x26,0x00,0x21,0x00,0x00,0x00,0x07,0x01,0xe5,0x01,0x27,0x00,0x00,0xff,0xff,0x00,0x32,
0xff,0xf6,0x02,0xb7,0x03,0xa2,0x06,0x26,0x00,0x21,0x00,0x00,0x00,0x07,0x01,0xe3,0x01,0x15,0x00,0xd2,
0xff,0xff,0xff,0xd4,0x00,0x00,0x01,0x29,0x03,0xa2,0x06,0x26,0x00,0x27,0x00,0x00,0x00,0x07,0x01,0xe2,
0xff,0x98,0x00,0xd2,0xff,0xff,0x00,0x47,0x00,0x00,0x00,0xb6,0x03,0xa2,0x06,0x26,0x00,0x27,0x00,0x00,
0x00,0x07,0x01,0xe3,0x00,0x0b,0x00,0xd2,0xff,0xff,0x00,0x56,0xfe,0xd8,0x02,0x9c,0x02,0xd0,0x06,0x26,
0x00,0x31,0x00,0x00,0x00,0x07,0x01,0xe5,0x00,0xee,0x00,0x00,0xff,0xff,0x00,0x56,0xfe,0xd8,0x02,0x1a,
0x02,0xd0,0x06,0x26,0x00,0x33,0x00,0x00,0x00,0x07,0x01,0xe5,0x00,0xd5,0x00,0x00,0xff,0xff,0x00,0x56,
0xfe,0xd8,0x02,0x8a,0x02,0xd0,0x06,0x26,0x00,0x39,0x00,0x00,0x00,0x07,0x01,0xe5,0x00,0xfa,0x00,0x00,
0xff,0xff,0x00,0x32,0xff,0xf6,0x02,0xe0,0x03,0xa2,0x06,0x26,0x00,0x3f,0x00,0x00,0x00,0x07,0x01,0xe2,
0x00,0xa2,0x00,0xd2,0xff,0xff,0x00,0x56,0xfe,0xd8,0x02,0x78,0x02,0xd0,0x06,0x26,0x00,0x4c,0x00,0x00,
0x00,0x07,0x01,0xe5,0x00,0xd2,0x00,0x00,0xff,0xff,0x00,0x2a,0xfe,0xd8,0x02,0x36,0x02,0xdb,0x06,0x26,
0x00,0x50,0x00,0x00,0x00,0x07,0x01,0xe5,0x00,0xc3,0x00,0x00,0xff,0xff,0x00,0x24,0xfe,0xd8,0x02,0x64,
0x02,0xd0,0x06,0x26,0x00,0x56,0x00,0x00,0x00,0x07,0x01,0xe5,0x00,0xce,0x00,0x00,0xff,0xff,0x00,0x50,
0xff,0xf6,0x02,0x78,0x03,0xa2,0x06,0x26,0x00,0x59,0x00,0x00,0x00,0x07,0x01,0xe2,0x00,0x7d,0x00,0xd2,
0xff,0xff,0x00,0x18,0x00,0x00,0x02,0x8c,0x03,0xa2,0x06,0x26,0x00,0x6a,0x00,0x00,0x00,0x07,0x01,0xe2,
0x00,0x6b,0x00,0xd2,0xff,0xff,0x00,0x3c,0x00,0x00,0x02,0x39,0x03,0xa2,0x06,0x26,0x00,0x6f,0x00,0x00,
0x00,0x07,0x01,0xe3,0x00,0xc4,0x00,0xd2,0x00,0x03,0x00,0x56,0x00,0x00,0x02,0x9c,0x02,0xd0,0x00,0x03,
0x00,0x09,0x00,0x0d,0x00,0x00,0x73,0x11,0x33,0x11,0x27,0x01,0x33,0x01,0x07,0x07,0x05,0x01,0x33,0x01,
0x56,0x52,0x3f,0x01,0xb2,0x6d,0xfe,0xcc,0x13,0xb9,0x01,0xac,0xfe,0xcf,0x5f,0x01,0x3a,0x02,0xd0,0xfd,
0x30,0xfe,0x01,0xd2,0xfe,0xbd,0x09,0xc2,0xc2,0x01,0x9e,0xfe,0x62,0x00,0xff,0xff,0x00,0x56,0xfe,0xd8,
0x02,0x9c,0x02,0xd0,0x06,0x26,0x00,0x85,0x00,0x00,0x00,0x07,0x01,0xdf,0x00,0xee,0x00,0x00,0x00,0x01,
0x00,0x56,0x00,0x00,0x02,0x52,0x02,0xd0,0x00,0x1e,0x00,0x00,0x73,0x11,0x21,0x32,0x16,0x16,0x15,0x14,
0x06,0x07,0x37,0x36,0x16,0x15,0x15,0x23,0x35,0x34,0x26,0x23,0x23,0x35,0x33,0x32,0x36,0x35,0x34,0x26,
0x23,0x23,0x11,0x56,0x01,0x0a,0x4b,0x6c,0x3b,0x5f,0x61,0x0a,0x50,0x5a,0x52,0x4b,0x44,0xd3,0xcb,0x4d,
0x56,0x54,0x4f,0xb5,0x02,0xd0,0x30,0x58,0x3c,0x4a,0x5e,0x15,0x1b,0x02,0x54,0x4c,0xcc,0xbc,0x41,0x44,
0x44,0x45,0x3e,0x3e,0x42,0xfd,0x78,0x00,0xff,0xff,0x00,0x56,0x00,0x00,0x02,0x52,0x03,0xb6,0x06,0x26,
0x00,0x87,0x00,0x00,0x00,0x07,0x01,0xd5,0x00,0xba,0x00,0xd2,0xff,0xff,0x00,0x56,0x00,0x00,0x02,0x52,
0x03,0xb6,0x06,0x26,0x00,0x87,0x00,0x00,0x00,0x07,0x01,0xd9,0x00,0x51,0x00,0xd2,0xff,0xff,0x00,0x56,
0xfe,0xd8,0x02,0x52,0x02,0xd0,0x06,0x26,0x00,0x87,0x00,0x00,0x00,0x07,0x01,0xdf,0x00,0xda,0x00,0x00,
0x00,0x01,0x00,0x42,0x00,0x00,0x03,0x34,0x02,0xd0,0x00,0x0f,0x00,0x00,0x73,0x13,0x33,0x13,0x23,0x13,
0x33,0x13,0x23,0x03,0x33,0x03,0x23,0x03,0x33,0x03,0x42,0x47,0x73,0xcb,0x19,0xca,0x74,0x48,0x51,0x47,
0x1a,0xc3,0x76,0xc2,0x18,0x46,0x02,0xd0,0xfd,0x4a,0x02,0xb6,0xfd,0x30,0x02,0xa5,0xfd,0x5b,0x02,0x9f,
0xfd,0x61,0x00,0x02,0x00,0x32,0xff,0xf6,0x02,0xcb,0x02,0xda,0x00,0x21,0x00,0x26,0x00,0x00,0x45,0x22,
0x26,0x26,0x35,0x34,0x36,0x36,0x33,0x32,0x16,0x16,0x17,0x23,0x2e,0x02,0x23,0x22,0x06,0x06,0x15,0x14,
0x16,0x16,0x33,0x32,0x36,0x36,0x35,0x33,0x14,0x06,0x06,0x13,0x23,0x35,0x21,0x15,0x01,0x90,0x69,0x9e,
0x57,0x59,0x9e,0x66,0x56,0x81,0x4f,0x0a,0x52,0x07,0x36,0x5d,0x42,0x52,0x78,0x41,0x3f,0x79,0x55,0x41,
0x6a,0x3f,0x4e,0x55,0x8f,0xa7,0xe9,0x01,0x26,0x0a,0x5f,0xa7,0x6a,0x6d,0xa7,0x60,0x41,0x6b,0x40,0x2a,
0x4a,0x2e,0x4b,0x87,0x59,0x56,0x85,0x4a,0x34,0x73,0x5f,0x71,0x96,0x49,0x01,0x34,0x48,0x2c,0xff,0xff,
0x00,0x32,0xff,0xf6,0x02,0xcb,0x03,0xb6,0x06,0x26,0x00,0x8c,0x00,0x00,0x00,0x07,0x01,0xda,0x00,0xa8,
0x00,0xd2,0xff,0xff,0x00,0x32,0xfe,0xd8,0x02,0xcb,0x02,0xda,0x06,0x26,0x00,0x8c,0x00,0x00,0x00,0x07,
0x01,0xdf,0x01,0x13,0x00,0x00,0xff,0xff,0x00,0x32,0xff,0xf6,0x02,0xcb,0x03,0xa2,0x06,0x26,0x00,0x8c,
0x00,0x00,0x00,0x07,0x01,0xd3,0x01,0x1f,0x00,0xd2,0x00,0x01,0x00,0x3c,0xff,0xf6,0x02,0x1c,0x02,0xd0,
0x00,0x12,0x00,0x00,0x45,0x22,0x26,0x26,0x35,0x33,0x14,0x16,0x33,0x32,0x36,0x36,0x35,0x11,0x33,0x11,
0x14,0x06,0x06,0x01,0x2b,0x45,0x6c,0x3e,0x50,0x5b,0x43,0x2e,0x48,0x2a,0x52,0x3f,0x6c,0x0a,0x3a,0x6c,
0x4a,0x4f,0x57,0x28,0x52,0x3e,0x01,0xd8,0xfe,0x2b,0x55,0x74,0x3c,0x00,0x00,0x03,0x00,0x32,0xff,0x81,
0x02,0xe0,0x02,0xda,0x00,0x11,0x00,0x22,0x00,0x26,0x00,0x00,0x45,0x22,0x2e,0x02,0x35,0x34,0x36,0x36,
0x33,0x32,0x16,0x16,0x15,0x14,0x0e,0x02,0x27,0x32,0x3e,0x02,0x35,0x34,0x26,0x26,0x23,0x22,0x06,0x06,
0x15,0x14,0x16,0x16,0x37,0x37,0x13,0x07,0x01,0x89,0x4b,0x7d,0x5c,0x33,0x58,0x9b,0x63,0x65,0x9b,0x58,
0x33,0x5c,0x7e,0x4b,0x3a,0x5f,0x45,0x26,0x41,0x75,0x4e,0x4e,0x74,0x40,0x41,0x74,0x53,0x3f,0xcd,0x3f,
0x0a,0x37,0x65,0x88,0x51,0x6b,0xa6,0x5e,0x5e,0xa6,0x6c,0x51,0x88,0x64,0x37,0x4a,0x2c,0x51,0x6d,0x42,
0x56,0x84,0x4a,0x4a,0x83,0x57,0x58,0x87,0x4d,0xa5,0x24,0xfe,0x9c,0x24,0xff,0xff,0x00,0x56,0xfe,0xd8,
0x02,0x9c,0x02,0xd0,0x06,0x26,0x00,0x85,0x00,0x00,0x00,0x07,0x01,0xe5,0x00,0xee,0x00,0x00,0xff,0xff,
0x00,0x56,0xfe,0xd8,0x02,0x52,0x02,0xd0,0x06,0x26,0x00,0x87,0x00,0x00,0x00,0x07,0x01,0xe5,0x00,0xda,
0x00,0x00,0xff,0xff,0x00,0x32,0xfe,0xd8,0x02,0xcb,0x02,0xda,0x06,0x26,0x00,0x8c,0x00,0x00,0x00,0x07,
0x01,0xe5,0x01,0x13,0x00,0x00,0xff,0xff,0x00,0x32,0xff,0xf6,0x02,0xcb,0x03,0xa2,0x06,0x26,0x00,0x8c,
0x00,0x00,0x00,0x07,0x01,0xe3,0x01,0x15,0x00,0xd2,0x00,0x02,0x00,0x2e,0xff,0xf6,0x01,0xd6,0x02,0x08,
0x00,0x16,0x00,0x2c,0x00,0x00,0x61,0x26,0x26,0x35,0x23,0x35,0x34,0x26,0x23,0x22,0x06,0x07,0x23,0x36,
0x36,0x33,0x32,0x16,0x15,0x15,0x14,0x16,0x17,0x07,0x22,0x26,0x35,0x34,0x36,0x37,0x37,0x15,0x07,0x06,
0x06,0x15,0x14,0x16,0x33,0x32,0x36,0x35,0x17,0x06,0x06,0x01,0x89,0x04,0x03,0x05,0x35,0x3b,0x3a,0x45,
0x04,0x4d,0x05,0x72,0x5c,0x5f,0x5c,0x06,0x05,0xfc,0x4f,0x5d,0x5c,0x58,0xb2,0xa6,0x38,0x3a,0x35,0x34,
0x43,0x55,0x0d,0x10,0x5d,0x11,0x2c,0x22,0xf4,0x3a,0x37,0x2f,0x2b,0x4a,0x54,0x5a,0x5a,0xf5,0x16,0x2f,
0x1a,0x0a,0x4d,0x43,0x43,0x4a,0x0f,0x1e,0x42,0x1a,0x09,0x2a,0x28,0x27,0x28,0x3d,0x31,0x47,0x33,0x38,
0xff,0xff,0x00,0x2e,0xff,0xf6,0x01,0xd6,0x02,0xe4,0x06,0x26,0x00,0x96,0x00,0x00,0x00,0x06,0x01,0xd5,
0x7f,0x00,0xff,0xff,0x00,0x2e,0xff,0xf6,0x01,0xd6,0x02,0xe4,0x06,0x26,0x00,0x96,0x00,0x00,0x00,0x06,
0x01,0xda,0x2a,0x00,0xff,0xff,0x00,0x2e,0xff,0xf6,0x01,0xd6,0x02,0xe4,0x06,0x26,0x00,0x96,0x00,0x00,
0x00,0x06,0x01,0xd9,0x16,0x00,0xff,0xff,0x00,0x2e,0xff,0xf6,0x01,0xd6,0x02,0xe4,0x06,0x26,0x00,0x96,
0x00,0x00,0x00,0x06,0x01,0xd8,0x16,0x00,0xff,0xff,0x00,0x2e,0xff,0xf6,0x01,0xd6,0x02,0xd0,0x06,0x26,
0x00,0x96,0x00,0x00,0x00,0x06,0x01,0xd2,0x2e,0x00,0xff,0xff,0x00,0x2e,0xff,0xf6,0x01,0xd6,0x02,0xe4,
0x06,0x26,0x00,0x96,0x00,0x00,0x00,0x06,0x01,0xd4,0x33,0x00,0xff,0xff,0x00,0x2e,0xff,0xf6,0x01,0xd6,
0x02,0xbc,0x06,0x26,0x00,0x96,0x00,0x00,0x00,0x06,0x01,0xdd,0x22,0x00,0xff,0xff,0x00,0x2e,0xff,0x28,
0x01,0xd9,0x02,0x08,0x06,0x26,0x00,0x96,0x00,0x00,0x00,0x07,0x01,0xe1,0x01,0x00,0x00,0x00,0xff,0xff,
0x00,0x2e,0xff,0xf6,0x01,0xd6,0x03,0x08,0x06,0x26,0x00,0x96,0x00,0x00,0x00,0x06,0x01,0xdb,0x63,0x00,
0xff,0xff,0x00,0x2e,0xff,0xf6,0x01,0xd6,0x02,0xd2,0x06,0x26,0x00,0x96,0x00,0x00,0x00,0x06,0x01,0xdc,
0x13,0x00,0x00,0x03,0x00,0x2e,0xff,0xf6,0x03,0x39,0x02,0x08,0x00,0x0f,0x00,0x26,0x00,0x4a,0x00,0x00,
0x65,0x35,0x34,0x26,0x23,0x22,0x06,0x07,0x23,0x36,0x36,0x33,0x32,0x16,0x15,0x15,0x07,0x22,0x26,0x35,
0x34,0x36,0x37,0x37,0x15,0x07,0x06,0x06,0x15,0x14,0x16,0x33,0x32,0x36,0x36,0x35,0x17,0x06,0x06,0x21,
0x22,0x26,0x26,0x35,0x34,0x36,0x36,0x33,0x32,0x16,0x16,0x15,0x14,0x06,0x07,0x21,0x35,0x21,0x07,0x34,
0x26,0x23,0x22,0x06,0x06,0x15,0x14,0x16,0x33,0x32,0x36,0x37,0x33,0x06,0x06,0x01,0x73,0x33,0x38,0x37,
0x42,0x04,0x4e,0x05,0x6e,0x5b,0x5d,0x5b,0xed,0x4e,0x5a,0x56,0x5a,0xac,0x9f,0x39,0x34,0x33,0x31,0x2b,
0x41,0x25,0x3f,0x1f,0x75,0x01,0x3e,0x46,0x65,0x36,0x39,0x67,0x43,0x44,0x62,0x35,0x01,0x02,0xfe,0x77,
0x01,0x58,0x1a,0x47,0x46,0x2c,0x46,0x29,0x54,0x49,0x2d,0x40,0x11,0x4c,0x19,0x6b,0x87,0xcc,0x3a,0x37,
0x2f,0x2b,0x4a,0x54,0x5a,0x5a,0xcd,0x91,0x4c,0x3f,0x40,0x4c,0x10,0x1e,0x42,0x1a,0x09,0x2c,0x26,0x23,
0x27,0x1c,0x32,0x20,0x1f,0x51,0x42,0x45,0x78,0x4e,0x4e,0x77,0x42,0x3e,0x70,0x4c,0x0a,0x12,0x0b,0x43,
0x25,0x5c,0x63,0x30,0x57,0x3b,0x5b,0x6d,0x2b,0x28,0x46,0x51,0x00,0x02,0x00,0x50,0xff,0xf7,0x02,0x34,
0x02,0xd0,0x00,0x14,0x00,0x20,0x00,0x00,0x45,0x22,0x26,0x27,0x37,0x15,0x23,0x11,0x33,0x11,0x27,0x36,
0x36,0x33,0x32,0x16,0x16,0x15,0x14,0x06,0x06,0x27,0x32,0x36,0x35,0x34,0x26,0x23,0x22,0x06,0x15,0x14,
0x16,0x01,0x4c,0x48,0x62,0x12,0x0b,0x4b,0x50,0x0b,0x13,0x65,0x46,0x44,0x65,0x38,0x3a,0x68,0x52,0x4c,
0x56,0x56,0x4c,0x4c,0x58,0x58,0x09,0x46,0x40,0x02,0x7f,0x02,0xd0,0xfe,0xb7,0x03,0x3b,0x43,0x42,0x76,
0x4f,0x50,0x78,0x42,0x46,0x69,0x5b,0x5a,0x67,0x69,0x5b,0x59,0x68,0x00,0x00,0x01,0x00,0x28,0xff,0xf6,
0x01,0xf1,0x02,0x08,0x00,0x1f,0x00,0x00,0x45,0x22,0x26,0x26,0x35,0x34,0x36,0x36,0x33,0x32,0x16,0x16,
0x17,0x23,0x26,0x26,0x23,0x22,0x06,0x06,0x15,0x14,0x16,0x16,0x33,0x32,0x36,0x37,0x33,0x0e,0x02,0x01,
0x1a,0x46,0x6d,0x3f,0x3f,0x6d,0x45,0x39,0x5b,0x3b,0x08,0x4a,0x0a,0x48,0x39,0x31,0x48,0x28,0x28,0x49,
0x31,0x37,0x4a,0x0a,0x4a,0x09,0x3d,0x5a,0x0a,0x45,0x79,0x4d,0x4d,0x76,0x44,0x2c,0x51,0x36,0x31,0x3e,
0x30,0x58,0x3b,0x3b,0x5a,0x32,0x3d,0x31,0x35,0x51,0x2c,0x00,0xff,0xff,0x00,0x28,0xff,0xf6,0x01,0xf1,
0x02,0xe4,0x06,0x26,0x00,0xa3,0x00,0x00,0x00,0x07,0x01,0xd5,0x00,0x8f,0x00,0x00,0xff,0xff,0x00,0x28,
0xff,0xf6,0x01,0xf1,0x02,0xe4,0x06,0x26,0x00,0xa3,0x00,0x00,0x00,0x06,0x01,0xd9,0x26,0x00,0xff,0xff,
0x00,0x28,0xff,0x29,0x01,0xf1,0x02,0x08,0x06,0x26,0x00,0xa3,0x00,0x00,0x00,0x06,0x01,0xe0,0x5b,0x00,
0xff,0xff,0x00,0x28,0xff,0xf6,0x01,0xf1,0x02,0xd0,0x06,0x26,0x00,0xa3,0x00,0x00,0x00,0x07,0x01,0xd3,
0x00,0xb1,0x00,0x00,0x00,0x02,0x00,0x2a,0xff,0xf6,0x02,0x0e,0x02,0xd0,0x00,0x14,0x00,0x20,0x00,0x00,
0x61,0x35,0x17,0x06,0x06,0x23,0x22,0x26,0x26,0x35,0x34,0x36,0x36,0x33,0x32,0x16,0x17,0x07,0x11,0x33,
0x11,0x27,0x32,0x36,0x35,0x34,0x26,0x23,0x22,0x06,0x15,0x14,0x16,0x01,0xc3,0x0a,0x13,0x65,0x46,0x45,
0x67,0x39,0x3a,0x68,0x46,0x48,0x62,0x12,0x10,0x50,0xf0,0x4d,0x57,0x58,0x4c,0x4c,0x56,0x56,0x77,0x03,
0x3a,0x44,0x42,0x76,0x4f,0x50,0x78,0x42,0x46,0x40,0x02,0x01,0x51,0xfd,0x30,0x3c,0x69,0x5b,0x59,0x68,
0x68,0x5c,0x5a,0x67,0x00,0x03,0x00,0x28,0xff,0xf6,0x02,0x26,0x02,0xf3,0x00,0x1a,0x00,0x29,0x00,0x2d,
0x00,0x00,0x45,0x22,0x26,0x26,0x35,0x34,0x36,0x36,0x33,0x32,0x16,0x16,0x17,0x07,0x35,0x34,0x26,0x26,
0x23,0x37,0x32,0x1e,0x02,0x15,0x14,0x06,0x27,0x32,0x36,0x36,0x35,0x34,0x26,0x26,0x23,0x22,0x06,0x15,
0x14,0x16,0x16,0x03,0x27,0x25,0x17,0x01,0x1c,0x44,0x6f,0x41,0x41,0x6d,0x40,0x36,0x5a,0x3c,0x09,0x15,
0x55,0xa1,0x73,0x0a,0x63,0x9f,0x71,0x3c,0x90,0x7e,0x33,0x4e,0x2d,0x31,0x4e,0x2d,0x46,0x5a,0x2b,0x48,
0x2d,0x1f,0x01,0x1c,0x1f,0x0a,0x3b,0x70,0x4f,0x50,0x71,0x3d,0x27,0x46,0x2f,0x31,0x41,0x65,0x8b,0x47,
0x41,0x33,0x61,0x8d,0x5b,0xaf,0xb9,0x48,0x2c,0x54,0x3c,0x3a,0x4d,0x27,0x5c,0x5b,0x3b,0x50,0x28,0x01,
0xd1,0x32,0xb2,0x32,0xff,0xff,0x00,0x2a,0xff,0xf6,0x02,0xa0,0x02,0xd0,0x04,0x26,0x00,0xa8,0x00,0x00,
0x00,0x07,0x01,0xd7,0x02,0x18,0x00,0x00,0x00,0x03,0x00,0x2a,0xff,0xf6,0x02,0x5e,0x02,0xd0,0x00,0x03,
0x00,0x18,0x00,0x24,0x00,0x00,0x41,0x35,0x21,0x15,0x03,0x35,0x17,0x06,0x06,0x23,0x22,0x26,0x26,0x35,
0x34,0x36,0x36,0x33,0x32,0x16,0x17,0x07,0x11,0x33,0x11,0x27,0x32,0x36,0x35,0x34,0x26,0x23,0x22,0x06,
0x15,0x14,0x16,0x01,0x0f,0x01,0x4f,0x9b,0x0a,0x13,0x65,0x46,0x45,0x67,0x39,0x3a,0x68,0x46,0x48,0x62,
0x12,0x10,0x50,0xf0,0x4d,0x57,0x58,0x4c,0x4c,0x56,0x56,0x02,0x53,0x3a,0x3a,0xfd,0xad,0x77,0x03,0x3a,
0x44,0x42,0x76,0x4f,0x50,0x78,0x42,0x46,0x40,0x02,0x01,0x51,0xfd,0x30,0x3c,0x69,0x5b,0x59,0x68,0x68,
0x5c,0x5a,0x67,0x00,0x00,0x01,0x00,0x28,0xff,0xf6,0x02,0x0c,0x02,0x08,0x00,0x22,0x00,0x00,0x45,0x22,
0x26,0x26,0x35,0x34,0x36,0x36,0x33,0x32,0x16,0x16,0x15,0x14,0x06,0x07,0x21,0x35,0x21,0x07,0x34,0x26,
0x23,0x22,0x06,0x15,0x14,0x16,0x33,0x32,0x36,0x37,0x33,0x06,0x06,0x01,0x21,0x49,0x70,0x40,0x3f,0x72,
0x4a,0x47,0x69,0x39,0x01,0x02,0xfe,0x5b,0x01,0x74,0x1a,0x51,0x4a,0x4c,0x5d,0x5d,0x4e,0x31,0x4a,0x11,
0x4c,0x19,0x75,0x0a,0x45,0x78,0x4e,0x4e,0x77,0x42,0x3e,0x70,0x4c,0x0a,0x12,0x0b,0x43,0x25,0x5c,0x63,
0x69,0x59,0x5b,0x6d,0x2b,0x28,0x46,0x51,0xff,0xff,0x00,0x28,0xff,0xf6,0x02,0x0c,0x02,0xe4,0x06,0x26,
0x00,0xac,0x00,0x00,0x00,0x07,0x01,0xd5,0x00,0x99,0x00,0x00,0xff,0xff,0x00,0x28,0xff,0xf6,0x02,0x0c,
0x02,0xe4,0x06,0x26,0x00,0xac,0x00,0x00,0x00,0x06,0x01,0xd9,0x30,0x00,0xff,0xff,0x00,0x28,0xff,0xf6,
0x02,0x0c,0x02,0xe4,0x06,0x26,0x00,0xac,0x00,0x00,0x00,0x06,0x01,0xd8,0x30,0x00,0xff,0xff,0x00,0x28,
0xff,0xf6,0x02,0x0c,0x02,0xd0,0x06,0x26,0x00,0xac,0x00,0x00,0x00,0x06,0x01,0xd2,0x48,0x00,0xff,0xff,
0x00,0x28,0xff,0xf6,0x02,0x0c,0x02,0xd0,0x06,0x26,0x00,0xac,0x00,0x00,0x00,0x07,0x01,0xd3,0x00,0xbb,
0x00,0x00,0xff,0xff,0x00,0x28,0xff,0xf6,0x02,0x0c,0x02,0xe4,0x06,0x26,0x00,0xac,0x00,0x00,0x00,0x06,
0x01,0xd4,0x4d,0x00,0xff,0xff,0x00,0x28,0xff,0xf6,0x02,0x0c,0x02,0xbc,0x06,0x26,0x00,0xac,0x00,0x00,
0x00,0x06,0x01,0xdd,0x3c,0x00,0xff,0xff,0x00,0x28,0xff,0x3c,0x02,0x0c,0x02,0x08,0x06,0x26,0x00,0xac,
0x00,0x00,0x00,0x07,0x01,0xe1,0x00,0xc3,0x00,0x14,0x00,0x02,0x00,0x11,0x00,0x00,0x01,0x51,0x02,0xda,
0x00,0x0f,0x00,0x13,0x00,0x00,0x73,0x11,0x34,0x36,0x33,0x32,0x16,0x17,0x15,0x26,0x26,0x23,0x22,0x06,
0x15,0x11,0x03,0x35,0x21,0x15,0x7a,0x51,0x53,0x14,0x17,0x08,0x07,0x19,0x0e,0x2e,0x2b,0xb9,0x01,0x35,
0x02,0x46,0x46,0x4e,0x04,0x03,0x3f,0x02,0x04,0x2e,0x2a,0xfd,0xbe,0x01,0xba,0x44,0x44,0x00,0x00,0x02,
0x00,0x2a,0xff,0x29,0x02,0x0e,0x02,0x07,0x00,0x20,0x00,0x2c,0x00,0x00,0x45,0x22,0x26,0x27,0x33,0x16,
0x16,0x33,0x32,0x36,0x35,0x35,0x17,0x06,0x06,0x23,0x22,0x26,0x26,0x35,0x34,0x36,0x36,0x33,0x32,0x16,
0x17,0x07,0x35,0x33,0x11,0x14,0x06,0x03,0x32,0x36,0x35,0x34,0x26,0x23,0x22,0x06,0x15,0x14,0x16,0x01,
0x1b,0x5b,0x79,0x0d,0x4c,0x0b,0x4d,0x42,0x4e,0x50,0x0a,0x11,0x66,0x46,0x43,0x66,0x38,0x3a,0x69,0x46,
0x48,0x61,0x10,0x09,0x4b,0x82,0x6d,0x4b,0x58,0x58,0x4b,0x4c,0x57,0x58,0xd7,0x55,0x46,0x28,0x2f,0x55,
0x52,0x6d,0x02,0x3a,0x45,0x41,0x74,0x4d,0x4e,0x76,0x41,0x46,0x41,0x01,0x7f,0xfe,0x16,0x6d,0x7e,0x01,
0x1c,0x68,0x59,0x57,0x65,0x66,0x59,0x57,0x67,0x00,0xff,0xff,0x00,0x2a,0xff,0x29,0x02,0x0e,0x02,0xe4,
0x06,0x26,0x00,0xb6,0x00,0x00,0x00,0x06,0x01,0xda,0x3e,0x00,0xff,0xff,0x00,0x2a,0xff,0x29,0x02,0x0e,
0x03,0x25,0x06,0x26,0x00,0xb6,0x00,0x00,0x00,0x07,0x01,0xde,0x00,0xa9,0x00,0x00,0xff,0xff,0x00,0x2a,
0xff,0x29,0x02,0x0e,0x02,0xd0,0x06,0x26,0x00,0xb6,0x00,0x00,0x00,0x07,0x01,0xd3,0x00,0xb5,0x00,0x00,
0x00,0x02,0x00,0x50,0x00,0x00,0x02,0x0d,0x02,0xd0,0x00,0x03,0x00,0x14,0x00,0x00,0x73,0x11,0x33,0x11,
0x21,0x11,0x34,0x26,0x23,0x22,0x06,0x06,0x15,0x27,0x36,0x36,0x33,0x32,0x16,0x15,0x11,0x50,0x50,0x01,
0x1d,0x3a,0x39,0x32,0x4d,0x2b,0x0d,0x1a,0x6b,0x44,0x50,0x61,0x02,0xd0,0xfd,0x30,0x01,0x4e,0x3a,0x3a,
0x2c,0x4e,0x34,0x79,0x39,0x42,0x5b,0x4a,0xfe,0x9d,0x00,0x03,0x00,0x00,0x00,0x00,0x02,0x0d,0x02,0xd0,
0x00,0x03,0x00,0x07,0x00,0x18,0x00,0x00,0x51,0x35,0x21,0x15,0x03,0x11,0x33,0x11,0x21,0x11,0x34,0x26,
0x23,0x22,0x06,0x06,0x15,0x27,0x36,0x36,0x33,0x32,0x16,0x15,0x11,0x01,0x4f,0xff,0x50,0x01,0x1d,0x3a,
0x39,0x32,0x4d,0x2b,0x0d,0x1a,0x6b,0x44,0x50,0x61,0x02,0x53,0x3a,0x3a,0xfd,0xad,0x02,0xd0,0xfd,0x30,
0x01,0x4e,0x3a,0x3a,0x2c,0x4e,0x34,0x79,0x39,0x42,0x5b,0x4a,0xfe,0x9d,0xff,0xff,0x00,0x4a,0x00,0x00,
0x00,0xa6,0x02,0xd0,0x06,0x26,0x00,0xbd,0x00,0x00,0x00,0x06,0x01,0xd3,0x0e,0x00,0x00,0x01,0x00,0x50,
0x00,0x00,0x00,0xa0,0x01,0xfe,0x00,0x03,0x00,0x00,0x73,0x11,0x33,0x11,0x50,0x50,0x01,0xfe,0xfe,0x02,
0xff,0xff,0x00,0x28,0x00,0x00,0x01,0x14,0x02,0xe4,0x06,0x26,0x00,0xbd,0x00,0x00,0x00,0x06,0x01,0xd5,
0xec,0x00,0xff,0xff,0xff,0xbf,0x00,0x00,0x01,0x31,0x02,0xe4,0x06,0x26,0x00,0xbd,0x00,0x00,0x00,0x06,
0x01,0xd8,0x83,0x00,0xff,0xff,0xff,0xd7,0x00,0x00,0x01,0x18,0x02,0xd0,0x06,0x26,0x00,0xbd,0x00,0x00,
0x00,0x06,0x01,0xd2,0x9b,0x00,0xff,0xff,0x00,0x4a,0x00,0x00,0x00,0xa6,0x02,0xd0,0x06,0x26,0x00,0xbd,
0x00,0x00,0x00,0x06,0x01,0xd3,0x0e,0x00,0xff,0xff,0xff,0xdc,0x00,0x00,0x00,0xc8,0x02,0xe4,0x06,0x26,
0x00,0xbd,0x00,0x00,0x00,0x06,0x01,0xd4,0xa0,0x00,0xff,0xff,0x00,0x4a,0xff,0x29,0x01,0x93,0x02,0xd0,
0x04,0x26,0x00,0xbd,0x00,0x00,0x00,0x26,0x01,0xd3,0x0e,0x00,0x00,0x27,0x00,0xc7,0x00,0xed,0x00,0x00,
0x00,0x07,0x01,0xd3,0x00,0xfb,0x00,0x00,0xff,0xff,0xff,0xcb,0x00,0x00,0x01,0x25,0x02,0xbc,0x06,0x26,
0x00,0xbd,0x00,0x00,0x00,0x06,0x01,0xdd,0x8f,0x00,0xff,0xff,0x00,0x06,0xff,0x28,0x00,0xa6,0x02,0xd0,
0x06,0x26,0x00,0xbd,0x00,0x00,0x00,0x26,0x01,0xd3,0x0e,0x00,0x00,0x06,0x01,0xe1,0xca,0x00,0xff,0xff,
0xff,0xdd,0xff,0x29,0x00,0xa6,0x02,0xd0,0x06,0x26,0x00,0xc7,0x00,0x00,0x00,0x06,0x01,0xd3,0x0e,0x00,
0x00,0x01,0xff,0xdd,0xff,0x29,0x00,0xa0,0x01,0xfe,0x00,0x0f,0x00,0x00,0x57,0x22,0x26,0x27,0x35,0x16,
0x16,0x33,0x32,0x36,0x35,0x11,0x33,0x11,0x14,0x06,0x10,0x13,0x18,0x08,0x07,0x19,0x0e,0x27,0x1e,0x50,
0x44,0xd7,0x04,0x03,0x3f,0x02,0x04,0x22,0x22,0x02,0x51,0xfd,0xab,0x3e,0x42,0x00,0x00,0x02,0x00,0x50,
0x00,0x00,0x02,0x0b,0x02,0xe4,0x00,0x03,0x00,0x0a,0x00,0x00,0x73,0x11,0x33,0x11,0x33,0x01,0x25,0x33,
0x01,0x37,0x01,0x50,0x50,0xfd,0xfe,0xf1,0x01,0x05,0x6e,0xfe,0xdb,0x05,0x01,0x2a,0x02,0xe4,0xfd,0x1c,
0x01,0x09,0xf5,0xfe,0xf4,0x2f,0xfe,0xdf,0xff,0xff,0x00,0x50,0xfe,0xd8,0x02,0x0b,0x02,0xe4,0x06,0x26,
0x00,0xc8,0x00,0x00,0x00,0x07,0x01,0xdf,0x00,0xaa,0x00,0x00,0x00,0x01,0x00,0x50,0x00,0x00,0x00,0xa0,
0x02,0xd0,0x00,0x03,0x00,0x00,0x73,0x11,0x33,0x11,0x50,0x50,0x02,0xd0,0xfd,0x30,0xff,0xff,0x00,0x28,
0x00,0x00,0x01,0x14,0x03,0xb6,0x06,0x26,0x00,0xca,0x00,0x00,0x00,0x07,0x01,0xd5,0xff,0xec,0x00,0xd2,
0xff,0xff,0x00,0x50,0x00,0x00,0x01,0x32,0x02,0xd0,0x04,0x26,0x00,0xca,0x00,0x00,0x00,0x07,0x01,0xd7,
0x00,0xaa,0x00,0x00,0xff,0xff,0x00,0x43,0xfe,0xd8,0x00,0xac,0x02,0xd0,0x06,0x26,0x00,0xca,0x00,0x00,
0x00,0x06,0x01,0xdf,0x02,0x00,0x00,0x03,0x00,0x00,0x00,0x00,0x01,0x04,0x02,0xd0,0x00,0x03,0x00,0x07,
0x00,0x0b,0x00,0x00,0x53,0x07,0x35,0x37,0x35,0x37,0x15,0x07,0x03,0x11,0x33,0x11,0x85,0x85,0x83,0x81,
0x7f,0x2b,0x50,0x01,0x59,0x35,0x40,0x34,0x04,0x34,0x40,0x33,0xfe,0xa3,0x02,0xd0,0xfd,0x30,0x00,0x03,
0x00,0x50,0x00,0x00,0x03,0x50,0x02,0x08,0x00,0x05,0x00,0x16,0x00,0x27,0x00,0x00,0x73,0x11,0x33,0x15,
0x33,0x11,0x21,0x11,0x34,0x26,0x23,0x22,0x06,0x06,0x15,0x27,0x36,0x36,0x33,0x32,0x16,0x15,0x11,0x21,
0x11,0x34,0x26,0x23,0x22,0x06,0x06,0x15,0x27,0x36,0x36,0x33,0x32,0x16,0x15,0x11,0x50,0x4b,0x05,0x01,
0x08,0x34,0x31,0x2e,0x4a,0x2b,0x0d,0x1a,0x68,0x3d,0x4a,0x5c,0x01,0x08,0x34,0x31,0x2e,0x4a,0x2b,0x14,
0x1a,0x6c,0x3e,0x4a,0x5e,0x01,0xfe,0x78,0xfe,0x7a,0x01,0x52,0x3a,0x36,0x2c,0x4e,0x34,0x79,0x39,0x42,
0x57,0x4a,0xfe,0x99,0x01,0x52,0x3a,0x36,0x2c,0x4e,0x34,0x79,0x39,0x42,0x57,0x4a,0xfe,0x99,0x00,0x02,
0x00,0x50,0x00,0x00,0x02,0x0d,0x02,0x08,0x00,0x05,0x00,0x16,0x00,0x00,0x73,0x11,0x33,0x15,0x33,0x11,
0x21,0x11,0x34,0x26,0x23,0x22,0x06,0x06,0x15,0x27,0x36,0x36,0x33,0x32,0x16,0x15,0x11,0x50,0x4b,0x05,
0x01,0x1d,0x3a,0x39,0x32,0x4d,0x2b,0x0d,0x1a,0x6b,0x44,0x50,0x61,0x01,0xfe,0x78,0xfe,0x7a,0x01,0x4e,
0x3a,0x3a,0x2c,0x4e,0x34,0x79,0x39,0x42,0x5b,0x4a,0xfe,0x9d,0xff,0xff,0x00,0x50,0x00,0x00,0x02,0x0d,
0x02,0xe4,0x06,0x26,0x00,0xd0,0x00,0x00,0x00,0x07,0x01,0xd5,0x00,0xbe,0x00,0x00,0xff,0xff,0x00,0x50,
0x00,0x00,0x02,0x0d,0x02,0xe4,0x06,0x26,0x00,0xd0,0x00,0x00,0x00,0x06,0x01,0xd9,0x55,0x00,0xff,0xff,
0x00,0x50,0xfe,0xd8,0x02,0x0d,0x02,0x08,0x06,0x26,0x00,0xd0,0x00,0x00,0x00,0x07,0x01,0xdf,0x00,0xc6,
0x00,0x00,0xff,0xff,0x00,0x50,0x00,0x00,0x02,0x0d,0x02,0xd2,0x06,0x26,0x00,0xd0,0x00,0x00,0x00,0x06,
0x01,0xdc,0x52,0x00,0x00,0x02,0x00,0x50,0xff,0x29,0x02,0x0d,0x02,0x08,0x00,0x1c,0x00,0x22,0x00,0x00,
0x45,0x22,0x26,0x27,0x35,0x16,0x16,0x33,0x32,0x36,0x35,0x11,0x34,0x26,0x23,0x22,0x06,0x06,0x15,0x27,
0x36,0x36,0x33,0x32,0x16,0x15,0x11,0x14,0x06,0x25,0x11,0x33,0x15,0x33,0x11,0x01,0x7d,0x13,0x18,0x08,
0x07,0x19,0x0e,0x27,0x1e,0x3a,0x39,0x32,0x4d,0x2b,0x0d,0x1a,0x6b,0x44,0x50,0x61,0x44,0xfe,0x87,0x4b,
0x05,0xd7,0x04,0x03,0x3f,0x02,0x04,0x22,0x22,0x01,0xa1,0x3a,0x3a,0x2c,0x4e,0x34,0x79,0x39,0x42,0x5b,
0x4a,0xfe,0x46,0x3e,0x42,0xd7,0x01,0xfe,0x78,0xfe,0x7a,0x00,0x00,0x02,0x00,0x28,0xff,0xf6,0x02,0x20,
0x02,0x08,0x00,0x0f,0x00,0x1d,0x00,0x00,0x45,0x22,0x26,0x26,0x35,0x34,0x36,0x36,0x33,0x32,0x16,0x16,
0x15,0x14,0x06,0x06,0x27,0x32,0x36,0x36,0x35,0x34,0x26,0x23,0x22,0x06,0x15,0x14,0x16,0x16,0x01,0x24,
0x4b,0x72,0x3f,0x40,0x71,0x4b,0x4c,0x71,0x3f,0x3f,0x71,0x4c,0x34,0x4c,0x2a,0x5d,0x4d,0x4c,0x5e,0x2a,
0x4d,0x0a,0x46,0x79,0x4c,0x4d,0x76,0x44,0x44,0x76,0x4d,0x4c,0x79,0x46,0x44,0x33,0x5a,0x3b,0x58,0x6a,
0x6a,0x58,0x3b,0x5a,0x33,0x00,0xff,0xff,0x00,0x28,0xff,0xf6,0x02,0x20,0x02,0xe4,0x06,0x26,0x00,0xd6,
0x00,0x00,0x00,0x07,0x01,0xd5,0x00,0x98,0x00,0x00,0xff,0xff,0x00,0x28,0xff,0xf6,0x02,0x20,0x02,0xe4,
0x06,0x26,0x00,0xd6,0x00,0x00,0x00,0x06,0x01,0xd8,0x2f,0x00,0xff,0xff,0x00,0x28,0xff,0xf6,0x02,0x20,
0x02,0xd0,0x06,0x26,0x00,0xd6,0x00,0x00,0x00,0x06,0x01,0xd2,0x47,0x00,0xff,0xff,0x00,0x28,0xff,0xf6,
0x02,0x20,0x02,0xe4,0x06,0x26,0x00,0xd6,0x00,0x00,0x00,0x06,0x01,0xd4,0x4c,0x00,0xff,0xff,0x00,0x28,
0xff,0xf6,0x02,0x20,0x02,0xe4,0x06,0x26,0x00,0xd6,0x00,0x00,0x00,0x06,0x01,0xd6,0x53,0x00,0xff,0xff,
0x00,0x28,0xff,0xf6,0x02,0x20,0x02,0xbc,0x06,0x26,0x00,0xd6,0x00,0x00,0x00,0x06,0x01,0xdd,0x3b,0x00,
0x00,0x03,0x00,0x23,0xff,0xf6,0x02,0x25,0x02,0x08,0x00,0x0f,0x00,0x1d,0x00,0x21,0x00,0x00,0x45,0x22,
0x26,0x26,0x35,0x34,0x36,0x36,0x33,0x32,0x16,0x16,0x15,0x14,0x06,0x06,0x27,0x32,0x36,0x36,0x35,0x34,
0x26,0x23,0x22,0x06,0x15,0x14,0x16,0x16,0x07,0x27,0x01,0x17,0x01,0x24,0x4b,0x72,0x3f,0x40,0x71,0x4b,
0x4c,0x71,0x3f,0x3f,0x71,0x4c,0x34,0x4c,0x2a,0x5d,0x4d,0x4c,0x5e,0x2a,0x4d,0xa5,0x29,0x01,0xd9,0x29,
0x0a,0x46,0x79,0x4c,0x4d,0x76,0x44,0x44,0x76,0x4d,0x4c,0x79,0x46,0x44,0x33,0x5a,0x3b,0x58,0x6a,0x6a,
0x58,0x3b,0x5a,0x33,0x3c,0x29,0x01,0xd9,0x29,0x00,0xff,0xff,0x00,0x28,0xff,0xf6,0x02,0x20,0x02,0xd2,
0x06,0x26,0x00,0xd6,0x00,0x00,0x00,0x06,0x01,0xdc,0x2c,0x00,0x00,0x03,0x00,0x28,0xff,0xf6,0x03,0x8a,
0x02,0x08,0x00,0x0f,0x00,0x1f,0x00,0x44,0x00,0x00,0x45,0x22,0x26,0x26,0x35,0x34,0x36,0x36,0x33,0x32,
0x16,0x16,0x15,0x14,0x06,0x06,0x27,0x32,0x36,0x36,0x35,0x34,0x26,0x26,0x23,0x22,0x06,0x06,0x15,0x14,
0x16,0x16,0x05,0x22,0x26,0x26,0x35,0x34,0x36,0x36,0x33,0x32,0x16,0x16,0x15,0x14,0x06,0x07,0x21,0x35,
0x21,0x07,0x34,0x26,0x23,0x22,0x06,0x06,0x15,0x14,0x16,0x16,0x33,0x32,0x36,0x37,0x33,0x06,0x06,0x01,
0x1a,0x46,0x6e,0x3e,0x3f,0x6d,0x46,0x47,0x68,0x39,0x39,0x68,0x47,0x2f,0x48,0x29,0x29,0x48,0x2f,0x2e,
0x48,0x2a,0x2a,0x48,0x01,0xbd,0x44,0x67,0x3a,0x3a,0x68,0x45,0x42,0x65,0x38,0x01,0x02,0xfe,0x6f,0x01,
0x60,0x1a,0x4e,0x43,0x2e,0x48,0x29,0x29,0x49,0x2f,0x29,0x48,0x11,0x4c,0x19,0x72,0x0a,0x46,0x79,0x4c,
0x4d,0x76,0x44,0x44,0x76,0x4d,0x4c,0x79,0x46,0x44,0x33,0x5a,0x3b,0x3b,0x57,0x30,0x30,0x57,0x3b,0x3b,
0x5a,0x33,0x44,0x45,0x78,0x4e,0x4e,0x77,0x42,0x3e,0x70,0x4c,0x0a,0x12,0x0b,0x43,0x25,0x5c,0x63,0x30,
0x57,0x3b,0x3c,0x5a,0x32,0x2b,0x28,0x46,0x51,0x00,0x00,0x02,0x00,0x50,0xff,0x33,0x02,0x34,0x02,0x08,
0x00,0x14,0x00,0x20,0x00,0x00,0x45,0x22,0x26,0x27,0x37,0x11,0x23,0x11,0x33,0x15,0x27,0x36,0x36,0x33,
0x32,0x16,0x16,0x15,0x14,0x06,0x06,0x27,0x32,0x36,0x35,0x34,0x26,0x23,0x22,0x06,0x15,0x14,0x16,0x01,
0x4c,0x48,0x62,0x12,0x10,0x50,0x4b,0x0b,0x13,0x6a,0x46,0x44,0x65,0x38,0x3a,0x68,0x52,0x4c,0x56,0x56,
0x4c,0x4c,0x58,0x58,0x09,0x46,0x40,0x02,0xfe,0xb4,0x02,0xcb,0x77,0x03,0x3b,0x43,0x42,0x76,0x4f,0x50,
0x78,0x42,0x46,0x69,0x5b,0x5a,0x67,0x69,0x5b,0x59,0x68,0x00,0x00,0x02,0x00,0x50,0xff,0x33,0x02,0x34,
0x02,0xd0,0x00,0x14,0x00,0x20,0x00,0x00,0x45,0x22,0x26,0x27,0x37,0x11,0x23,0x11,0x33,0x11,0x27,0x36,
0x36,0x33,0x32,0x16,0x16,0x15,0x14,0x06,0x06,0x27,0x32,0x36,0x35,0x34,0x26,0x23,0x22,0x06,0x15,0x14,
0x16,0x01,0x4c,0x48,0x62,0x12,0x10,0x50,0x50,0x10,0x13,0x6a,0x46,0x44,0x65,0x38,0x3a,0x68,0x52,0x4c,
0x56,0x56,0x4c,0x4c,0x58,0x58,0x09,0x46,0x40,0x02,0xfe,0xb4,0x03,0x9d,0xfe,0xb7,0x03,0x3b,0x43,0x42,
0x76,0x4f,0x50,0x78,0x42,0x46,0x69,0x5b,0x5a,0x67,0x69,0x5b,0x59,0x68,0x00,0x02,0x00,0x2a,0xff,0x33,
0x02,0x0e,0x02,0x07,0x00,0x14,0x00,0x20,0x00,0x00,0x45,0x11,0x17,0x06,0x06,0x23,0x22,0x26,0x26,0x35,
0x34,0x36,0x36,0x33,0x32,0x16,0x17,0x07,0x35,0x33,0x11,0x03,0x32,0x36,0x35,0x34,0x26,0x23,0x22,0x06,
0x15,0x14,0x16,0x01,0xbe,0x0f,0x13,0x65,0x46,0x45,0x67,0x39,0x3a,0x68,0x46,0x48,0x62,0x12,0x0b,0x4b,
0xf0,0x4d,0x57,0x58,0x4c,0x4c,0x56,0x56,0xcd,0x01,0x44,0x03,0x3a,0x44,0x41,0x77,0x4f,0x50,0x78,0x42,
0x46,0x40,0x02,0x7f,0xfd,0x35,0x01,0x09,0x69,0x5b,0x59,0x68,0x68,0x5c,0x5a,0x67,0x00,0x02,0x00,0x50,
0x00,0x00,0x01,0x5f,0x02,0x08,0x00,0x05,0x00,0x12,0x00,0x00,0x73,0x11,0x33,0x15,0x33,0x11,0x11,0x27,
0x36,0x36,0x33,0x32,0x17,0x15,0x26,0x26,0x23,0x22,0x06,0x50,0x4b,0x05,0x0d,0x12,0x5c,0x3c,0x19,0x09,
0x05,0x12,0x0d,0x4c,0x4f,0x01,0xfe,0x82,0xfe,0x84,0x01,0x0a,0x79,0x41,0x44,0x04,0x4d,0x02,0x01,0x5b,
0xff,0xff,0x00,0x50,0x00,0x00,0x01,0x73,0x02,0xe4,0x06,0x26,0x00,0xe3,0x00,0x00,0x00,0x06,0x01,0xd5,
0x4b,0x00,0xff,0xff,0x00,0x1e,0x00,0x00,0x01,0x90,0x02,0xe4,0x06,0x26,0x00,0xe3,0x00,0x00,0x00,0x06,
0x01,0xd9,0xe2,0x00,0xff,0xff,0x00,0x43,0xfe,0xd8,0x01,0x5f,0x02,0x08,0x06,0x26,0x00,0xe3,0x00,0x00,
0x00,0x06,0x01,0xdf,0x02,0x00,0x00,0x01,0x00,0x27,0xff,0xf6,0x01,0xbd,0x02,0x08,0x00,0x27,0x00,0x00,
0x57,0x22,0x26,0x27,0x33,0x16,0x16,0x33,0x32,0x36,0x35,0x34,0x26,0x27,0x27,0x26,0x26,0x35,0x34,0x36,
0x33,0x32,0x16,0x17,0x23,0x26,0x26,0x23,0x22,0x06,0x15,0x14,0x16,0x17,0x17,0x16,0x16,0x15,0x14,0x06,
0xfd,0x5e,0x70,0x08,0x4d,0x07,0x48,0x3c,0x35,0x3c,0x22,0x33,0x52,0x46,0x46,0x62,0x54,0x53,0x68,0x07,
0x4d,0x07,0x3e,0x33,0x31,0x36,0x27,0x2e,0x50,0x47,0x48,0x66,0x0a,0x57,0x50,0x31,0x34,0x28,0x25,0x1a,
0x27,0x0d,0x15,0x12,0x4b,0x34,0x42,0x4d,0x50,0x47,0x29,0x2c,0x25,0x22,0x1a,0x26,0x0d,0x16,0x13,0x4e,
0x37,0x43,0x4b,0x00,0xff,0xff,0x00,0x27,0xff,0xf6,0x01,0xbd,0x02,0xe4,0x06,0x26,0x00,0xe7,0x00,0x00,
0x00,0x06,0x01,0xd5,0x65,0x00,0xff,0xff,0x00,0x27,0xff,0xf6,0x01,0xbd,0x02,0xe4,0x06,0x26,0x00,0xe7,
0x00,0x00,0x00,0x06,0x01,0xd9,0xfc,0x00,0xff,0xff,0x00,0x27,0xff,0x29,0x01,0xbd,0x02,0x08,0x06,0x26,
0x00,0xe7,0x00,0x00,0x00,0x06,0x01,0xe0,0x3e,0x00,0xff,0xff,0x00,0x27,0xfe,0xd8,0x01,0xbd,0x02,0x08,
0x06,0x26,0x00,0xe7,0x00,0x00,0x00,0x07,0x01,0xdf,0x00,0x84,0x00,0x00,0x00,0x01,0x00,0x50,0xff,0xf7,
0x02,0x3e,0x02,0xda,0x00,0x30,0x00,0x00,0x45,0x22,0x26,0x27,0x35,0x16,0x16,0x33,0x32,0x36,0x35,0x34,
0x26,0x23,0x23,0x35,0x33,0x32,0x36,0x36,0x35,0x34,0x26,0x23,0x22,0x06,0x15,0x11,0x23,0x11,0x34,0x36,
0x33,0x32,0x16,0x16,0x15,0x14,0x06,0x06,0x23,0x27,0x32,0x16,0x16,0x15,0x14,0x06,0x06,0x01,0x3d,0x17,
0x24,0x0b,0x0f,0x20,0x13,0x63,0x50,0x59,0x4a,0x3e,0x3c,0x22,0x3a,0x23,0x4d,0x41,0x41,0x57,0x50,0x7e,
0x68,0x44,0x65,0x39,0x31,0x52,0x33,0x07,0x45,0x66,0x38,0x3d,0x73,0x09,0x05,0x04,0x44,0x04,0x05,0x4b,
0x3e,0x41,0x51,0x46,0x1e,0x38,0x25,0x3b,0x48,0x53,0x55,0xfe,0x0e,0x01,0xf6,0x6b,0x79,0x2e,0x55,0x39,
0x33,0x4e,0x2c,0x15,0x33,0x58,0x3a,0x3c,0x5b,0x33,0x00,0x02,0x00,0x11,0xff,0xf7,0x01,0x62,0x02,0x93,
0x00,0x0f,0x00,0x13,0x00,0x00,0x45,0x22,0x26,0x35,0x11,0x37,0x11,0x14,0x16,0x33,0x32,0x36,0x37,0x15,
0x06,0x06,0x01,0x35,0x21,0x15,0x01,0x1c,0x55,0x4d,0x50,0x2c,0x32,0x14,0x1d,0x09,0x0a,0x25,0xfe,0xde,
0x01,0x51,0x09,0x4d,0x49,0x01,0xe8,0x1e,0xfd,0xfb,0x2b,0x28,0x05,0x04,0x44,0x04,0x05,0x01,0xc3,0x44,
0x44,0x00,0xff,0xff,0x00,0x11,0xff,0xf7,0x01,0x7b,0x03,0x0c,0x06,0x26,0x00,0xed,0x00,0x00,0x00,0x07,
0x01,0xd7,0x00,0xf3,0x00,0x3c,0xff,0xff,0x00,0x11,0xfe,0xd8,0x01,0x62,0x02,0x93,0x06,0x26,0x00,0xed,
0x00,0x00,0x00,0x07,0x01,0xdf,0x00,0x80,0x00,0x00,0x00,0x02,0x00,0x4a,0xff,0xf6,0x01,0xfd,0x01,0xfe,
0x00,0x11,0x00,0x17,0x00,0x00,0x57,0x22,0x26,0x26,0x35,0x11,0x33,0x11,0x14,0x16,0x33,0x32,0x36,0x36,
0x35,0x17,0x06,0x06,0x37,0x35,0x23,0x11,0x33,0x11,0xf6,0x32,0x4e,0x2c,0x50,0x39,0x35,0x30,0x4a,0x2b,
0x0d,0x19,0x6a,0x7b,0x05,0x50,0x0a,0x29,0x4b,0x31,0x01,0x63,0xfe,0xb2,0x3a,0x3a,0x2c,0x4f,0x33,0x79,
0x39,0x42,0x0a,0x78,0x01,0x86,0xfe,0x02,0xff,0xff,0x00,0x4a,0xff,0xf6,0x01,0xfd,0x02,0xe4,0x06,0x26,
0x00,0xf0,0x00,0x00,0x00,0x07,0x01,0xd5,0x00,0x9b,0x00,0x00,0xff,0xff,0x00,0x4a,0xff,0xf6,0x01,0xfd,
0x02,0xe4,0x06,0x26,0x00,0xf0,0x00,0x00,0x00,0x06,0x01,0xda,0x46,0x00,0xff,0xff,0x00,0x4a,0xff,0xf6,
0x01,0xfd,0x02,0xe4,0x06,0x26,0x00,0xf0,0x00,0x00,0x00,0x06,0x01,0xd8,0x32,0x00,0xff,0xff,0x00,0x4a,
0xff,0xf6,0x01,0xfd,0x02,0xd0,0x06,0x26,0x00,0xf0,0x00,0x00,0x00,0x06,0x01,0xd2,0x4a,0x00,0xff,0xff,
0x00,0x4a,0xff,0xf6,0x01,0xfd,0x02,0xe4,0x06,0x26,0x00,0xf0,0x00,0x00,0x00,0x06,0x01,0xd4,0x4f,0x00,
0xff,0xff,0x00,0x4a,0xff,0xf6,0x01,0xfd,0x02,0xe4,0x06,0x26,0x00,0xf0,0x00,0x00,0x00,0x06,0x01,0xd6,
0x56,0x00,0xff,0xff,0x00,0x4a,0xff,0xf6,0x01,0xfd,0x02,0xbc,0x06,0x26,0x00,0xf0,0x00,0x00,0x00,0x06,
0x01,0xdd,0x3e,0x00,0xff,0xff,0x00,0x4a,0xff,0x28,0x02,0x00,0x01,0xfe,0x06,0x26,0x00,0xf0,0x00,0x00,
0x00,0x07,0x01,0xe1,0x01,0x27,0x00,0x00,0xff,0xff,0x00,0x4a,0xff,0xf6,0x01,0xfd,0x03,0x08,0x06,0x26,
0x00,0xf0,0x00,0x00,0x00,0x06,0x01,0xdb,0x7f,0x00,0x00,0x01,0x00,0x12,0x00,0x00,0x01,0xf9,0x01,0xfe,
0x00,0x07,0x00,0x00,0x73,0x03,0x33,0x13,0x23,0x13,0x33,0x03,0xe5,0xd3,0x56,0xb0,0x20,0xaf,0x52,0xd3,
0x01,0xfe,0xfe,0x38,0x01,0xc8,0xfe,0x02,0x00,0x01,0x00,0x1c,0x00,0x00,0x02,0xe3,0x01,0xfe,0x00,0x0f,
0x00,0x00,0x73,0x03,0x33,0x13,0x23,0x13,0x33,0x13,0x23,0x13,0x33,0x03,0x23,0x03,0x33,0x03,0xb8,0x9c,
0x51,0x78,0x14,0x90,0x41,0x91,0x14,0x77,0x4d,0x9c,0x41,0x90,0x15,0x92,0x01,0xfe,0xfe,0x4b,0x01,0xb5,
0xfe,0x4b,0x01,0xb5,0xfe,0x02,0x01,0xab,0xfe,0x55,0xff,0xff,0x00,0x1c,0x00,0x00,0x02,0xe3,0x02,0xe4,
0x06,0x26,0x00,0xfb,0x00,0x00,0x00,0x07,0x01,0xd5,0x00,0xf4,0x00,0x00,0xff,0xff,0x00,0x1c,0x00,0x00,
0x02,0xe3,0x02,0xe4,0x06,0x26,0x00,0xfb,0x00,0x00,0x00,0x07,0x01,0xd8,0x00,0x8b,0x00,0x00,0xff,0xff,
0x00,0x1c,0x00,0x00,0x02,0xe3,0x02,0xd0,0x06,0x26,0x00,0xfb,0x00,0x00,0x00,0x07,0x01,0xd2,0x00,0xa3,
0x00,0x00,0xff,0xff,0x00,0x1c,0x00,0x00,0x02,0xe3,0x02,0xe4,0x06,0x26,0x00,0xfb,0x00,0x00,0x00,0x07,
0x01,0xd4,0x00,0xa8,0x00,0x00,0x00,0x03,0x00,0x20,0x00,0x00,0x02,0x07,0x01,0xfe,0x00,0x05,0x00,0x09,
0x00,0x0d,0x00,0x00,0x61,0x27,0x03,0x33,0x17,0x13,0x01,0x37,0x33,0x03,0x07,0x07,0x23,0x13,0x01,0xaa,
0xa9,0xca,0x5d,0x9c,0xd7,0xfe,0xff,0xa0,0x5a,0xd0,0x08,0xad,0x5b,0xe1,0xed,0x01,0x11,0xdb,0xfe,0xdd,
0x01,0x1f,0xdf,0xfe,0xeb,0x01,0xe8,0x01,0x21,0x00,0x00,0x02,0x00,0x12,0xff,0x33,0x01,0xf9,0x01,0xfe,
0x00,0x05,0x00,0x09,0x00,0x00,0x57,0x13,0x37,0x13,0x33,0x01,0x37,0x03,0x33,0x13,0x7c,0x72,0x12,0xa7,
0x52,0xfe,0xd8,0x26,0xe5,0x58,0xc5,0xcd,0x01,0x09,0x1c,0x01,0xa6,0xfd,0x35,0xc8,0x02,0x03,0xfe,0x33,
0xff,0xff,0x00,0x12,0xff,0x33,0x01,0xf9,0x02,0xe4,0x06,0x26,0x01,0x01,0x00,0x00,0x00,0x06,0x01,0xd5,
0x7a,0x00,0xff,0xff,0x00,0x12,0xff,0x33,0x01,0xf9,0x02,0xe4,0x06,0x26,0x01,0x01,0x00,0x00,0x00,0x06,
0x01,0xd8,0x11,0x00,0xff,0xff,0x00,0x12,0xff,0x33,0x01,0xf9,0x02,0xd0,0x06,0x26,0x01,0x01,0x00,0x00,
0x00,0x06,0x01,0xd2,0x29,0x00,0xff,0xff,0x00,0x12,0xff,0x33,0x01,0xf9,0x02,0xe4,0x06,0x26,0x01,0x01,
0x00,0x00,0x00,0x06,0x01,0xd4,0x2e,0x00,0x00,0x01,0x00,0x36,0x00,0x00,0x01,0xc2,0x01,0xfe,0x00,0x0b,
0x00,0x00,0x73,0x35,0x01,0x17,0x21,0x35,0x21,0x15,0x01,0x27,0x21,0x15,0x36,0x01,0x36,0x1e,0xfe,0xb6,
0x01,0x78,0xfe,0xca,0x1e,0x01,0x5e,0x3a,0x01,0xa5,0x25,0x44,0x3a,0xfe,0x5b,0x25,0x44,0x00,0xff,0xff,
0x00,0x36,0x00,0x00,0x01,0xc2,0x02,0xe4,0x06,0x26,0x01,0x06,0x00,0x00,0x00,0x06,0x01,0xd5,0x6c,0x00,
0xff,0xff,0x00,0x36,0x00,0x00,0x01,0xc2,0x02,0xe4,0x06,0x26,0x01,0x06,0x00,0x00,0x00,0x06,0x01,0xd9,
0x03,0x00,0xff,0xff,0x00,0x36,0x00,0x00,0x01,0xc2,0x02,0xd0,0x06,0x26,0x01,0x06,0x00,0x00,0x00,0x07,
0x01,0xd3,0x00,0x8e,0x00,0x00,0xff,0xff,0x00,0x2e,0xff,0xf6,0x01,0xd6,0x02,0xd0,0x06,0x26,0x00,0x96,
0x00,0x00,0x00,0x06,0x01,0xe2,0x24,0x00,0xff,0xff,0x00,0x28,0xff,0xf6,0x01,0xf1,0x02,0xd0,0x06,0x26,
0x00,0xa3,0x00,0x00,0x00,0x07,0x01,0xe3,0x00,0xa7,0x00,0x00,0xff,0xff,0x00,0x28,0xff,0xf6,0x02,0x0c,
0x02,0xd0,0x06,0x26,0x00,0xac,0x00,0x00,0x00,0x06,0x01,0xe2,0x3e,0x00,0xff,0xff,0x00,0x28,0xff,0xf6,
0x02,0x0c,0x02,0xd0,0x06,0x26,0x00,0xac,0x00,0x00,0x00,0x07,0x01,0xe3,0x00,0xb1,0x00,0x00,0xff,0xff,
0x00,0x2a,0xff,0x29,0x02,0x0e,0x03,0x25,0x06,0x26,0x00,0xb6,0x00,0x00,0x00,0x07,0x01,0xe4,0x00,0xa9,
0x00,0x00,0xff,0xff,0x00,0x2a,0xff,0x29,0x02,0x0e,0x02,0xd0,0x06,0x26,0x00,0xb6,0x00,0x00,0x00,0x07,
0x01,0xe3,0x00,0xab,0x00,0x00,0xff,0xff,0x00,0x40,0x00,0x00,0x00,0xaf,0x02,0xd0,0x06,0x26,0x00,0xbd,
0x00,0x00,0x00,0x06,0x01,0xe3,0x04,0x00,0xff,0xff,0xff,0xcd,0x00,0x00,0x01,0x22,0x02,0xd0,0x06,0x26,
0x00,0xbd,0x00,0x00,0x00,0x06,0x01,0xe2,0x91,0x00,0xff,0xff,0x00,0x40,0x00,0x00,0x00,0xaf,0x02,0xd0,
0x06,0x26,0x00,0xbd,0x00,0x00,0x00,0x06,0x01,0xe3,0x04,0x00,0xff,0xff,0x00,0x40,0xff,0x29,0x01,0x98,
0x02,0xd0,0x04,0x26,0x00,0xbd,0x00,0x00,0x00,0x26,0x01,0xe3,0x04,0x00,0x00,0x27,0x00,0xc7,0x00,0xe9,
0x00,0x00,0x00,0x07,0x01,0xe3,0x00,0xed,0x00,0x00,0xff,0xff,0x00,0x06,0xff,0x28,0x00,0xaf,0x02,0xd0,
0x06,0x26,0x00,0xbd,0x00,0x00,0x00,0x26,0x01,0xe3,0x04,0x00,0x00,0x06,0x01,0xe1,0xca,0x00,0xff,0xff,
0xff,0xdd,0xff,0x29,0x00,0xaf,0x02,0xd0,0x06,0x26,0x00,0xc7,0x00,0x00,0x00,0x06,0x01,0xe3,0x04,0x00,
0xff,0xff,0x00,0x50,0xfe,0xd8,0x02,0x0b,0x02,0xe4,0x06,0x26,0x00,0xc8,0x00,0x00,0x00,0x07,0x01,0xe5,
0x00,0xaa,0x00,0x00,0xff,0xff,0x00,0x3e,0xfe,0xd8,0x00,0xb1,0x02,0xd0,0x06,0x26,0x00,0xca,0x00,0x00,
0x00,0x06,0x01,0xe5,0x02,0x00,0xff,0xff,0x00,0x50,0xfe,0xd8,0x02,0x0d,0x02,0x08,0x06,0x26,0x00,0xd0,
0x00,0x00,0x00,0x07,0x01,0xe5,0x00,0xc6,0x00,0x00,0xff,0xff,0x00,0x28,0xff,0xf6,0x02,0x20,0x02,0xd0,
0x06,0x26,0x00,0xd6,0x00,0x00,0x00,0x06,0x01,0xe2,0x3d,0x00,0xff,0xff,0x00,0x3e,0xfe,0xd8,0x01,0x5f,
0x02,0x08,0x06,0x26,0x00,0xe3,0x00,0x00,0x00,0x06,0x01,0xe5,0x02,0x00,0xff,0xff,0x00,0x27,0xfe,0xd8,
0x01,0xbd,0x02,0x08,0x06,0x26,0x00,0xe7,0x00,0x00,0x00,0x07,0x01,0xe5,0x00,0x84,0x00,0x00,0xff,0xff,
0x00,0x11,0xfe,0xd8,0x01,0x62,0x02,0x93,0x06,0x26,0x00,0xed,0x00,0x00,0x00,0x07,0x01,0xe5,0x00,0x80,
0x00,0x00,0xff,0xff,0x00,0x4a,0xff,0xf6,0x01,0xfd,0x02,0xd0,0x06,0x26,0x00,0xf0,0x00,0x00,0x00,0x06,
0x01,0xe2,0x40,0x00,0xff,0xff,0x00,0x1c,0x00,0x00,0x02,0xe3,0x02,0xd0,0x06,0x26,0x00,0xfb,0x00,0x00,
0x00,0x07,0x01,0xe2,0x00,0x99,0x00,0x00,0xff,0xff,0x00,0x12,0xff,0x33,0x01,0xf9,0x02,0xd0,0x06,0x26,
0x01,0x01,0x00,0x00,0x00,0x06,0x01,0xe2,0x1f,0x00,0xff,0xff,0x00,0x36,0x00,0x00,0x01,0xc2,0x02,0xd0,
0x06,0x26,0x01,0x06,0x00,0x00,0x00,0x07,0x01,0xe3,0x00,0x84,0x00,0x00,0x00,0x02,0x00,0x2a,0xff,0xf6,
0x02,0x0e,0x02,0x07,0x00,0x14,0x00,0x20,0x00,0x00,0x45,0x22,0x26,0x26,0x35,0x34,0x36,0x36,0x33,0x32,
0x16,0x17,0x07,0x35,0x33,0x11,0x23,0x35,0x17,0x06,0x06,0x27,0x32,0x36,0x35,0x34,0x26,0x23,0x22,0x06,
0x15,0x14,0x16,0x01,0x0f,0x45,0x67,0x39,0x3a,0x68,0x46,0x48,0x62,0x12,0x0b,0x4b,0x4b,0x0a,0x13,0x65,
0x37,0x4d,0x57,0x58,0x4c,0x4c,0x56,0x56,0x0a,0x42,0x76,0x4f,0x50,0x78,0x42,0x46,0x40,0x02,0x7f,0xfe,
0x02,0x77,0x03,0x3a,0x44,0x46,0x69,0x5b,0x59,0x68,0x68,0x5c,0x5a,0x67,0xff,0xff,0x00,0x2a,0xff,0xf6,
0x02,0x0e,0x02,0xe4,0x06,0x26,0x01,0x21,0x00,0x00,0x00,0x07,0x01,0xd5,0x00,0xa3,0x00,0x00,0xff,0xff,
0x00,0x2a,0xff,0xf6,0x02,0x0e,0x02,0xe4,0x06,0x26,0x01,0x21,0x00,0x00,0x00,0x06,0x01,0xda,0x4e,0x00,
0xff,0xff,0x00,0x2a,0xff,0xf6,0x02,0x0e,0x02,0xe4,0x06,0x26,0x01,0x21,0x00,0x00,0x00,0x06,0x01,0xd9,
0x3a,0x00,0xff,0xff,0x00,0x2a,0xff,0xf6,0x02,0x0e,0x02,0xe4,0x06,0x26,0x01,0x21,0x00,0x00,0x00,0x06,
0x01,0xd8,0x3a,0x00,0xff,0xff,0x00,0x2a,0xff,0xf6,0x02,0x0e,0x02,0xd0,0x06,0x26,0x01,0x21,0x00,0x00,
0x00,0x06,0x01,0xd2,0x52,0x00,0xff,0xff,0x00,0x2a,0xff,0xf6,0x02,0x0e,0x02,0xe4,0x06,0x26,0x01,0x21,
0x00,0x00,0x00,0x06,0x01,0xd4,0x57,0x00,0xff,0xff,0x00,0x2a,0xff,0xf6,0x02,0x0e,0x02,0xbc,0x06,0x26,
0x01,0x21,0x00,0x00,0x00,0x06,0x01,0xdd,0x46,0x00,0xff,0xff,0x00,0x2a,0xff,0x28,0x02,0x11,0x02,0x07,
0x06,0x26,0x01,0x21,0x00,0x00,0x00,0x07,0x01,0xe1,0x01,0x38,0x00,0x00,0xff,0xff,0x00,0x2a,0xff,0xf6,
0x02,0x0e,0x03,0x08,0x06,0x26,0x01,0x21,0x00,0x00,0x00,0x07,0x01,0xdb,0x00,0x87,0x00,0x00,0xff,0xff,
0x00,0x2a,0xff,0xf6,0x02,0x0e,0x02,0xd2,0x06,0x26,0x01,0x21,0x00,0x00,0x00,0x06,0x01,0xdc,0x37,0x00,
0x00,0x02,0x00,0x12,0xff,0x29,0x01,0xf9,0x01,0xfe,0x00,0x12,0x00,0x16,0x00,0x00,0x57,0x22,0x26,0x27,
0x35,0x16,0x16,0x33,0x32,0x36,0x3f,0x02,0x13,0x33,0x03,0x0e,0x02,0x37,0x03,0x33,0x13,0x76,0x10,0x1c,
0x08,0x08,0x1a,0x0f,0x25,0x2c,0x12,0x26,0x0c,0x9f,0x52,0xe7,0x11,0x2c,0x39,0x5b,0xe5,0x54,0xc5,0xd7,
0x05,0x03,0x3f,0x03,0x04,0x28,0x31,0x67,0x21,0x01,0xb4,0xfd,0xaa,0x2c,0x39,0x1a,0xd2,0x02,0x03,0xfe,
0x33,0x00,0xff,0xff,0x00,0x12,0xff,0x29,0x01,0xf9,0x02,0xe4,0x06,0x26,0x01,0x2c,0x00,0x00,0x00,0x06,
0x01,0xd5,0x7c,0x00,0xff,0xff,0x00,0x12,0xff,0x29,0x01,0xf9,0x02,0xe4,0x06,0x26,0x01,0x2c,0x00,0x00,
0x00,0x06,0x01,0xd8,0x13,0x00,0xff,0xff,0x00,0x12,0xff,0x29,0x01,0xf9,0x02,0xd0,0x06,0x26,0x01,0x2c,
0x00,0x00,0x00,0x06,0x01,0xd2,0x2b,0x00,0xff,0xff,0x00,0x12,0xff,0x29,0x01,0xf9,0x02,0xe4,0x06,0x26,
0x01,0x2c,0x00,0x00,0x00,0x06,0x01,0xd4,0x30,0x00,0x00,0x03,0x00,0x50,0x00,0x00,0x02,0x0b,0x02,0xd0,
0x00,0x03,0x00,0x09,0x00,0x0d,0x00,0x00,0x73,0x11,0x33,0x11,0x27,0x01,0x33,0x0f,0x02,0x37,0x13,0x23,
0x03,0x50,0x50,0x0a,0x01,0x04,0x64,0xdc,0x08,0x8a,0xa6,0xd5,0x5e,0xc0,0x02,0xd0,0xfd,0x30,0xeb,0x01,
0x13,0xe9,0x01,0x8e,0xaa,0xfe,0xd0,0x01,0x18,0x00,0xff,0xff,0x00,0x50,0xfe,0xd8,0x02,0x0b,0x02,0xd0,
0x06,0x26,0x01,0x31,0x00,0x00,0x00,0x07,0x01,0xdf,0x00,0xaa,0x00,0x00,0xff,0xff,0x00,0x2a,0xff,0xf6,
0x02,0x0e,0x02,0xd0,0x06,0x26,0x01,0x21,0x00,0x00,0x00,0x06,0x01,0xe2,0x48,0x00,0xff,0xff,0x00,0x12,
0xff,0x29,0x01,0xf9,0x02,0xd0,0x06,0x26,0x01,0x2c,0x00,0x00,0x00,0x06,0x01,0xe2,0x21,0x00,0xff,0xff,
0x00,0x50,0xfe,0xd8,0x02,0x0b,0x02,0xd0,0x06,0x26,0x01,0x31,0x00,0x00,0x00,0x07,0x01,0xe5,0x00,0xaa,
0x00,0x00,0x00,0x05,0x00,0x11,0x00,0x00,0x03,0x54,0x02,0xda,0x00,0x0f,0x00,0x1f,0x00,0x23,0x00,0x27,
0x00,0x2b,0x00,0x00,0x73,0x11,0x34,0x36,0x33,0x32,0x16,0x17,0x15,0x26,0x26,0x23,0x22,0x06,0x15,0x11,
0x33,0x11,0x34,0x36,0x33,0x32,0x16,0x17,0x15,0x26,0x26,0x23,0x22,0x06,0x15,0x11,0x33,0x11,0x33,0x11,
0x01,0x35,0x21,0x15,0x27,0x35,0x33,0x15,0x7a,0x51,0x53,0x14,0x17,0x08,0x07,0x19,0x0e,0x2e,0x2b,0xf2,
0x51,0x53,0x14,0x17,0x08,0x07,0x19,0x0e,0x2e,0x2b,0xf2,0x50,0xfc,0xc3,0x03,0x1a,0x33,0x5c,0x02,0x46,
0x46,0x4e,0x04,0x03,0x3f,0x02,0x04,0x2e,0x2a,0xfd,0xbe,0x02,0x46,0x46,0x4e,0x04,0x03,0x3f,0x02,0x04,
0x2e,0x2a,0xfd,0xbe,0x01,0xfe,0xfe,0x02,0x01,0xba,0x44,0x44,0xb8,0x5e,0x5e,0x00,0x00,0x04,0x00,0x11,
0x00,0x00,0x03,0x4e,0x02,0xd0,0x00,0x0b,0x00,0x1b,0x00,0x1f,0x00,0x23,0x00,0x00,0x61,0x11,0x34,0x36,
0x33,0x33,0x15,0x23,0x22,0x06,0x15,0x11,0x21,0x11,0x34,0x36,0x33,0x32,0x16,0x17,0x15,0x26,0x26,0x23,
0x22,0x06,0x15,0x11,0x03,0x35,0x21,0x15,0x13,0x11,0x33,0x11,0x01,0xbc,0x52,0x57,0xb9,0xb9,0x2e,0x2b,
0xfe,0x6e,0x51,0x53,0x14,0x17,0x08,0x07,0x19,0x0e,0x2e,0x2b,0xb9,0x02,0x6f,0x7e,0x50,0x02,0x3c,0x46,
0x4e,0x40,0x2e,0x2a,0xfd,0xc8,0x02,0x3c,0x46,0x4e,0x04,0x03,0x3f,0x02,0x04,0x2e,0x2a,0xfd,0xc8,0x01,
0xba,0x44,0x44,0xfe,0x46,0x02,0xd0,0xfd,0x30,0x00,0x00,0x04,0x00,0x11,0x00,0x00,0x02,0x12,0x02,0xda,
0x00,0x0f,0x00,0x13,0x00,0x17,0x00,0x1b,0x00,0x00,0x73,0x11,0x34,0x36,0x33,0x32,0x16,0x17,0x15,0x26,
0x26,0x23,0x22,0x06,0x15,0x11,0x33,0x11,0x33,0x11,0x01,0x35,0x21,0x15,0x27,0x35,0x33,0x15,0x7a,0x51,
0x53,0x14,0x17,0x08,0x07,0x19,0x0e,0x2e,0x2b,0xf2,0x50,0xfe,0x05,0x01,0xd8,0x33,0x5c,0x02,0x46,0x46,
0x4e,0x04,0x03,0x3f,0x02,0x04,0x2e,0x2a,0xfd,0xbe,0x01,0xfe,0xfe,0x02,0x01,0xba,0x44,0x44,0xb8,0x5e,
0x5e,0x00,0x00,0x03,0x00,0x11,0x00,0x00,0x02,0x0c,0x02,0xd0,0x00,0x0b,0x00,0x0f,0x00,0x13,0x00,0x00,
0x73,0x11,0x34,0x36,0x33,0x33,0x15,0x23,0x22,0x06,0x15,0x11,0x03,0x35,0x21,0x15,0x13,0x11,0x33,0x11,
0x7a,0x52,0x57,0xb9,0xb9,0x2e,0x2b,0xb9,0x01,0x2d,0x7e,0x50,0x02,0x3c,0x46,0x4e,0x40,0x2e,0x2a,0xfd,
0xc8,0x01,0xba,0x44,0x44,0xfe,0x46,0x02,0xd0,0xfd,0x30,0x00,0x00,0x01,0x00,0x1c,0x00,0x00,0x08,0x1a,
0x01,0xfe,0x00,0x2f,0x00,0x00,0x73,0x03,0x33,0x13,0x23,0x13,0x33,0x13,0x23,0x13,0x33,0x13,0x23,0x13,
0x33,0x13,0x23,0x13,0x33,0x13,0x23,0x13,0x33,0x13,0x23,0x13,0x33,0x03,0x23,0x03,0x33,0x03,0x23,0x03,
0x33,0x03,0x23,0x03,0x33,0x03,0x23,0x03,0x33,0x03,0x23,0x03,0x33,0x03,0xb8,0x9c,0x51,0x78,0x14,0x90,
0x41,0x91,0x14,0x8f,0x41,0x91,0x14,0x90,0x41,0x91,0x14,0x90,0x41,0x91,0x14,0x90,0x41,0x91,0x14,0x77,
0x4d,0x9c,0x41,0x90,0x15,0x92,0x41,0x90,0x15,0x92,0x41,0x90,0x15,0x92,0x41,0x90,0x16,0x92,0x41,0x90,
0x15,0x92,0x01,0xfe,0xfe,0x4b,0x01,0xb5,0xfe,0x4b,0x01,0xb5,0xfe,0x4b,0x01,0xb5,0xfe,0x4b,0x01,0xb5,
0xfe,0x4b,0x01,0xb5,0xfe,0x4b,0x01,0xb5,0xfe,0x02,0x01,0xab,0xfe,0x55,0x01,0xab,0xfe,0x55,0x01,0xab,
0xfe,0x55,0x01,0xab,0xfe,0x55,0x01,0xab,0xfe,0x55,0x00,0x05,0x00,0x11,0x00,0x00,0x03,0x5e,0x02,0xda,
0x00,0x0f,0x00,0x1f,0x00,0x23,0x00,0x27,0x00,0x33,0x00,0x00,0x61,0x11,0x34,0x36,0x33,0x32,0x16,0x17,
0x15,0x26,0x26,0x23,0x22,0x06,0x15,0x11,0x21,0x11,0x34,0x36,0x33,0x32,0x16,0x17,0x15,0x26,0x26,0x23,
0x22,0x06,0x15,0x11,0x03,0x35,0x21,0x15,0x03,0x11,0x33,0x11,0x03,0x22,0x26,0x35,0x34,0x36,0x33,0x32,
0x16,0x15,0x14,0x06,0x01,0xbc,0x51,0x53,0x14,0x17,0x08,0x07,0x19,0x0e,0x2e,0x2b,0xfe,0x6e,0x51,0x53,
0x14,0x17,0x08,0x07,0x19,0x0e,0x2e,0x2b,0xb9,0x03,0x1a,0x2d,0x50,0x27,0x17,0x21,0x21,0x17,0x17,0x20,
0x20,0x02,0x46,0x46,0x4e,0x04,0x03,0x3f,0x02,0x04,0x2e,0x2a,0xfd,0xbe,0x02,0x46,0x46,0x4e,0x04,0x03,
0x3f,0x02,0x04,0x2e,0x2a,0xfd,0xbe,0x01,0xba,0x44,0x44,0xfe,0x46,0x01,0xfe,0xfe,0x02,0x02,0x5f,0x21,
0x18,0x19,0x1f,0x1f,0x19,0x18,0x21,0x00,0x00,0x04,0x00,0x11,0x00,0x00,0x02,0x1c,0x02,0xda,0x00,0x0f,
0x00,0x13,0x00,0x1f,0x00,0x23,0x00,0x00,0x73,0x11,0x34,0x36,0x33,0x32,0x16,0x17,0x15,0x26,0x26,0x23,
0x22,0x06,0x15,0x11,0x33,0x11,0x33,0x11,0x03,0x22,0x26,0x35,0x34,0x36,0x33,0x32,0x16,0x15,0x14,0x06,
0x05,0x35,0x21,0x15,0x7a,0x51,0x53,0x14,0x17,0x08,0x07,0x19,0x0e,0x2e,0x2b,0xf2,0x50,0x27,0x17,0x21,
0x21,0x17,0x17,0x20,0x20,0xfe,0x15,0x01,0xd8,0x02,0x46,0x46,0x4e,0x04,0x03,0x3f,0x02,0x04,0x2e,0x2a,
0xfd,0xbe,0x01,0xfe,0xfe,0x02,0x02,0x5f,0x21,0x18,0x19,0x1f,0x1f,0x19,0x18,0x21,0xa5,0x44,0x44,0x00,
0x00,0x02,0x00,0x2e,0x01,0x9c,0x01,0x34,0x02,0xda,0x00,0x16,0x00,0x2c,0x00,0x00,0x53,0x26,0x26,0x35,
0x23,0x35,0x34,0x26,0x23,0x22,0x06,0x07,0x23,0x36,0x36,0x33,0x32,0x16,0x15,0x15,0x14,0x16,0x17,0x07,
0x22,0x26,0x35,0x34,0x36,0x37,0x37,0x15,0x07,0x06,0x06,0x15,0x14,0x16,0x33,0x32,0x36,0x35,0x17,0x06,
0x06,0xf7,0x03,0x02,0x03,0x1c,0x1e,0x1c,0x23,0x03,0x3c,0x04,0x45,0x37,0x3b,0x3b,0x04,0x03,0xa4,0x2d,
0x35,0x35,0x37,0x62,0x58,0x1a,0x1e,0x1b,0x19,0x22,0x2d,0x08,0x0c,0x38,0x01,0xa2,0x0b,0x1d,0x13,0x90,
0x1d,0x1d,0x18,0x14,0x2c,0x33,0x38,0x36,0x8f,0x10,0x1d,0x0e,0x06,0x2e,0x28,0x27,0x31,0x09,0x11,0x2e,
0x0f,0x04,0x15,0x16,0x14,0x15,0x23,0x1a,0x2e,0x22,0x20,0x00,0x00,0x02,0x00,0x32,0x01,0x9c,0x01,0x6c,
0x02,0xda,0x00,0x0c,0x00,0x18,0x00,0x00,0x53,0x22,0x26,0x26,0x35,0x34,0x36,0x33,0x32,0x16,0x15,0x14,
0x06,0x27,0x32,0x36,0x35,0x34,0x26,0x23,0x22,0x06,0x15,0x14,0x16,0xcf,0x2f,0x47,0x27,0x57,0x46,0x47,
0x56,0x56,0x47,0x2a,0x33,0x33,0x2a,0x29,0x34,0x34,0x01,0x9c,0x2a,0x48,0x2e,0x46,0x58,0x58,0x46,0x45,
0x5b,0x35,0x3c,0x30,0x2f,0x39,0x39,0x2f,0x30,0x3c,0x00,0x02,0x00,0x32,0xff,0xf6,0x02,0x68,0x02,0xda,
0x00,0x0f,0x00,0x1f,0x00,0x00,0x45,0x22,0x26,0x26,0x35,0x34,0x36,0x36,0x33,0x32,0x16,0x16,0x15,0x14,
0x06,0x06,0x27,0x32,0x36,0x36,0x35,0x34,0x26,0x26,0x23,0x22,0x06,0x06,0x15,0x14,0x16,0x16,0x01,0x4d,
0x55,0x7f,0x47,0x46,0x80,0x55,0x55,0x7f,0x47,0x47,0x7f,0x55,0x3d,0x56,0x2e,0x2d,0x56,0x3e,0x3e,0x56,
0x2d,0x2e,0x56,0x0a,0x5f,0xa9,0x6d,0x6d,0xa5,0x5d,0x5d,0xa5,0x6d,0x6e,0xa8,0x5f,0x48,0x49,0x87,0x5e,
0x5d,0x84,0x45,0x46,0x83,0x5d,0x5e,0x88,0x48,0x00,0x00,0x01,0x00,0x1e,0x00,0x00,0x01,0x31,0x02,0xd0,
0x00,0x0d,0x00,0x00,0x73,0x11,0x17,0x0e,0x02,0x07,0x35,0x3e,0x02,0x37,0x33,0x11,0xe1,0x15,0x0c,0x44,
0x59,0x2f,0x2f,0x56,0x43,0x10,0x3b,0x02,0x7e,0x05,0x1b,0x36,0x28,0x07,0x4d,0x08,0x28,0x39,0x21,0xfd,
0x30,0x00,0x00,0x01,0x00,0x22,0x00,0x00,0x02,0x05,0x02,0xda,0x00,0x1b,0x00,0x00,0x73,0x35,0x3e,0x03,
0x35,0x34,0x26,0x23,0x22,0x06,0x07,0x23,0x36,0x36,0x33,0x32,0x16,0x15,0x14,0x0e,0x02,0x07,0x27,0x21,
0x15,0x28,0x6c,0x91,0x57,0x25,0x4a,0x41,0x43,0x52,0x09,0x56,0x0a,0x83,0x6d,0x65,0x78,0x27,0x59,0x91,
0x6b,0x13,0x01,0x9b,0x46,0x59,0x86,0x68,0x57,0x2a,0x3e,0x46,0x4c,0x47,0x62,0x79,0x6c,0x5e,0x33,0x66,
0x70,0x87,0x55,0x1d,0x48,0x00,0x00,0x01,0x00,0x28,0xff,0xf6,0x02,0x14,0x02,0xda,0x00,0x2f,0x00,0x00,
0x45,0x22,0x26,0x26,0x27,0x33,0x16,0x16,0x33,0x32,0x36,0x35,0x34,0x26,0x23,0x23,0x35,0x33,0x32,0x36,
0x35,0x34,0x26,0x23,0x22,0x06,0x07,0x23,0x3e,0x02,0x33,0x32,0x16,0x16,0x15,0x14,0x06,0x06,0x23,0x27,
0x32,0x16,0x16,0x15,0x14,0x06,0x06,0x01,0x28,0x48,0x6d,0x43,0x08,0x56,0x0b,0x58,0x48,0x44,0x4e,0x4c,
0x40,0x5a,0x57,0x3a,0x45,0x49,0x3e,0x3d,0x56,0x08,0x57,0x06,0x40,0x6b,0x43,0x41,0x64,0x38,0x2e,0x4f,
0x33,0x06,0x3d,0x59,0x31,0x3c,0x6a,0x0a,0x35,0x66,0x48,0x4b,0x50,0x48,0x3e,0x41,0x51,0x46,0x43,0x38,
0x3b,0x40,0x47,0x42,0x40,0x5d,0x34,0x2e,0x55,0x39,0x33,0x4e,0x2c,0x15,0x33,0x58,0x3a,0x3c,0x5c,0x33,
0x00,0x01,0x00,0x22,0x00,0x00,0x02,0x3a,0x02,0xd0,0x00,0x0d,0x00,0x00,0x61,0x35,0x37,0x11,0x33,0x01,
0x27,0x21,0x15,0x21,0x35,0x01,0x33,0x11,0x01,0x88,0x02,0x1b,0xfe,0xd0,0x1b,0x01,0xe0,0xfd,0xe8,0x01,
0x6a,0x52,0xbe,0x14,0x01,0x9b,0xfe,0x60,0x21,0x48,0x3e,0x01,0xec,0xfd,0x30,0x00,0x00,0x01,0x00,0x2b,
0xff,0xf6,0x02,0x14,0x02,0xd0,0x00,0x22,0x00,0x00,0x45,0x22,0x26,0x27,0x33,0x16,0x16,0x33,0x32,0x36,
0x35,0x34,0x26,0x23,0x22,0x06,0x07,0x23,0x13,0x21,0x15,0x21,0x37,0x03,0x27,0x36,0x36,0x33,0x32,0x16,
0x16,0x15,0x14,0x06,0x06,0x01,0x24,0x6b,0x80,0x0e,0x58,0x0d,0x55,0x3d,0x40,0x59,0x59,0x44,0x31,0x48,
0x0c,0x4a,0x21,0x01,0x7c,0xfe,0xb5,0x1c,0x17,0x13,0x12,0x50,0x3a,0x43,0x67,0x3b,0x3b,0x6b,0x0a,0x73,
0x5c,0x41,0x46,0x50,0x57,0x57,0x57,0x28,0x1b,0x01,0x80,0x48,0x1e,0xfe,0xde,0x07,0x1e,0x2c,0x3a,0x6b,
0x4b,0x4b,0x6b,0x39,0x00,0x02,0x00,0x32,0xff,0xf6,0x02,0x2f,0x02,0xda,0x00,0x1e,0x00,0x2b,0x00,0x00,
0x45,0x22,0x26,0x35,0x34,0x36,0x36,0x33,0x32,0x16,0x17,0x23,0x26,0x26,0x23,0x22,0x06,0x15,0x15,0x27,
0x3e,0x02,0x33,0x32,0x16,0x16,0x15,0x14,0x06,0x06,0x27,0x32,0x36,0x35,0x34,0x26,0x23,0x22,0x06,0x15,
0x14,0x16,0x16,0x01,0x3a,0x7f,0x89,0x41,0x7a,0x54,0x5c,0x78,0x0d,0x58,0x09,0x49,0x38,0x59,0x5b,0x17,
0x09,0x3e,0x5c,0x35,0x44,0x65,0x39,0x3e,0x6e,0x46,0x44,0x54,0x51,0x49,0x46,0x5d,0x2b,0x4b,0x0a,0xb9,
0xaf,0x79,0xaa,0x59,0x6a,0x5d,0x3e,0x41,0x98,0x98,0x41,0x09,0x2f,0x46,0x27,0x3b,0x69,0x46,0x45,0x68,
0x39,0x48,0x56,0x49,0x4c,0x57,0x52,0x48,0x32,0x4c,0x2a,0x00,0x00,0x01,0x00,0x18,0x00,0x00,0x01,0xfe,
0x02,0xd0,0x00,0x0c,0x00,0x00,0x73,0x36,0x12,0x37,0x17,0x21,0x35,0x21,0x15,0x0e,0x02,0x07,0xa4,0x0e,
0x83,0x83,0x05,0xfe,0x5b,0x01,0xe6,0x50,0x69,0x3a,0x08,0xaa,0x01,0x4d,0xae,0x1d,0x48,0x3c,0x75,0xda,
0xd5,0x70,0x00,0x03,0x00,0x2c,0xff,0xf6,0x02,0x1a,0x02,0xda,0x00,0x21,0x00,0x2d,0x00,0x39,0x00,0x00,
0x45,0x22,0x26,0x26,0x35,0x34,0x36,0x36,0x33,0x17,0x22,0x26,0x26,0x35,0x34,0x36,0x36,0x33,0x32,0x16,
0x16,0x15,0x14,0x06,0x06,0x23,0x37,0x32,0x16,0x16,0x15,0x14,0x06,0x06,0x27,0x32,0x36,0x35,0x34,0x26,
0x23,0x22,0x06,0x15,0x14,0x16,0x13,0x32,0x36,0x35,0x34,0x26,0x23,0x22,0x06,0x15,0x14,0x16,0x01,0x23,
0x4c,0x6f,0x3c,0x30,0x51,0x31,0x02,0x2e,0x4a,0x2a,0x3a,0x68,0x44,0x44,0x66,0x3a,0x2a,0x4a,0x2f,0x03,
0x32,0x50,0x30,0x3c,0x6f,0x4c,0x49,0x55,0x54,0x4a,0x4a,0x54,0x55,0x49,0x42,0x4b,0x4e,0x3f,0x40,0x4d,
0x4c,0x0a,0x36,0x5e,0x3a,0x36,0x58,0x34,0x15,0x2d,0x4e,0x2f,0x38,0x56,0x31,0x31,0x56,0x37,0x30,0x4d,
0x2e,0x15,0x34,0x58,0x36,0x3a,0x5e,0x36,0x48,0x4e,0x40,0x40,0x4a,0x4a,0x40,0x40,0x4e,0x01,0x5e,0x42,
0x37,0x39,0x44,0x44,0x39,0x37,0x42,0x00,0x00,0x02,0x00,0x2c,0xff,0xf6,0x02,0x26,0x02,0xda,0x00,0x21,
0x00,0x2e,0x00,0x00,0x45,0x22,0x26,0x26,0x27,0x33,0x16,0x16,0x33,0x32,0x3e,0x02,0x35,0x35,0x17,0x0e,
0x02,0x23,0x22,0x26,0x26,0x35,0x34,0x36,0x36,0x33,0x32,0x16,0x15,0x14,0x06,0x06,0x03,0x32,0x36,0x35,
0x34,0x26,0x26,0x23,0x22,0x06,0x15,0x14,0x16,0x01,0x20,0x3f,0x64,0x3e,0x09,0x58,0x0a,0x4e,0x3c,0x2c,
0x40,0x2a,0x14,0x17,0x09,0x3e,0x5c,0x35,0x42,0x64,0x39,0x3e,0x6f,0x48,0x80,0x85,0x3d,0x75,0x54,0x45,
0x5b,0x2b,0x4a,0x2f,0x43,0x53,0x51,0x0a,0x31,0x61,0x49,0x4e,0x45,0x24,0x4a,0x73,0x4f,0x41,0x03,0x2e,
0x47,0x27,0x3b,0x68,0x42,0x46,0x66,0x39,0xba,0xb4,0x78,0xa7,0x57,0x01,0x60,0x4e,0x49,0x31,0x4a,0x2a,
0x55,0x4a,0x47,0x56,0x00,0x01,0x00,0x22,0x00,0x00,0x02,0x05,0x02,0xda,0x00,0x20,0x00,0x00,0x73,0x35,
0x34,0x3e,0x04,0x35,0x34,0x26,0x23,0x22,0x06,0x07,0x23,0x36,0x36,0x33,0x32,0x16,0x15,0x14,0x0e,0x05,
0x17,0x27,0x21,0x15,0x28,0x36,0x56,0x60,0x56,0x36,0x4c,0x3c,0x40,0x57,0x09,0x56,0x0b,0x87,0x69,0x64,
0x78,0x2b,0x46,0x54,0x53,0x43,0x26,0x03,0x11,0x01,0x9b,0x32,0x3f,0x5f,0x4a,0x3f,0x40,0x4a,0x2f,0x3b,
0x45,0x4f,0x44,0x65,0x76,0x6a,0x5f,0x35,0x54,0x43,0x39,0x37,0x3a,0x45,0x2b,0x1d,0x48,0x00,0x00,0x02,
0x00,0x1e,0xff,0xf6,0x02,0x3a,0x02,0xda,0x00,0x0f,0x00,0x1f,0x00,0x00,0x45,0x22,0x26,0x26,0x35,0x34,
0x36,0x36,0x33,0x32,0x16,0x16,0x15,0x14,0x06,0x06,0x27,0x32,0x36,0x36,0x35,0x34,0x26,0x26,0x23,0x22,
0x06,0x06,0x15,0x14,0x16,0x16,0x01,0x2c,0x50,0x7a,0x44,0x44,0x7a,0x50,0x51,0x79,0x44,0x44,0x7a,0x50,
0x38,0x4f,0x2a,0x29,0x4f,0x39,0x39,0x4f,0x29,0x2a,0x4f,0x0a,0x60,0xa8,0x6d,0x6d,0xa5,0x5d,0x5d,0xa5,
0x6d,0x6d,0xa9,0x5f,0x48,0x49,0x88,0x5d,0x5d,0x83,0x46,0x46,0x83,0x5d,0x5e,0x88,0x48,0x00,0x00,0x02,
0x00,0x72,0x00,0x00,0x02,0x2a,0x02,0xd0,0x00,0x0d,0x00,0x11,0x00,0x00,0x65,0x11,0x17,0x0e,0x02,0x07,
0x35,0x3e,0x02,0x37,0x33,0x11,0x05,0x35,0x21,0x15,0x01,0x33,0x13,0x0b,0x3a,0x54,0x31,0x2d,0x51,0x3d,
0x0f,0x40,0xfe,0xec,0x01,0xb8,0x0a,0x02,0x74,0x05,0x18,0x35,0x2b,0x08,0x4d,0x09,0x28,0x39,0x20,0xfd,
0x3a,0x0a,0x48,0x48,0x00,0x01,0x00,0x46,0x00,0x00,0x02,0x14,0x02,0xda,0x00,0x1b,0x00,0x00,0x73,0x35,
0x3e,0x03,0x35,0x34,0x26,0x23,0x22,0x06,0x07,0x23,0x36,0x36,0x33,0x32,0x16,0x15,0x14,0x0e,0x02,0x07,
0x27,0x21,0x15,0x4b,0x68,0x88,0x50,0x21,0x3f,0x3e,0x40,0x48,0x08,0x59,0x09,0x7e,0x68,0x61,0x72,0x26,
0x54,0x8b,0x66,0x13,0x01,0x8a,0x46,0x59,0x86,0x68,0x57,0x2a,0x3e,0x46,0x4c,0x47,0x62,0x79,0x6c,0x5e,
0x33,0x66,0x70,0x87,0x55,0x1d,0x48,0x00,0x00,0x01,0x00,0x41,0xff,0xf6,0x02,0x17,0x02,0xda,0x00,0x2f,
0x00,0x00,0x45,0x22,0x26,0x26,0x27,0x33,0x16,0x16,0x33,0x32,0x36,0x35,0x34,0x26,0x23,0x23,0x35,0x33,
0x32,0x36,0x35,0x34,0x26,0x23,0x22,0x06,0x07,0x23,0x3e,0x02,0x33,0x32,0x16,0x16,0x15,0x14,0x06,0x06,
0x23,0x27,0x32,0x16,0x16,0x15,0x14,0x06,0x06,0x01,0x36,0x45,0x69,0x3f,0x08,0x59,0x0a,0x4e,0x43,0x3e,
0x48,0x47,0x3c,0x52,0x4f,0x37,0x40,0x43,0x38,0x37,0x4f,0x07,0x59,0x06,0x3d,0x65,0x41,0x3e,0x5f,0x36,
0x2b,0x4a,0x2f,0x05,0x39,0x53,0x2d,0x39,0x66,0x0a,0x35,0x66,0x48,0x49,0x52,0x48,0x3e,0x41,0x51,0x46,
0x43,0x38,0x3b,0x40,0x47,0x42,0x40,0x5d,0x34,0x2e,0x55,0x39,0x33,0x4e,0x2c,0x15,0x33,0x58,0x3a,0x3c,
0x5c,0x33,0x00,0x01,0x00,0x2d,0x00,0x00,0x02,0x2c,0x02,0xd0,0x00,0x0d,0x00,0x00,0x61,0x35,0x37,0x11,
0x33,0x01,0x27,0x21,0x15,0x21,0x35,0x01,0x33,0x11,0x01,0x7f,0x02,0x1e,0xfe,0xe2,0x1f,0x01,0xca,0xfe,
0x01,0x01,0x55,0x55,0xbe,0x14,0x01,0x9b,0xfe,0x60,0x21,0x48,0x3e,0x01,0xec,0xfd,0x30,0x00,0x00,0x01,
0x00,0x45,0xff,0xf6,0x02,0x18,0x02,0xd0,0x00,0x22,0x00,0x00,0x45,0x22,0x26,0x27,0x33,0x16,0x16,0x33,
0x32,0x36,0x35,0x34,0x26,0x23,0x22,0x06,0x07,0x23,0x13,0x21,0x15,0x21,0x37,0x03,0x27,0x36,0x36,0x33,
0x32,0x16,0x16,0x15,0x14,0x06,0x06,0x01,0x32,0x65,0x7a,0x0e,0x5a,0x0c,0x4f,0x36,0x3b,0x51,0x50,0x3e,
0x2c,0x42,0x0b,0x4e,0x20,0x01,0x6b,0xfe,0xc3,0x21,0x15,0x16,0x12,0x4c,0x36,0x3f,0x62,0x38,0x39,0x67,
0x0a,0x73,0x5c,0x43,0x44,0x50,0x57,0x57,0x57,0x28,0x1b,0x01,0x80,0x48,0x1e,0xfe,0xde,0x07,0x1e,0x2c,
0x3a,0x6b,0x4b,0x4b,0x6b,0x39,0x00,0x02,0x00,0x3d,0xff,0xf6,0x02,0x25,0x02,0xda,0x00,0x1e,0x00,0x2b,
0x00,0x00,0x45,0x22,0x26,0x35,0x34,0x36,0x36,0x33,0x32,0x16,0x17,0x23,0x26,0x26,0x23,0x22,0x06,0x15,
0x15,0x27,0x3e,0x02,0x33,0x32,0x16,0x16,0x15,0x14,0x06,0x06,0x27,0x32,0x36,0x35,0x34,0x26,0x23,0x22,
0x06,0x15,0x14,0x16,0x16,0x01,0x3a,0x79,0x84,0x3f,0x74,0x51,0x58,0x73,0x0d,0x5a,0x08,0x45,0x32,0x52,
0x54,0x17,0x09,0x3a,0x56,0x32,0x40,0x60,0x37,0x3c,0x69,0x45,0x3e,0x4e,0x4b,0x43,0x3f,0x57,0x28,0x45,
0x0a,0xba,0xae,0x79,0xa9,0x5a,0x6a,0x5d,0x3e,0x41,0x98,0x98,0x41,0x09,0x2f,0x46,0x27,0x3b,0x69,0x46,
0x45,0x68,0x39,0x48,0x56,0x49,0x4b,0x58,0x52,0x48,0x32,0x4c,0x2a,0x00,0x00,0x01,0x00,0x44,0x00,0x00,
0x02,0x14,0x02,0xd0,0x00,0x0b,0x00,0x00,0x73,0x36,0x12,0x37,0x17,0x21,0x35,0x21,0x15,0x06,0x02,0x07,
0xc7,0x0e,0x7b,0x79,0x05,0xfe,0x76,0x01,0xd0,0x6e,0x72,0x0b,0xab,0x01,0x4b,0xaf,0x1d,0x48,0x3c,0xaf,
0xfe,0xc2,0xa7,0x00,0x00,0x03,0x00,0x40,0xff,0xf6,0x02,0x19,0x02,0xda,0x00,0x21,0x00,0x2d,0x00,0x39,
0x00,0x00,0x45,0x22,0x26,0x26,0x35,0x34,0x36,0x36,0x33,0x17,0x22,0x26,0x26,0x35,0x34,0x36,0x36,0x33,
0x32,0x16,0x16,0x15,0x14,0x06,0x06,0x23,0x37,0x32,0x16,0x16,0x15,0x14,0x06,0x06,0x27,0x32,0x36,0x35,
0x34,0x26,0x23,0x22,0x06,0x15,0x14,0x16,0x13,0x32,0x36,0x35,0x34,0x26,0x23,0x22,0x06,0x15,0x14,0x16,
0x01,0x2d,0x48,0x6b,0x3a,0x2d,0x4d,0x2f,0x04,0x2d,0x46,0x28,0x38,0x63,0x41,0x41,0x62,0x37,0x28,0x47,
0x2e,0x05,0x2f,0x4d,0x2d,0x3a,0x6a,0x48,0x41,0x4f,0x4e,0x42,0x43,0x4e,0x4e,0x43,0x3b,0x44,0x47,0x38,
0x39,0x47,0x46,0x0a,0x36,0x5e,0x3a,0x36,0x58,0x34,0x15,0x2d,0x4e,0x2f,0x38,0x56,0x31,0x31,0x56,0x37,
0x30,0x4d,0x2e,0x15,0x34,0x58,0x36,0x3a,0x5e,0x36,0x48,0x4e,0x40,0x40,0x4a,0x4a,0x40,0x40,0x4e,0x01,
0x5e,0x42,0x37,0x39,0x44,0x44,0x39,0x37,0x42,0x00,0x00,0x02,0x00,0x34,0xff,0xf6,0x02,0x19,0x02,0xda,
0x00,0x21,0x00,0x2d,0x00,0x00,0x45,0x22,0x26,0x26,0x27,0x33,0x16,0x16,0x33,0x32,0x3e,0x02,0x35,0x35,
0x17,0x0e,0x02,0x23,0x22,0x26,0x26,0x35,0x34,0x36,0x36,0x33,0x32,0x16,0x15,0x14,0x06,0x06,0x03,0x32,
0x36,0x35,0x34,0x26,0x23,0x22,0x06,0x15,0x14,0x16,0x01,0x1d,0x3c,0x60,0x3c,0x08,0x5a,0x0a,0x48,0x37,
0x29,0x3a,0x26,0x12,0x19,0x09,0x3c,0x56,0x31,0x3e,0x60,0x36,0x3c,0x6a,0x45,0x7a,0x80,0x3b,0x70,0x4f,
0x40,0x52,0x54,0x41,0x3d,0x4d,0x4a,0x0a,0x31,0x61,0x49,0x4e,0x45,0x25,0x4a,0x73,0x4e,0x41,0x03,0x2f,
0x47,0x26,0x3b,0x68,0x42,0x46,0x66,0x39,0xba,0xb4,0x78,0xa7,0x57,0x01,0x60,0x4e,0x49,0x4a,0x5b,0x55,
0x4a,0x47,0x56,0x00,0x00,0x01,0x00,0x46,0x00,0x00,0x02,0x14,0x02,0xda,0x00,0x20,0x00,0x00,0x73,0x35,
0x34,0x3e,0x04,0x35,0x34,0x26,0x23,0x22,0x06,0x07,0x23,0x36,0x36,0x33,0x32,0x16,0x15,0x14,0x0e,0x05,
0x17,0x27,0x21,0x15,0x4c,0x33,0x50,0x5a,0x50,0x33,0x46,0x35,0x3c,0x4e,0x08,0x59,0x0a,0x7f,0x66,0x5f,
0x74,0x29,0x42,0x4f,0x4d,0x3f,0x24,0x04,0x11,0x01,0x83,0x32,0x3f,0x5f,0x4a,0x3f,0x40,0x4a,0x2f,0x3b,
0x45,0x51,0x42,0x63,0x78,0x6a,0x5f,0x35,0x54,0x43,0x39,0x37,0x3a,0x45,0x2b,0x1d,0x48,0x00,0x00,0x01,
0x00,0x3c,0x00,0x1e,0x03,0x16,0x02,0xb2,0x00,0x0a,0x00,0x00,0x53,0x21,0x07,0x01,0x33,0x01,0x01,0x23,
0x01,0x17,0x21,0x3c,0x02,0x92,0x23,0xfe,0xc0,0x64,0x01,0x47,0xfe,0xb8,0x64,0x01,0x41,0x23,0xfd,0x6e,
0x01,0x8c,0x1c,0x01,0x42,0xfe,0xb6,0xfe,0xb6,0x01,0x42,0x1c,0x00,0x01,0x00,0x4c,0x00,0x00,0x00,0xb3,
0x00,0x67,0x00,0x03,0x00,0x00,0x73,0x35,0x33,0x15,0x4c,0x67,0x67,0x67,0x00,0x01,0x00,0x4d,0xff,0x70,
0x00,0xb2,0x00,0x66,0x00,0x0b,0x00,0x00,0x57,0x35,0x36,0x36,0x35,0x17,0x23,0x35,0x33,0x15,0x14,0x06,
0x4d,0x1d,0x1a,0x1f,0x56,0x65,0x30,0x90,0x29,0x0b,0x2f,0x30,0x03,0x66,0x51,0x40,0x54,0x00,0xff,0xff,
0x00,0x4c,0x00,0x00,0x00,0xb3,0x01,0xe3,0x06,0x26,0x01,0x58,0x00,0x00,0x00,0x07,0x01,0x58,0x00,0x00,
0x01,0x7c,0xff,0xff,0x00,0x4c,0xff,0x70,0x00,0xb3,0x01,0xe3,0x06,0x26,0x01,0x59,0x00,0x00,0x00,0x07,
0x01,0x58,0x00,0x00,0x01,0x7c,0xff,0xff,0x00,0x4c,0x00,0x00,0x02,0x43,0x00,0x67,0x04,0x26,0x01,0x58,
0x00,0x00,0x00,0x27,0x01,0x58,0x00,0xc8,0x00,0x00,0x00,0x07,0x01,0x58,0x01,0x90,0x00,0x00,0x00,0x02,
0x00,0x55,0x00,0x00,0x00,0xbc,0x02,0xe4,0x00,0x03,0x00,0x07,0x00,0x00,0x77,0x03,0x33,0x03,0x07,0x35,
0x33,0x15,0x69,0x0c,0x56,0x0c,0x52,0x67,0xd2,0x02,0x12,0xfd,0xee,0xd2,0x67,0x67,0x00,0x02,0x00,0x55,
0xff,0x33,0x00,0xbc,0x01,0xfe,0x00,0x03,0x00,0x07,0x00,0x00,0x57,0x13,0x33,0x13,0x13,0x15,0x23,0x35,
0x5d,0x0c,0x3e,0x0c,0x09,0x67,0xcd,0x01,0xf9,0xfe,0x07,0x02,0xcb,0x67,0x67,0x00,0x00,0x02,0x00,0x2c,
0x00,0x00,0x02,0x19,0x02,0xee,0x00,0x1d,0x00,0x21,0x00,0x00,0x77,0x34,0x3e,0x04,0x35,0x34,0x26,0x23,
0x22,0x06,0x07,0x23,0x3e,0x02,0x33,0x32,0x16,0x16,0x15,0x14,0x0e,0x04,0x15,0x07,0x35,0x33,0x15,0xfd,
0x1d,0x2f,0x34,0x2f,0x1d,0x52,0x47,0x4b,0x5e,0x0b,0x50,0x07,0x45,0x72,0x49,0x45,0x67,0x3a,0x1e,0x2f,
0x36,0x2f,0x1e,0x5a,0x67,0xd2,0x39,0x4e,0x35,0x28,0x27,0x30,0x23,0x35,0x41,0x4d,0x46,0x43,0x62,0x36,
0x2f,0x56,0x3b,0x2f,0x3e,0x2c,0x26,0x2c,0x40,0x31,0xd2,0x67,0x67,0x00,0x00,0x02,0x00,0x1e,0xff,0x29,
0x02,0x0b,0x01,0xfe,0x00,0x1d,0x00,0x21,0x00,0x00,0x45,0x22,0x26,0x26,0x35,0x34,0x3e,0x04,0x35,0x33,
0x14,0x0e,0x04,0x15,0x14,0x16,0x33,0x32,0x36,0x37,0x33,0x0e,0x02,0x03,0x15,0x23,0x35,0x01,0x04,0x41,
0x68,0x3d,0x1e,0x2f,0x36,0x2f,0x1e,0x4c,0x1d,0x2f,0x34,0x2f,0x1d,0x58,0x41,0x44,0x65,0x0b,0x50,0x07,
0x49,0x72,0x01,0x67,0xd7,0x2a,0x51,0x3b,0x2f,0x3e,0x2c,0x24,0x2a,0x3a,0x2c,0x35,0x46,0x31,0x25,0x26,
0x31,0x25,0x34,0x3a,0x41,0x3e,0x3e,0x59,0x30,0x02,0xd5,0x67,0x67,0x00,0xff,0xff,0x00,0x00,0x01,0x4f,
0x00,0x67,0x01,0xb6,0x04,0x07,0x01,0x58,0xff,0xb4,0x01,0x4f,0x00,0x01,0x00,0x4c,0x01,0x2b,0x00,0xe7,
0x01,0xc6,0x00,0x03,0x00,0x00,0x53,0x35,0x33,0x15,0x4c,0x9b,0x01,0x2b,0x9b,0x9b,0x00,0x01,0x00,0x32,
0x01,0xb5,0x01,0x66,0x02,0xe4,0x00,0x11,0x00,0x00,0x53,0x37,0x07,0x27,0x37,0x27,0x37,0x17,0x27,0x33,
0x07,0x37,0x17,0x07,0x17,0x07,0x27,0x17,0xa8,0x15,0x67,0x24,0x7a,0x7a,0x24,0x67,0x15,0x48,0x15,0x67,
0x24,0x7a,0x7a,0x24,0x67,0x15,0x01,0xb5,0x7d,0x50,0x3d,0x2d,0x2e,0x3d,0x50,0x7d,0x7d,0x50,0x3d,0x2e,
0x2d,0x3d,0x50,0x7d,0x00,0x04,0x00,0x2a,0x00,0x00,0x02,0xa2,0x02,0xd0,0x00,0x03,0x00,0x07,0x00,0x0b,
0x00,0x0f,0x00,0x00,0x73,0x13,0x33,0x03,0x33,0x13,0x33,0x03,0x01,0x21,0x15,0x21,0x07,0x21,0x15,0x21,
0x9d,0x64,0x46,0x64,0xa2,0x64,0x46,0x64,0xfe,0x78,0x02,0x5f,0xfd,0xa1,0x19,0x02,0x5f,0xfd,0xa1,0x02,
0xd0,0xfd,0x30,0x02,0xd0,0xfd,0x30,0x01,0xfd,0x44,0x98,0x44,0x00,0x01,0x00,0x3c,0xff,0xc4,0x01,0x7f,
0x02,0xee,0x00,0x03,0x00,0x00,0x57,0x13,0x33,0x03,0x3c,0xfd,0x46,0xfd,0x3c,0x03,0x2a,0xfc,0xd6,0x00,
0x00,0x01,0x00,0x3c,0xff,0xc4,0x01,0x7f,0x02,0xee,0x00,0x03,0x00,0x00,0x53,0x33,0x13,0x23,0x3c,0x46,
0xfd,0x46,0x02,0xee,0xfc,0xd6,0xff,0xff,0x00,0x4c,0x00,0x83,0x00,0xb3,0x02,0x66,0x06,0x27,0x01,0x58,
0x00,0x00,0x00,0x83,0x00,0x07,0x01,0x58,0x00,0x00,0x01,0xff,0xff,0xff,0x00,0x4c,0xff,0xf3,0x00,0xb3,
0x02,0x66,0x06,0x27,0x01,0x59,0x00,0x00,0x00,0x83,0x00,0x07,0x01,0x58,0x00,0x00,0x01,0xff,0x00,0x02,
0x00,0x56,0x00,0x00,0x00,0xbd,0x02,0xd0,0x00,0x03,0x00,0x07,0x00,0x00,0x77,0x03,0x33,0x03,0x07,0x35,
0x33,0x15,0x6a,0x0c,0x56,0x0c,0x52,0x67,0xd2,0x01,0xfe,0xfe,0x02,0xd2,0x67,0x67,0x00,0x02,0x00,0x55,
0x00,0x00,0x00,0xbc,0x02,0xd0,0x00,0x03,0x00,0x07,0x00,0x00,0x73,0x13,0x33,0x13,0x13,0x15,0x23,0x35,
0x5d,0x0c,0x3e,0x0c,0x09,0x67,0x01,0xfe,0xfe,0x02,0x02,0xd0,0x67,0x67,0x00,0x02,0x00,0x2c,0x00,0x00,
0x02,0x19,0x02,0xda,0x00,0x1d,0x00,0x21,0x00,0x00,0x77,0x34,0x3e,0x04,0x35,0x34,0x26,0x23,0x22,0x06,
0x07,0x23,0x3e,0x02,0x33,0x32,0x16,0x16,0x15,0x14,0x0e,0x04,0x15,0x07,0x35,0x33,0x15,0xfd,0x1d,0x2f,
0x34,0x2f,0x1d,0x4c,0x4d,0x4b,0x5e,0x0b,0x50,0x07,0x45,0x72,0x49,0x49,0x66,0x37,0x1e,0x2f,0x36,0x2f,
0x1e,0x5a,0x67,0xd2,0x37,0x4a,0x33,0x27,0x26,0x30,0x23,0x2d,0x3f,0x4d,0x46,0x43,0x62,0x36,0x2e,0x52,
0x36,0x2f,0x3e,0x2b,0x25,0x2a,0x3d,0x2e,0xd2,0x67,0x67,0x00,0x00,0x02,0x00,0x1e,0xff,0xf6,0x02,0x0b,
0x02,0xd0,0x00,0x1d,0x00,0x21,0x00,0x00,0x45,0x22,0x26,0x26,0x35,0x34,0x3e,0x04,0x35,0x33,0x14,0x0e,
0x04,0x15,0x14,0x16,0x33,0x32,0x36,0x37,0x33,0x0e,0x02,0x03,0x15,0x23,0x35,0x01,0x04,0x41,0x68,0x3d,
0x1e,0x2f,0x36,0x2f,0x1e,0x4c,0x1d,0x2f,0x34,0x2f,0x1d,0x58,0x41,0x44,0x65,0x0b,0x50,0x07,0x49,0x72,
0x01,0x67,0x0a,0x2a,0x54,0x3d,0x2f,0x3e,0x2c,0x24,0x2a,0x3a,0x2c,0x35,0x46,0x31,0x25,0x26,0x31,0x25,
0x38,0x3b,0x41,0x3e,0x3e,0x59,0x30,0x02,0xda,0x67,0x67,0x00,0x00,0x01,0x00,0x4c,0x00,0x6d,0x02,0x83,
0x02,0xa4,0x00,0x03,0x00,0x00,0x77,0x11,0x21,0x11,0x4c,0x02,0x37,0x6d,0x02,0x37,0xfd,0xc9,0xff,0xff,
0x00,0x00,0x01,0x45,0x00,0x73,0x01,0xb8,0x04,0x07,0x01,0x6f,0xff,0xba,0x01,0x4f,0x00,0x01,0x00,0x46,
0xff,0xf6,0x00,0xb9,0x00,0x69,0x00,0x0b,0x00,0x00,0x57,0x22,0x26,0x35,0x34,0x36,0x33,0x32,0x16,0x15,
0x14,0x06,0x80,0x19,0x21,0x21,0x19,0x17,0x22,0x22,0x0a,0x20,0x1a,0x19,0x20,0x20,0x19,0x1a,0x20,0x00,
0x00,0x01,0x00,0x46,0xff,0x70,0x00,0xb9,0x00,0x69,0x00,0x13,0x00,0x00,0x57,0x35,0x36,0x36,0x35,0x37,
0x06,0x06,0x23,0x22,0x26,0x35,0x34,0x36,0x33,0x32,0x16,0x15,0x14,0x06,0x51,0x1a,0x20,0x18,0x07,0x12,
0x0a,0x19,0x21,0x21,0x16,0x19,0x23,0x36,0x90,0x29,0x0b,0x2f,0x30,0x03,0x05,0x08,0x1f,0x18,0x1a,0x1f,
0x27,0x2d,0x40,0x54,0xff,0xff,0x00,0x46,0xff,0xf6,0x00,0xb9,0x01,0xe5,0x06,0x26,0x01,0x6f,0x00,0x00,
0x00,0x07,0x01,0x6f,0x00,0x00,0x01,0x7c,0xff,0xff,0x00,0x46,0xff,0x70,0x00,0xbb,0x01,0xe5,0x04,0x26,
0x01,0x70,0x00,0x00,0x00,0x07,0x01,0x6f,0x00,0x02,0x01,0x7c,0xff,0xff,0x00,0x46,0xff,0xf6,0x02,0x49,
0x00,0x69,0x04,0x26,0x01,0x6f,0x00,0x00,0x00,0x27,0x01,0x6f,0x00,0xc8,0x00,0x00,0x00,0x07,0x01,0x6f,
0x01,0x90,0x00,0x00,0x00,0x02,0x00,0x50,0xff,0xf6,0x00,0xc3,0x02,0xe4,0x00,0x03,0x00,0x0f,0x00,0x00,
0x77,0x03,0x33,0x03,0x07,0x22,0x26,0x35,0x34,0x36,0x33,0x32,0x16,0x15,0x14,0x06,0x6a,0x0c,0x56,0x0c,
0x1e,0x19,0x21,0x21,0x19,0x17,0x22,0x22,0xd2,0x02,0x12,0xfd,0xee,0xdc,0x20,0x1a,0x19,0x20,0x20,0x19,
0x1a,0x20,0x00,0x02,0x00,0x55,0xff,0x33,0x00,0xc8,0x02,0x08,0x00,0x03,0x00,0x0f,0x00,0x00,0x57,0x13,
0x33,0x13,0x03,0x32,0x16,0x15,0x14,0x06,0x23,0x22,0x26,0x35,0x34,0x36,0x63,0x0c,0x3e,0x0c,0x2b,0x19,
0x21,0x21,0x19,0x16,0x23,0x23,0xcd,0x01,0xf9,0xfe,0x07,0x02,0xd5,0x20,0x1a,0x19,0x20,0x20,0x19,0x1a,
0x20,0x00,0x00,0x02,0x00,0x2c,0xff,0xf6,0x02,0x19,0x02,0xee,0x00,0x1d,0x00,0x29,0x00,0x00,0x77,0x34,
0x3e,0x04,0x35,0x34,0x26,0x23,0x22,0x06,0x07,0x23,0x3e,0x02,0x33,0x32,0x16,0x16,0x15,0x14,0x0e,0x04,
0x15,0x07,0x22,0x26,0x35,0x34,0x36,0x33,0x32,0x16,0x15,0x14,0x06,0xfd,0x1d,0x2f,0x34,0x2f,0x1d,0x52,
0x47,0x4b,0x5e,0x0b,0x50,0x07,0x45,0x72,0x49,0x45,0x67,0x3a,0x1e,0x2f,0x36,0x2f,0x1e,0x26,0x19,0x21,
0x21,0x19,0x17,0x22,0x22,0xd2,0x39,0x4e,0x35,0x28,0x27,0x30,0x23,0x35,0x41,0x4d,0x46,0x43,0x62,0x36,
0x2f,0x56,0x3b,0x2f,0x3e,0x2c,0x26,0x2c,0x40,0x31,0xdc,0x20,0x1a,0x19,0x20,0x20,0x19,0x1a,0x20,0x00,
0x00,0x02,0x00,0x1e,0xff,0x29,0x02,0x0b,0x02,0x08,0x00,0x1d,0x00,0x29,0x00,0x00,0x45,0x22,0x26,0x26,
0x35,0x34,0x3e,0x04,0x35,0x33,0x14,0x0e,0x04,0x15,0x14,0x16,0x33,0x32,0x36,0x37,0x33,0x0e,0x02,0x03,
0x32,0x16,0x15,0x14,0x06,0x23,0x22,0x26,0x35,0x34,0x36,0x01,0x04,0x41,0x68,0x3d,0x1e,0x2f,0x36,0x2f,
0x1e,0x4c,0x1d,0x2f,0x34,0x2f,0x1d,0x58,0x41,0x44,0x65,0x0b,0x50,0x07,0x49,0x72,0x35,0x19,0x21,0x21,
0x19,0x16,0x23,0x23,0xd7,0x2a,0x51,0x3b,0x2f,0x3e,0x2c,0x24,0x2a,0x3a,0x2c,0x35,0x46,0x31,0x25,0x26,
0x31,0x25,0x34,0x3a,0x41,0x3e,0x3e,0x59,0x30,0x02,0xdf,0x20,0x1a,0x19,0x20,0x20,0x19,0x1a,0x20,0x00,
0xff,0xff,0x00,0x00,0x01,0x45,0x00,0x73,0x01,0xb8,0x04,0x07,0x01,0x6f,0xff,0xba,0x01,0x4f,0x00,0x01,
0x00,0x4c,0x01,0x1c,0x00,0xf9,0x01,0xc9,0x00,0x0b,0x00,0x00,0x53,0x22,0x26,0x35,0x34,0x36,0x33,0x32,
0x16,0x15,0x14,0x06,0xa3,0x25,0x32,0x32,0x25,0x22,0x34,0x34,0x01,0x1c,0x30,0x27,0x25,0x31,0x31,0x25,
0x27,0x30,0xff,0xff,0x00,0x00,0x01,0x61,0x00,0x67,0x01,0xc8,0x04,0x07,0x01,0x58,0xff,0xb4,0x01,0x61,
0x00,0x01,0x00,0x4c,0x00,0x36,0x02,0xc5,0x02,0xaf,0x00,0x0b,0x00,0x00,0x65,0x22,0x26,0x35,0x34,0x36,
0x33,0x32,0x16,0x15,0x14,0x06,0x01,0x8b,0x88,0xb7,0xb7,0x88,0x7c,0xbe,0xbe,0x36,0xaf,0x90,0x88,0xb2,
0xb2,0x88,0x90,0xaf,0xff,0xff,0x00,0x00,0x01,0x57,0x00,0x73,0x01,0xca,0x04,0x07,0x01,0x6f,0xff,0xba,
0x01,0x61,0x00,0x01,0x00,0x50,0x00,0xea,0x01,0xaa,0x01,0x36,0x00,0x03,0x00,0x00,0x77,0x35,0x21,0x15,
0x50,0x01,0x5a,0xea,0x4c,0x4c,0x00,0x01,0x00,0x50,0x00,0xee,0x01,0xfa,0x01,0x32,0x00,0x03,0x00,0x00,
0x77,0x35,0x21,0x15,0x50,0x01,0xaa,0xee,0x44,0x44,0x00,0x01,0x00,0x50,0x00,0xee,0x03,0x26,0x01,0x32,
0x00,0x03,0x00,0x00,0x77,0x35,0x21,0x15,0x50,0x02,0xd6,0xee,0x44,0x44,0xff,0xff,0x00,0x00,0xff,0x8a,
0x01,0xaa,0xff,0xce,0x04,0x07,0x01,0x7e,0xff,0xb0,0xfe,0x9c,0x00,0x01,0x00,0x50,0x01,0x42,0x01,0xaa,
0x01,0x8e,0x00,0x03,0x00,0x00,0x53,0x35,0x21,0x15,0x50,0x01,0x5a,0x01,0x42,0x4c,0x4c,0x00,0x00,0x01,
0x00,0x50,0x01,0x46,0x01,0xfa,0x01,0x8a,0x00,0x03,0x00,0x00,0x53,0x35,0x21,0x15,0x50,0x01,0xaa,0x01,
0x46,0x44,0x44,0x00,0x00,0x01,0x00,0x50,0x01,0x46,0x03,0x26,0x01,0x8a,0x00,0x03,0x00,0x00,0x53,0x35,
0x21,0x15,0x50,0x02,0xd6,0x01,0x46,0x44,0x44,0x00,0x00,0x01,0x00,0x50,0xff,0x92,0x01,0x64,0x02,0xee,
0x00,0x0d,0x00,0x00,0x45,0x26,0x26,0x35,0x34,0x36,0x37,0x33,0x06,0x06,0x15,0x14,0x16,0x17,0x01,0x17,
0x66,0x61,0x62,0x65,0x4d,0x65,0x65,0x68,0x62,0x6e,0x5d,0xde,0x73,0x71,0xdf,0x5e,0x5e,0xd7,0x79,0x7a,
0xd7,0x5d,0x00,0x01,0x00,0x32,0xff,0x96,0x01,0x46,0x02,0xf2,0x00,0x0d,0x00,0x00,0x53,0x16,0x16,0x15,
0x14,0x06,0x07,0x23,0x36,0x36,0x35,0x34,0x26,0x27,0x7f,0x66,0x61,0x62,0x65,0x4d,0x65,0x65,0x68,0x62,
0x02,0xf2,0x5d,0xde,0x73,0x71,0xdf,0x5e,0x5e,0xd7,0x79,0x7a,0xd7,0x5d,0x00,0x01,0x00,0x28,0xff,0x94,
0x01,0x5a,0x02,0xee,0x00,0x26,0x00,0x00,0x45,0x22,0x26,0x26,0x37,0x37,0x36,0x26,0x23,0x23,0x35,0x33,
0x32,0x36,0x27,0x27,0x26,0x36,0x36,0x33,0x33,0x15,0x23,0x22,0x06,0x17,0x17,0x16,0x06,0x07,0x16,0x16,
0x07,0x07,0x06,0x16,0x33,0x33,0x15,0x01,0x04,0x36,0x43,0x17,0x08,0x1f,0x0a,0x23,0x2b,0x2f,0x2f,0x2b,
0x23,0x0a,0x1f,0x08,0x17,0x43,0x36,0x56,0x52,0x28,0x23,0x0a,0x1d,0x0d,0x24,0x26,0x26,0x24,0x0d,0x1d,
0x0a,0x23,0x28,0x52,0x6c,0x2b,0x48,0x29,0x99,0x2f,0x29,0x40,0x29,0x2f,0x99,0x2a,0x47,0x2b,0x40,0x2d,
0x2c,0x88,0x3c,0x41,0x0f,0x0f,0x41,0x3c,0x88,0x2c,0x2d,0x40,0x00,0x01,0x00,0x3c,0xff,0x94,0x01,0x6e,
0x02,0xee,0x00,0x26,0x00,0x00,0x53,0x32,0x16,0x16,0x07,0x07,0x06,0x16,0x33,0x33,0x15,0x23,0x22,0x06,
0x17,0x17,0x16,0x06,0x06,0x23,0x23,0x35,0x33,0x32,0x36,0x27,0x27,0x26,0x36,0x37,0x26,0x26,0x37,0x37,
0x36,0x26,0x23,0x23,0x35,0x92,0x37,0x42,0x18,0x09,0x1f,0x0a,0x23,0x2b,0x2f,0x2f,0x2b,0x23,0x0a,0x1f,
0x09,0x18,0x42,0x37,0x56,0x52,0x29,0x22,0x0a,0x1d,0x0d,0x24,0x26,0x26,0x24,0x0d,0x1d,0x0a,0x22,0x29,
0x52,0x02,0xee,0x2b,0x47,0x2a,0x99,0x2f,0x29,0x40,0x29,0x2f,0x99,0x29,0x48,0x2b,0x40,0x2d,0x2c,0x88,
0x3c,0x41,0x0f,0x0f,0x41,0x3c,0x88,0x2c,0x2d,0x40,0x00,0x01,0x00,0x5a,0xff,0x94,0x01,0x5a,0x02,0xee,
0x00,0x07,0x00,0x00,0x57,0x11,0x21,0x15,0x23,0x11,0x33,0x15,0x5a,0x01,0x00,0xb6,0xb6,0x6c,0x03,0x5a,
0x40,0xfd,0x26,0x40,0x00,0x01,0x00,0x3c,0xff,0x94,0x01,0x3c,0x02,0xee,0x00,0x07,0x00,0x00,0x41,0x11,
0x21,0x35,0x33,0x11,0x23,0x35,0x01,0x3c,0xff,0x00,0xb6,0xb6,0x02,0xee,0xfc,0xa6,0x40,0x02,0xda,0x40,
0x00,0x01,0x00,0x50,0xff,0xd8,0x01,0x64,0x02,0xf8,0x00,0x0f,0x00,0x00,0x45,0x2e,0x02,0x35,0x34,0x36,
0x36,0x37,0x33,0x06,0x06,0x15,0x14,0x16,0x17,0x01,0x17,0x44,0x58,0x2b,0x2b,0x59,0x43,0x4d,0x65,0x65,
0x68,0x62,0x28,0x3a,0x83,0x8c,0x47,0x47,0x8b,0x84,0x3a,0x57,0xc8,0x71,0x72,0xc7,0x57,0x00,0x00,0x01,
0x00,0x32,0xff,0xd8,0x01,0x46,0x02,0xf8,0x00,0x0f,0x00,0x00,0x53,0x1e,0x02,0x15,0x14,0x06,0x06,0x07,
0x23,0x36,0x36,0x35,0x34,0x26,0x27,0x7f,0x44,0x58,0x2b,0x2b,0x58,0x44,0x4d,0x65,0x65,0x68,0x62,0x02,
0xf8,0x3a,0x83,0x8c,0x47,0x46,0x8c,0x84,0x3a,0x57,0xc9,0x70,0x72,0xc7,0x57,0x00,0x00,0x01,0x00,0x28,
0xff,0xd8,0x01,0x5a,0x02,0xf8,0x00,0x28,0x00,0x00,0x45,0x22,0x26,0x26,0x37,0x37,0x36,0x26,0x23,0x23,
0x35,0x33,0x32,0x36,0x27,0x27,0x26,0x36,0x36,0x33,0x33,0x15,0x23,0x22,0x06,0x17,0x17,0x16,0x06,0x06,
0x07,0x1e,0x02,0x07,0x07,0x06,0x16,0x33,0x33,0x15,0x01,0x04,0x36,0x44,0x18,0x0a,0x1f,0x0c,0x25,0x2b,
0x2f,0x2f,0x2b,0x25,0x0c,0x1f,0x0a,0x18,0x44,0x36,0x56,0x52,0x28,0x25,0x0c,0x1d,0x0b,0x0b,0x23,0x1a,
0x1a,0x23,0x0b,0x0b,0x1d,0x0c,0x25,0x28,0x52,0x28,0x2b,0x48,0x29,0x7c,0x2f,0x29,0x40,0x29,0x2f,0x7c,
0x2a,0x47,0x2b,0x40,0x2d,0x2c,0x6b,0x28,0x37,0x23,0x0a,0x0a,0x23,0x37,0x28,0x6b,0x2c,0x2d,0x40,0x00,
0x00,0x01,0x00,0x3c,0xff,0xd8,0x01,0x6e,0x02,0xf8,0x00,0x28,0x00,0x00,0x53,0x32,0x16,0x16,0x07,0x07,
0x06,0x16,0x33,0x33,0x15,0x23,0x22,0x06,0x17,0x17,0x16,0x06,0x06,0x23,0x23,0x35,0x33,0x32,0x36,0x27,
0x27,0x26,0x36,0x36,0x37,0x2e,0x02,0x37,0x37,0x36,0x26,0x23,0x23,0x35,0x92,0x37,0x43,0x19,0x0b,0x1f,
0x0c,0x25,0x2b,0x2f,0x2f,0x2b,0x25,0x0c,0x1f,0x0b,0x19,0x43,0x37,0x56,0x52,0x29,0x24,0x0c,0x1d,0x0b,
0x0b,0x24,0x19,0x19,0x24,0x0b,0x0b,0x1d,0x0c,0x24,0x29,0x52,0x02,0xf8,0x2b,0x47,0x2a,0x7c,0x2f,0x29,
0x40,0x29,0x2f,0x7c,0x29,0x48,0x2b,0x40,0x2d,0x2c,0x6b,0x28,0x37,0x23,0x0a,0x0a,0x23,0x37,0x28,0x6b,
0x2c,0x2d,0x40,0x00,0x00,0x01,0x00,0x5a,0xff,0xd8,0x01,0x5a,0x02,0xf8,0x00,0x07,0x00,0x00,0x57,0x11,
0x21,0x15,0x23,0x11,0x33,0x15,0x5a,0x01,0x00,0xb6,0xb6,0x28,0x03,0x20,0x40,0xfd,0x60,0x40,0x00,0x01,
0x00,0x3c,0xff,0xd8,0x01,0x3c,0x02,0xf8,0x00,0x07,0x00,0x00,0x41,0x11,0x21,0x35,0x33,0x11,0x23,0x35,
0x01,0x3c,0xff,0x00,0xb6,0xb6,0x02,0xf8,0xfc,0xe0,0x40,0x02,0xa0,0x40,0xff,0xff,0x00,0x47,0xff,0x70,
0x00,0xac,0x00,0x66,0x04,0x06,0x01,0x59,0xfa,0x00,0xff,0xff,0x00,0x47,0xff,0x70,0x01,0x42,0x00,0x66,
0x04,0x27,0x01,0x59,0x00,0x90,0x00,0x00,0x00,0x06,0x01,0x59,0xfa,0x00,0xff,0xff,0x00,0x4c,0x01,0xfb,
0x01,0x52,0x02,0xe4,0x04,0x27,0x01,0x94,0x00,0x9a,0x00,0x00,0x00,0x06,0x01,0x94,0x00,0x00,0xff,0xff,
0x00,0x47,0x01,0xff,0x01,0x4d,0x02,0xe8,0x04,0x27,0x01,0x95,0x00,0x9a,0x00,0x00,0x00,0x06,0x01,0x95,
0x00,0x00,0x00,0x01,0x00,0x4c,0x01,0xfb,0x00,0xb8,0x02,0xe4,0x00,0x0b,0x00,0x00,0x53,0x35,0x34,0x36,
0x37,0x15,0x06,0x06,0x15,0x27,0x33,0x15,0x4c,0x33,0x39,0x22,0x1c,0x1e,0x5b,0x01,0xfb,0x4e,0x40,0x52,
0x09,0x29,0x04,0x2c,0x30,0x04,0x64,0x00,0x00,0x01,0x00,0x47,0x01,0xff,0x00,0xb3,0x02,0xe8,0x00,0x0b,
0x00,0x00,0x53,0x35,0x36,0x36,0x35,0x17,0x23,0x35,0x33,0x15,0x14,0x06,0x47,0x22,0x1c,0x1e,0x5b,0x6b,
0x33,0x01,0xff,0x29,0x04,0x2c,0x30,0x04,0x64,0x4e,0x40,0x52,0xff,0xff,0x00,0x37,0x00,0x44,0x01,0xad,
0x01,0xb2,0x04,0x26,0x01,0x98,0x00,0x00,0x00,0x07,0x01,0x98,0x00,0xa0,0x00,0x00,0x00,0x02,0x00,0x41,
0x00,0x44,0x01,0xb7,0x01,0xb2,0x00,0x05,0x00,0x0b,0x00,0x00,0x41,0x17,0x07,0x23,0x37,0x27,0x23,0x17,
0x07,0x23,0x37,0x27,0x01,0x33,0x84,0x84,0x52,0x80,0x80,0x4e,0x84,0x84,0x52,0x80,0x80,0x01,0xb2,0xb7,
0xb7,0xb7,0xb7,0xb7,0xb7,0xb7,0xb7,0x00,0x00,0x01,0x00,0x37,0x00,0x44,0x01,0x0d,0x01,0xb2,0x00,0x05,
0x00,0x00,0x77,0x27,0x37,0x33,0x07,0x17,0xbb,0x84,0x84,0x52,0x80,0x80,0x44,0xb7,0xb7,0xb7,0xb7,0x00,
0x00,0x01,0x00,0x41,0x00,0x44,0x01,0x17,0x01,0xb2,0x00,0x05,0x00,0x00,0x77,0x23,0x37,0x27,0x33,0x17,
0x93,0x52,0x80,0x80,0x52,0x84,0x44,0xb7,0xb7,0xb7,0xff,0xff,0x00,0x42,0x01,0xef,0x01,0x3e,0x02,0xee,
0x04,0x26,0x01,0x9b,0x00,0x00,0x00,0x07,0x01,0x9b,0x00,0x98,0x00,0x00,0x00,0x01,0x00,0x42,0x01,0xef,
0x00,0xa6,0x02,0xee,0x00,0x10,0x00,0x00,0x53,0x27,0x26,0x26,0x35,0x34,0x36,0x36,0x33,0x32,0x16,0x16,
0x15,0x14,0x06,0x07,0x07,0x63,0x19,0x04,0x04,0x0d,0x16,0x0f,0x0f,0x17,0x0c,0x04,0x04,0x19,0x01,0xef,
0x84,0x14,0x23,0x0d,0x10,0x19,0x0e,0x0e,0x19,0x10,0x0d,0x23,0x14,0x84,0xff,0xff,0x00,0x47,0xff,0x85,
0x00,0xbe,0x00,0x74,0x04,0x07,0x01,0xa1,0x00,0x05,0xfd,0x86,0xff,0xff,0x00,0x47,0xff,0x85,0x01,0x59,
0x00,0x74,0x04,0x27,0x01,0xa1,0x00,0x05,0xfd,0x86,0x00,0x07,0x01,0xa1,0x00,0xa0,0xfd,0x86,0xff,0xff,
0x00,0x4c,0x01,0xeb,0x01,0x5e,0x02,0xe4,0x04,0x26,0x01,0xa0,0x00,0x00,0x00,0x07,0x01,0xa0,0x00,0x9b,
0x00,0x00,0xff,0xff,0x00,0x47,0x01,0xff,0x01,0x58,0x02,0xee,0x04,0x26,0x01,0xa1,0x05,0x00,0x00,0x07,
0x01,0xa1,0x00,0x9f,0x00,0x00,0x00,0x01,0x00,0x4c,0x01,0xeb,0x00,0xc3,0x02,0xe4,0x00,0x13,0x00,0x00,
0x53,0x22,0x26,0x35,0x34,0x36,0x37,0x15,0x06,0x06,0x15,0x07,0x36,0x36,0x33,0x32,0x16,0x15,0x14,0x06,
0x8a,0x1a,0x24,0x39,0x39,0x22,0x22,0x18,0x07,0x12,0x0a,0x1c,0x22,0x21,0x01,0xeb,0x27,0x2d,0x40,0x55,
0x10,0x29,0x0b,0x2f,0x30,0x03,0x05,0x08,0x1f,0x18,0x19,0x20,0x00,0x01,0x00,0x42,0x01,0xff,0x00,0xb9,
0x02,0xee,0x00,0x13,0x00,0x00,0x53,0x35,0x36,0x36,0x35,0x37,0x06,0x06,0x23,0x22,0x26,0x35,0x34,0x36,
0x33,0x32,0x16,0x15,0x14,0x06,0x47,0x22,0x22,0x18,0x07,0x12,0x0a,0x1c,0x22,0x21,0x18,0x1a,0x24,0x39,
0x01,0xff,0x29,0x04,0x2c,0x30,0x03,0x05,0x08,0x1f,0x18,0x1a,0x1f,0x27,0x2d,0x40,0x52,0x00,0x00,0x01,
0x00,0x3c,0x00,0x1e,0x03,0x16,0x02,0xb2,0x00,0x0a,0x00,0x00,0x41,0x21,0x37,0x01,0x23,0x01,0x01,0x33,
0x01,0x27,0x21,0x03,0x16,0xfd,0x6e,0x23,0x01,0x40,0x64,0xfe,0xb9,0x01,0x48,0x64,0xfe,0xbf,0x23,0x02,
0x92,0x01,0x44,0x1c,0xfe,0xbe,0x01,0x4a,0x01,0x4a,0xfe,0xbe,0x1c,0x00,0x00,0x02,0x00,0x32,0xff,0xf6,
0x03,0x23,0x02,0xda,0x00,0x44,0x00,0x54,0x00,0x00,0x45,0x22,0x26,0x26,0x35,0x34,0x3e,0x02,0x33,0x32,
0x16,0x16,0x15,0x14,0x0e,0x02,0x23,0x22,0x26,0x26,0x37,0x17,0x06,0x06,0x23,0x22,0x26,0x35,0x34,0x3e,
0x02,0x33,0x32,0x16,0x07,0x27,0x37,0x33,0x03,0x06,0x16,0x33,0x32,0x3e,0x02,0x35,0x34,0x26,0x26,0x23,
0x22,0x0e,0x02,0x15,0x14,0x16,0x16,0x33,0x32,0x36,0x37,0x17,0x06,0x06,0x27,0x32,0x3e,0x02,0x35,0x34,
0x26,0x23,0x22,0x0e,0x02,0x15,0x14,0x16,0x01,0xae,0x73,0xab,0x5e,0x3d,0x70,0x99,0x5b,0x64,0x97,0x55,
0x21,0x3a,0x4c,0x2b,0x1f,0x2d,0x0e,0x0d,0x04,0x1a,0x4d,0x2c,0x43,0x55,0x20,0x39,0x4a,0x2a,0x3c,0x49,
0x01,0x0c,0x1c,0x4f,0x46,0x09,0x0f,0x17,0x18,0x2c,0x24,0x15,0x44,0x7b,0x51,0x4d,0x80,0x5d,0x33,0x4a,
0x8b,0x63,0x37,0x6d,0x2e,0x19,0x2b,0x7b,0x62,0x1a,0x2f,0x24,0x15,0x35,0x2c,0x1a,0x2f,0x24,0x14,0x35,
0x0a,0x54,0x97,0x66,0x55,0x93,0x6e,0x3d,0x4c,0x87,0x58,0x39,0x65,0x4d,0x2c,0x1d,0x3a,0x29,0x24,0x2c,
0x30,0x5f,0x4c,0x33,0x5a,0x44,0x27,0x44,0x3a,0x01,0x6b,0xfe,0xf0,0x23,0x22,0x23,0x3c,0x4c,0x2a,0x49,
0x6d,0x3d,0x34,0x5d,0x7b,0x47,0x54,0x7c,0x45,0x19,0x17,0x36,0x19,0x1f,0xe5,0x1c,0x31,0x3f,0x22,0x32,
0x3d,0x1a,0x2f,0x3f,0x24,0x34,0x3d,0x00,0x00,0x02,0x00,0x30,0xff,0xf6,0x02,0xd9,0x02,0xda,0x00,0x1f,
0x00,0x3a,0x00,0x00,0x61,0x01,0x2e,0x02,0x35,0x34,0x36,0x36,0x33,0x32,0x16,0x16,0x15,0x14,0x06,0x07,
0x27,0x36,0x36,0x35,0x34,0x26,0x23,0x22,0x06,0x15,0x14,0x16,0x16,0x17,0x01,0x05,0x22,0x26,0x26,0x35,
0x34,0x36,0x37,0x17,0x0e,0x02,0x15,0x14,0x16,0x33,0x32,0x3e,0x02,0x35,0x33,0x14,0x0e,0x03,0x02,0x70,
0xfe,0x7d,0x21,0x2a,0x14,0x30,0x53,0x36,0x34,0x54,0x32,0x5e,0x62,0x2a,0x4d,0x4f,0x41,0x2d,0x2c,0x3b,
0x11,0x2a,0x27,0x01,0x99,0xfe,0x5c,0x4e,0x76,0x41,0x70,0x60,0x2c,0x38,0x4c,0x27,0x62,0x55,0x3f,0x61,
0x44,0x23,0x4f,0x1f,0x3c,0x55,0x6a,0x01,0x8d,0x23,0x3a,0x36,0x1c,0x2e,0x47,0x29,0x27,0x46,0x31,0x3d,
0x5d,0x20,0x33,0x13,0x43,0x2e,0x2c,0x32,0x30,0x2d,0x14,0x28,0x34,0x28,0xfe,0x5e,0x0a,0x36,0x62,0x41,
0x50,0x78,0x14,0x32,0x0c,0x2d,0x40,0x2a,0x49,0x52,0x2c,0x55,0x7a,0x4e,0x49,0x7c,0x62,0x43,0x24,0x00,
0x00,0x01,0x00,0x2a,0xff,0x7e,0x02,0x71,0x02,0xd0,0x00,0x10,0x00,0x00,0x45,0x11,0x23,0x22,0x26,0x26,
0x35,0x34,0x36,0x36,0x33,0x21,0x11,0x23,0x11,0x23,0x11,0x01,0x66,0x78,0x39,0x59,0x32,0x32,0x5a,0x3b,
0x01,0x80,0x43,0x85,0x82,0x01,0xc8,0x31,0x58,0x39,0x3b,0x5a,0x33,0xfc,0xae,0x03,0x12,0xfc,0xee,0x00,
0x00,0x02,0x00,0x2a,0xff,0xb5,0x01,0xc8,0x02,0xda,0x00,0x21,0x00,0x43,0x00,0x00,0x65,0x37,0x32,0x36,
0x35,0x34,0x26,0x27,0x27,0x26,0x26,0x35,0x34,0x36,0x33,0x32,0x16,0x17,0x23,0x26,0x26,0x23,0x22,0x06,
0x15,0x14,0x16,0x17,0x17,0x16,0x16,0x15,0x14,0x06,0x07,0x22,0x26,0x27,0x33,0x16,0x16,0x33,0x32,0x36,
0x35,0x34,0x26,0x27,0x27,0x26,0x26,0x35,0x34,0x36,0x33,0x07,0x22,0x06,0x15,0x14,0x16,0x17,0x17,0x16,
0x16,0x15,0x14,0x06,0x01,0x08,0x02,0x35,0x3c,0x27,0x2e,0x64,0x39,0x41,0x62,0x54,0x53,0x68,0x07,0x4d,
0x07,0x3e,0x33,0x31,0x36,0x27,0x2e,0x50,0x47,0x48,0x66,0x6e,0x53,0x67,0x08,0x4d,0x07,0x3e,0x33,0x32,
0x35,0x26,0x2f,0x50,0x47,0x48,0x66,0x5a,0x02,0x35,0x3c,0x27,0x2e,0x64,0x39,0x41,0x62,0xad,0x38,0x2f,
0x25,0x22,0x2a,0x0c,0x1a,0x0e,0x50,0x3c,0x42,0x53,0x50,0x47,0x29,0x2c,0x2b,0x22,0x22,0x2c,0x0d,0x16,
0x13,0x51,0x3e,0x43,0x48,0xf8,0x50,0x47,0x29,0x2c,0x2b,0x22,0x22,0x2c,0x0d,0x16,0x14,0x50,0x3e,0x44,
0x47,0x38,0x2e,0x26,0x22,0x2a,0x0c,0x1a,0x0e,0x50,0x3c,0x42,0x53,0x00,0x00,0x03,0x00,0x32,0xff,0xf1,
0x03,0x20,0x02,0xdf,0x00,0x13,0x00,0x27,0x00,0x43,0x00,0x00,0x45,0x22,0x2e,0x02,0x35,0x34,0x3e,0x02,
0x33,0x32,0x1e,0x02,0x15,0x14,0x0e,0x02,0x27,0x32,0x3e,0x02,0x35,0x34,0x2e,0x02,0x23,0x22,0x0e,0x02,
0x15,0x14,0x1e,0x02,0x37,0x22,0x26,0x26,0x35,0x34,0x36,0x36,0x33,0x32,0x16,0x17,0x23,0x26,0x26,0x23,
0x22,0x06,0x15,0x14,0x16,0x33,0x32,0x36,0x37,0x33,0x06,0x06,0x01,0xa9,0x4e,0x88,0x67,0x3a,0x3a,0x67,
0x88,0x4e,0x4e,0x88,0x67,0x3a,0x3a,0x67,0x88,0x4e,0x45,0x7a,0x5c,0x34,0x34,0x5c,0x7a,0x45,0x45,0x7a,
0x5c,0x34,0x34,0x5c,0x7a,0x47,0x3b,0x5c,0x34,0x34,0x5c,0x3a,0x48,0x63,0x0a,0x31,0x07,0x46,0x36,0x45,
0x54,0x54,0x44,0x38,0x46,0x07,0x31,0x0a,0x62,0x0f,0x3a,0x67,0x88,0x4e,0x4e,0x88,0x67,0x3a,0x3a,0x67,
0x88,0x4e,0x4e,0x88,0x67,0x3a,0x26,0x35,0x5d,0x7a,0x45,0x45,0x7a,0x5d,0x35,0x35,0x5d,0x7a,0x45,0x45,
0x7a,0x5d,0x35,0x75,0x39,0x63,0x40,0x40,0x63,0x39,0x57,0x47,0x35,0x3d,0x62,0x4e,0x4f,0x61,0x3e,0x34,
0x48,0x56,0x00,0x03,0x00,0x32,0xff,0xf1,0x03,0x20,0x02,0xdf,0x00,0x13,0x00,0x27,0x00,0x4a,0x00,0x00,
0x45,0x22,0x2e,0x02,0x35,0x34,0x3e,0x02,0x33,0x32,0x1e,0x02,0x15,0x14,0x0e,0x02,0x27,0x32,0x3e,0x02,
0x35,0x34,0x2e,0x02,0x23,0x22,0x0e,0x02,0x15,0x14,0x1e,0x02,0x27,0x11,0x33,0x32,0x16,0x15,0x14,0x07,
0x37,0x36,0x16,0x15,0x15,0x14,0x16,0x17,0x23,0x26,0x26,0x35,0x35,0x34,0x26,0x23,0x23,0x35,0x33,0x32,
0x36,0x35,0x34,0x26,0x23,0x23,0x11,0x01,0xa9,0x4e,0x88,0x67,0x3a,0x3a,0x67,0x88,0x4e,0x4e,0x88,0x67,
0x3a,0x3a,0x67,0x88,0x4e,0x45,0x7a,0x5c,0x34,0x34,0x5c,0x7a,0x45,0x45,0x7a,0x5c,0x34,0x34,0x5c,0x7a,
0x47,0x9f,0x43,0x4e,0x73,0x06,0x2f,0x37,0x02,0x03,0x32,0x02,0x02,0x2d,0x29,0x7e,0x79,0x2f,0x33,0x33,
0x2f,0x6c,0x0f,0x3a,0x67,0x88,0x4e,0x4e,0x88,0x67,0x3a,0x3a,0x67,0x88,0x4e,0x4e,0x88,0x67,0x3a,0x26,
0x35,0x5d,0x7a,0x45,0x45,0x7a,0x5d,0x35,0x35,0x5d,0x7a,0x45,0x45,0x7a,0x5d,0x35,0x7a,0x01,0xae,0x3f,
0x36,0x58,0x19,0x10,0x02,0x33,0x2d,0x47,0x0b,0x19,0x0f,0x09,0x1a,0x10,0x3d,0x27,0x29,0x28,0x2a,0x25,
0x25,0x27,0xfe,0x7d,0x00,0x03,0x00,0x3c,0x01,0x68,0x03,0x16,0x02,0xd0,0x00,0x03,0x00,0x07,0x00,0x17,
0x00,0x00,0x53,0x11,0x33,0x11,0x03,0x35,0x21,0x15,0x13,0x11,0x33,0x13,0x23,0x13,0x33,0x11,0x23,0x11,
0x33,0x03,0x23,0x03,0x33,0x11,0xb3,0x42,0xb9,0x01,0x31,0x25,0x63,0x71,0x25,0x70,0x65,0x42,0x0b,0x6a,
0x46,0x69,0x0a,0x01,0x68,0x01,0x5b,0xfe,0xa5,0x01,0x30,0x38,0x38,0xfe,0xd0,0x01,0x68,0xfe,0xa5,0x01,
0x5b,0xfe,0x98,0x01,0x53,0xfe,0xad,0x01,0x50,0xfe,0xb0,0x00,0x00,0x02,0x00,0x32,0x01,0xc1,0x01,0x50,
0x02,0xdf,0x00,0x0f,0x00,0x1b,0x00,0x00,0x53,0x22,0x26,0x26,0x35,0x34,0x36,0x36,0x33,0x32,0x16,0x16,
0x15,0x14,0x06,0x06,0x27,0x32,0x36,0x35,0x34,0x26,0x23,0x22,0x06,0x15,0x14,0x16,0xc2,0x28,0x42,0x26,
0x26,0x42,0x28,0x29,0x40,0x25,0x25,0x40,0x29,0x26,0x34,0x34,0x26,0x28,0x34,0x34,0x01,0xc1,0x27,0x42,
0x27,0x27,0x41,0x26,0x26,0x41,0x27,0x27,0x42,0x27,0x33,0x36,0x27,0x26,0x35,0x35,0x26,0x27,0x36,0x00,
0x00,0x01,0x00,0x56,0xff,0x7e,0x00,0x9c,0x03,0x16,0x00,0x03,0x00,0x00,0x57,0x11,0x33,0x11,0x56,0x46,
0x82,0x03,0x98,0xfc,0x68,0x00,0x00,0x02,0x00,0x26,0x00,0x00,0x02,0xca,0x02,0xda,0x00,0x28,0x00,0x2c,
0x00,0x00,0x61,0x22,0x26,0x26,0x35,0x34,0x36,0x36,0x33,0x17,0x22,0x26,0x26,0x35,0x34,0x36,0x33,0x32,
0x16,0x17,0x15,0x26,0x26,0x23,0x22,0x06,0x15,0x14,0x16,0x33,0x21,0x15,0x21,0x22,0x06,0x15,0x14,0x16,
0x33,0x21,0x15,0x23,0x11,0x33,0x11,0x01,0x03,0x42,0x63,0x38,0x33,0x57,0x37,0x05,0x2f,0x4c,0x2d,0x7c,
0x81,0x26,0x51,0x19,0x18,0x50,0x24,0x5e,0x51,0x4c,0x44,0x01,0xa4,0xfe,0x47,0x45,0x52,0x4e,0x42,0x01,
0x04,0x2a,0x52,0x30,0x57,0x39,0x39,0x59,0x34,0x15,0x2d,0x50,0x33,0x51,0x68,0x09,0x09,0x43,0x08,0x09,
0x44,0x3a,0x3c,0x42,0x42,0x4e,0x41,0x3d,0x48,0x44,0x02,0x2f,0xfd,0xd1,0x00,0x03,0x00,0x28,0xff,0x93,
0x01,0xf1,0x02,0x68,0x00,0x03,0x00,0x07,0x00,0x27,0x00,0x00,0x53,0x35,0x33,0x15,0x11,0x15,0x23,0x35,
0x17,0x22,0x26,0x26,0x35,0x34,0x36,0x36,0x33,0x32,0x16,0x16,0x17,0x23,0x26,0x26,0x23,0x22,0x06,0x06,
0x15,0x14,0x16,0x16,0x33,0x32,0x36,0x37,0x33,0x0e,0x02,0xf7,0x41,0x41,0x23,0x46,0x6d,0x3f,0x3f,0x6d,
0x45,0x39,0x5b,0x3b,0x08,0x4a,0x0a,0x48,0x39,0x31,0x48,0x28,0x28,0x49,0x31,0x37,0x4a,0x0a,0x4a,0x09,
0x3d,0x5a,0x01,0xe2,0x86,0x86,0xfe,0x32,0x81,0x81,0x1e,0x45,0x79,0x4d,0x4d,0x76,0x44,0x2c,0x51,0x36,
0x31,0x3e,0x30,0x58,0x3b,0x3b,0x5a,0x32,0x3d,0x31,0x35,0x51,0x2c,0x00,0x00,0x03,0x00,0x2a,0xff,0x93,
0x02,0x36,0x03,0x3e,0x00,0x03,0x00,0x07,0x00,0x30,0x00,0x00,0x41,0x35,0x33,0x15,0x11,0x15,0x23,0x35,
0x17,0x22,0x26,0x27,0x33,0x16,0x16,0x33,0x32,0x36,0x35,0x34,0x26,0x27,0x27,0x26,0x26,0x35,0x34,0x36,
0x36,0x33,0x32,0x16,0x17,0x23,0x26,0x26,0x23,0x22,0x06,0x15,0x14,0x16,0x17,0x17,0x16,0x16,0x15,0x14,
0x06,0x01,0x16,0x42,0x42,0x34,0x7e,0x95,0x0d,0x50,0x0b,0x68,0x5c,0x4e,0x4f,0x36,0x39,0x79,0x5c,0x58,
0x3a,0x6a,0x46,0x6c,0x82,0x0a,0x50,0x0d,0x51,0x4c,0x48,0x50,0x38,0x3b,0x81,0x54,0x54,0x7b,0x02,0xb8,
0x86,0x86,0xfd,0x5c,0x81,0x81,0x1d,0x7c,0x73,0x53,0x54,0x3b,0x39,0x31,0x3a,0x13,0x2a,0x20,0x5b,0x46,
0x3a,0x55,0x30,0x71,0x68,0x4b,0x46,0x3a,0x35,0x2d,0x36,0x14,0x2d,0x1d,0x63,0x4c,0x5a,0x63,0x00,0x03,
0x00,0x00,0xff,0xf6,0x02,0x8f,0x02,0xda,0x00,0x21,0x00,0x25,0x00,0x29,0x00,0x00,0x45,0x22,0x2e,0x02,
0x35,0x34,0x3e,0x02,0x33,0x32,0x16,0x16,0x17,0x23,0x26,0x26,0x23,0x22,0x06,0x06,0x15,0x14,0x16,0x16,
0x33,0x32,0x36,0x37,0x33,0x0e,0x02,0x01,0x37,0x21,0x07,0x05,0x37,0x21,0x07,0x01,0x91,0x43,0x71,0x54,
0x2f,0x2f,0x53,0x70,0x42,0x40,0x6a,0x49,0x0c,0x56,0x0b,0x5b,0x40,0x43,0x67,0x39,0x3a,0x66,0x42,0x41,
0x5d,0x0b,0x56,0x0c,0x48,0x6a,0xfe,0x2f,0x0e,0x01,0xe5,0x0e,0xfe,0x1b,0x0e,0x01,0xca,0x0e,0x0a,0x37,
0x63,0x87,0x51,0x51,0x87,0x63,0x37,0x2d,0x54,0x39,0x35,0x3b,0x4b,0x85,0x58,0x58,0x85,0x4b,0x3b,0x35,
0x3a,0x53,0x2d,0x01,0x9c,0x44,0x44,0x96,0x44,0x44,0x00,0x02,0x00,0x16,0x00,0x00,0x02,0x1a,0x02,0xda,
0x00,0x23,0x00,0x27,0x00,0x00,0x73,0x35,0x36,0x36,0x35,0x34,0x2e,0x02,0x35,0x34,0x36,0x36,0x33,0x32,
0x16,0x16,0x17,0x23,0x26,0x26,0x23,0x22,0x06,0x15,0x14,0x1e,0x02,0x15,0x14,0x06,0x07,0x27,0x21,0x15,
0x01,0x35,0x21,0x15,0x38,0x2f,0x24,0x17,0x1e,0x17,0x35,0x67,0x4b,0x4a,0x68,0x3c,0x06,0x50,0x0a,0x55,
0x42,0x4b,0x4f,0x16,0x1d,0x16,0x2f,0x3f,0x01,0x01,0x9d,0xfe,0x10,0x01,0xa5,0x48,0x47,0x63,0x25,0x24,
0x38,0x36,0x3f,0x2b,0x3b,0x5a,0x32,0x32,0x5a,0x3b,0x40,0x3f,0x47,0x3b,0x21,0x39,0x37,0x3d,0x26,0x2d,
0x77,0x53,0x23,0x48,0x01,0x35,0x44,0x44,0x00,0x04,0x00,0x18,0x00,0x00,0x02,0x50,0x02,0xd0,0x00,0x09,
0x00,0x0d,0x00,0x11,0x00,0x15,0x00,0x00,0x61,0x11,0x03,0x33,0x13,0x23,0x13,0x33,0x03,0x11,0x25,0x35,
0x21,0x15,0x25,0x23,0x35,0x3b,0x02,0x15,0x23,0x01,0x0b,0xf3,0x64,0xcf,0x26,0xcf,0x5c,0xf3,0xfe,0xd7,
0x02,0x00,0xfe,0xd0,0xd0,0xac,0xb7,0x9d,0xc9,0x01,0x46,0x01,0x8a,0xfe,0xa6,0x01,0x5a,0xfe,0x76,0xfe,
0xba,0xfc,0x44,0x44,0x96,0x44,0x44,0x00,0x00,0x02,0x00,0x28,0xff,0x93,0x01,0xf1,0x02,0x68,0x00,0x1d,
0x00,0x29,0x00,0x00,0x45,0x22,0x26,0x26,0x35,0x34,0x36,0x36,0x33,0x32,0x16,0x16,0x17,0x23,0x26,0x26,
0x23,0x22,0x06,0x15,0x14,0x16,0x33,0x32,0x36,0x37,0x33,0x0e,0x02,0x07,0x35,0x35,0x11,0x35,0x35,0x33,
0x15,0x15,0x11,0x15,0x15,0x01,0x1a,0x46,0x6d,0x3f,0x3f,0x6d,0x45,0x39,0x5b,0x3b,0x08,0x4a,0x0a,0x48,
0x39,0x49,0x58,0x59,0x49,0x37,0x4a,0x0a,0x4a,0x09,0x3d,0x5a,0x5a,0x41,0x0a,0x45,0x79,0x4d,0x4d,0x76,
0x44,0x2c,0x51,0x36,0x31,0x3e,0x6a,0x59,0x58,0x6f,0x3d,0x31,0x35,0x51,0x2c,0x63,0x7b,0x15,0x01,0xb7,
0x17,0x77,0x7b,0x15,0xfe,0x4c,0x12,0x7f,0x00,0x02,0x00,0x2a,0xff,0x93,0x02,0x36,0x03,0x3e,0x00,0x28,
0x00,0x34,0x00,0x00,0x45,0x22,0x26,0x27,0x33,0x16,0x16,0x33,0x32,0x36,0x35,0x34,0x26,0x27,0x27,0x26,
0x26,0x35,0x34,0x36,0x36,0x33,0x32,0x16,0x17,0x23,0x26,0x26,0x23,0x22,0x06,0x15,0x14,0x16,0x17,0x17,
0x16,0x16,0x15,0x14,0x06,0x07,0x35,0x35,0x11,0x35,0x35,0x33,0x15,0x15,0x11,0x15,0x15,0x01,0x4a,0x7e,
0x95,0x0d,0x50,0x0b,0x68,0x5c,0x4e,0x4f,0x36,0x39,0x79,0x5c,0x58,0x3a,0x6a,0x46,0x6c,0x82,0x0a,0x50,
0x0d,0x51,0x4c,0x48,0x50,0x38,0x3b,0x81,0x54,0x54,0x7b,0xa4,0x41,0x09,0x7c,0x73,0x53,0x54,0x3b,0x39,
0x31,0x3a,0x13,0x2a,0x20,0x5b,0x46,0x3a,0x55,0x30,0x71,0x68,0x4b,0x46,0x3a,0x35,0x2d,0x36,0x14,0x2d,
0x1d,0x63,0x4c,0x5a,0x63,0x64,0x7b,0x15,0x02,0x8d,0x17,0x77,0x7b,0x15,0xfd,0x76,0x12,0x7f,0x00,0x02,
0x00,0x3c,0x00,0x99,0x01,0xd7,0x02,0x4e,0x00,0x03,0x00,0x07,0x00,0x00,0x77,0x11,0x33,0x11,0x27,0x35,
0x21,0x15,0xe7,0x46,0xf1,0x01,0x9b,0x99,0x01,0xb5,0xfe,0x4b,0xb8,0x44,0x44,0x00,0x00,0x01,0x00,0x3c,
0x01,0x51,0x01,0xd7,0x01,0x95,0x00,0x03,0x00,0x00,0x53,0x35,0x21,0x15,0x3c,0x01,0x9b,0x01,0x51,0x44,
0x44,0x00,0x00,0x02,0x00,0x43,0x00,0xad,0x01,0xd0,0x02,0x3a,0x00,0x03,0x00,0x07,0x00,0x00,0x65,0x01,
0x37,0x01,0x05,0x27,0x01,0x17,0x01,0xa0,0xfe,0xa3,0x30,0x01,0x5d,0xfe,0xa3,0x30,0x01,0x5d,0x30,0xad,
0x01,0x5d,0x30,0xfe,0xa3,0x30,0x30,0x01,0x5d,0x30,0x00,0x03,0x00,0x3c,0x00,0x93,0x01,0xd7,0x02,0x53,
0x00,0x03,0x00,0x0f,0x00,0x1b,0x00,0x00,0x53,0x35,0x21,0x15,0x27,0x22,0x26,0x35,0x34,0x36,0x33,0x32,
0x16,0x15,0x14,0x06,0x03,0x22,0x26,0x35,0x34,0x36,0x33,0x32,0x16,0x15,0x14,0x06,0x3c,0x01,0x9b,0xcd,
0x19,0x21,0x21,0x19,0x17,0x22,0x22,0x17,0x19,0x21,0x21,0x19,0x17,0x22,0x22,0x01,0x51,0x44,0x44,0x8f,
0x20,0x1a,0x19,0x20,0x20,0x19,0x1a,0x20,0xfe,0xb3,0x20,0x1a,0x19,0x20,0x20,0x19,0x1a,0x20,0x00,0x02,
0x00,0x3c,0x00,0xed,0x01,0xd7,0x01,0xf9,0x00,0x03,0x00,0x07,0x00,0x00,0x53,0x35,0x21,0x15,0x05,0x35,
0x21,0x15,0x3c,0x01,0x9b,0xfe,0x65,0x01,0x9b,0x01,0xb5,0x44,0x44,0xc8,0x44,0x44,0x00,0x01,0x00,0x3c,
0x00,0xac,0x01,0xd7,0x02,0x30,0x00,0x07,0x00,0x00,0x77,0x35,0x25,0x15,0x25,0x35,0x05,0x15,0x3c,0x01,
0x6b,0xfe,0x95,0x01,0x9b,0xac,0x48,0x8b,0x19,0x82,0x48,0x96,0x4e,0x00,0x00,0x01,0x00,0x3c,0x00,0xb6,
0x01,0xd7,0x02,0x3a,0x00,0x07,0x00,0x00,0x41,0x15,0x05,0x35,0x05,0x15,0x25,0x35,0x01,0xd7,0xfe,0x95,
0x01,0x6b,0xfe,0x65,0x02,0x3a,0x48,0x8b,0x19,0x82,0x48,0x96,0x4e,0x00,0x00,0x01,0x00,0x16,0x01,0x28,
0x01,0xfd,0x01,0xa3,0x00,0x19,0x00,0x00,0x41,0x32,0x36,0x36,0x37,0x23,0x06,0x06,0x23,0x22,0x2e,0x02,
0x23,0x22,0x06,0x06,0x07,0x33,0x36,0x36,0x33,0x32,0x1e,0x02,0x01,0x7e,0x26,0x34,0x20,0x05,0x37,0x04,
0x22,0x1a,0x1b,0x37,0x3b,0x41,0x24,0x25,0x34,0x1f,0x06,0x37,0x05,0x22,0x19,0x1c,0x37,0x39,0x40,0x01,
0x28,0x1a,0x32,0x25,0x1b,0x18,0x12,0x19,0x12,0x1a,0x32,0x25,0x1b,0x18,0x12,0x19,0x12,0x00,0x00,0x01,
0x00,0x4b,0x01,0xeb,0x01,0xc8,0x02,0xe4,0x00,0x07,0x00,0x00,0x53,0x23,0x37,0x33,0x17,0x23,0x27,0x33,
0x8b,0x40,0x99,0x4b,0x99,0x40,0x93,0x29,0x01,0xeb,0xf9,0xf9,0xd0,0x00,0x00,0x05,0x00,0x23,0xff,0xf6,
0x02,0xef,0x02,0xda,0x00,0x03,0x00,0x13,0x00,0x1f,0x00,0x2f,0x00,0x3b,0x00,0x00,0x73,0x01,0x33,0x01,
0x05,0x22,0x26,0x26,0x35,0x34,0x36,0x36,0x33,0x32,0x16,0x16,0x15,0x14,0x06,0x06,0x27,0x32,0x36,0x35,
0x34,0x26,0x23,0x22,0x06,0x15,0x14,0x16,0x01,0x22,0x26,0x26,0x35,0x34,0x36,0x36,0x33,0x32,0x16,0x16,
0x15,0x14,0x06,0x06,0x27,0x32,0x36,0x35,0x34,0x26,0x23,0x22,0x06,0x15,0x14,0x16,0x55,0x02,0x1a,0x53,
0xfd,0xe6,0x01,0xa3,0x2a,0x4a,0x2e,0x2d,0x4a,0x2b,0x2d,0x4b,0x2c,0x2e,0x4b,0x2b,0x29,0x35,0x35,0x29,
0x29,0x32,0x32,0xfe,0xa3,0x2b,0x4a,0x2d,0x2d,0x4a,0x2b,0x2d,0x4a,0x2c,0x2e,0x4a,0x2b,0x28,0x35,0x34,
0x29,0x29,0x33,0x33,0x02,0xd0,0xfd,0x30,0x0a,0x28,0x52,0x3f,0x3f,0x51,0x28,0x28,0x51,0x3f,0x3f,0x52,
0x28,0x37,0x44,0x3f,0x3e,0x42,0x41,0x3f,0x40,0x43,0x01,0x3c,0x28,0x52,0x3f,0x3f,0x51,0x28,0x28,0x51,
0x3f,0x3f,0x52,0x28,0x37,0x43,0x40,0x3e,0x42,0x41,0x3f,0x40,0x43,0x00,0x00,0x07,0x00,0x1e,0xff,0xf6,
0x03,0x2c,0x02,0xda,0x00,0x0e,0x00,0x1a,0x00,0x1e,0x00,0x2c,0x00,0x38,0x00,0x44,0x00,0x52,0x00,0x00,
0x53,0x22,0x26,0x26,0x35,0x34,0x36,0x36,0x33,0x32,0x16,0x15,0x14,0x06,0x06,0x27,0x32,0x36,0x35,0x34,
0x26,0x23,0x22,0x06,0x15,0x14,0x16,0x03,0x01,0x33,0x01,0x05,0x22,0x26,0x26,0x35,0x34,0x36,0x36,0x33,
0x32,0x16,0x15,0x14,0x06,0x27,0x32,0x36,0x35,0x34,0x26,0x23,0x22,0x06,0x15,0x14,0x16,0x33,0x32,0x36,
0x35,0x34,0x26,0x23,0x22,0x06,0x15,0x14,0x16,0x17,0x22,0x26,0x35,0x34,0x36,0x33,0x32,0x16,0x16,0x15,
0x14,0x06,0x06,0xab,0x25,0x41,0x27,0x27,0x40,0x26,0x3b,0x53,0x28,0x40,0x26,0x21,0x2c,0x2b,0x22,0x22,
0x2a,0x2a,0x46,0x01,0xc9,0x4e,0xfe,0x38,0x01,0x55,0x20,0x3d,0x26,0x26,0x3c,0x21,0x33,0x47,0x49,0x31,
0x1d,0x26,0x26,0x1d,0x1e,0x24,0x24,0xe0,0x1e,0x24,0x24,0x1e,0x1d,0x26,0x27,0x1c,0x31,0x49,0x47,0x33,
0x21,0x3c,0x26,0x26,0x3c,0x01,0x69,0x28,0x52,0x3f,0x3f,0x51,0x28,0x5a,0x5e,0x3f,0x52,0x28,0x37,0x43,
0x40,0x3e,0x42,0x41,0x3f,0x40,0x43,0xfe,0x60,0x02,0xd0,0xfd,0x30,0x0a,0x28,0x52,0x3f,0x3f,0x51,0x28,
0x5a,0x5e,0x5e,0x5b,0x37,0x43,0x40,0x3e,0x42,0x41,0x3f,0x40,0x43,0x43,0x40,0x3f,0x41,0x42,0x3e,0x40,
0x43,0x37,0x5b,0x5e,0x5e,0x5a,0x28,0x51,0x3f,0x3f,0x52,0x28,0x00,0x02,0x00,0x4d,0x00,0x99,0x02,0x0b,
0x02,0x4e,0x00,0x03,0x00,0x07,0x00,0x00,0x65,0x11,0x33,0x11,0x25,0x35,0x21,0x15,0x01,0x0a,0x45,0xfe,
0xfe,0x01,0xbe,0x99,0x01,0xb5,0xfe,0x4b,0xb8,0x44,0x44,0x00,0x00,0x01,0x00,0x4d,0x01,0x51,0x02,0x0b,
0x01,0x95,0x00,0x03,0x00,0x00,0x53,0x35,0x21,0x15,0x4d,0x01,0xbe,0x01,0x51,0x44,0x44,0x00,0x00,0x02,
0x00,0x50,0x00,0xad,0x02,0x07,0x02,0x3a,0x00,0x03,0x00,0x07,0x00,0x00,0x65,0x01,0x37,0x01,0x05,0x27,
0x01,0x17,0x01,0xd8,0xfe,0x78,0x2f,0x01,0x88,0xfe,0x78,0x2f,0x01,0x88,0x2f,0xad,0x01,0x5d,0x30,0xfe,
0xa3,0x30,0x30,0x01,0x5d,0x30,0x00,0x03,0x00,0x4d,0x00,0x93,0x02,0x0b,0x02,0x53,0x00,0x03,0x00,0x0f,
0x00,0x1b,0x00,0x00,0x53,0x35,0x21,0x15,0x27,0x22,0x26,0x35,0x34,0x36,0x33,0x32,0x16,0x15,0x14,0x06,
0x03,0x22,0x26,0x35,0x34,0x36,0x33,0x32,0x16,0x15,0x14,0x06,0x4d,0x01,0xbe,0xde,0x1a,0x23,0x23,0x1a,
0x17,0x24,0x24,0x17,0x1a,0x23,0x23,0x1a,0x17,0x24,0x24,0x01,0x51,0x44,0x44,0x8f,0x20,0x1a,0x19,0x20,
0x20,0x19,0x1a,0x20,0xfe,0xb3,0x20,0x1a,0x19,0x20,0x20,0x19,0x1a,0x20,0x00,0x02,0x00,0x4d,0x00,0xed,
0x02,0x0b,0x01,0xf9,0x00,0x03,0x00,0x07,0x00,0x00,0x53,0x35,0x21,0x15,0x05,0x35,0x21,0x15,0x4d,0x01,
0xbe,0xfe,0x42,0x01,0xbe,0x01,0xb5,0x44,0x44,0xc8,0x44,0x44,0x00,0x01,0x00,0x54,0x00,0xac,0x02,0x12,
0x02,0x30,0x00,0x07,0x00,0x00,0x77,0x35,0x25,0x15,0x25,0x35,0x05,0x15,0x54,0x01,0x78,0xfe,0x88,0x01,
0xbe,0xac,0x48,0x8b,0x19,0x82,0x48,0x96,0x4e,0x00,0x00,0x01,0x00,0x3c,0x00,0xb6,0x01,0xd7,0x02,0x3a,
0x00,0x07,0x00,0x00,0x41,0x15,0x05,0x35,0x05,0x15,0x25,0x35,0x01,0xd7,0xfe,0x95,0x01,0x6b,0xfe,0x65,
0x02,0x3a,0x48,0x8b,0x19,0x82,0x48,0x96,0x4e,0x00,0x00,0x05,0x00,0x18,0xff,0xf6,0x02,0x40,0x02,0xda,
0x00,0x03,0x00,0x13,0x00,0x1f,0x00,0x2f,0x00,0x3b,0x00,0x00,0x73,0x01,0x33,0x01,0x05,0x22,0x26,0x26,
0x35,0x34,0x36,0x36,0x33,0x32,0x16,0x16,0x15,0x14,0x06,0x06,0x27,0x32,0x36,0x35,0x34,0x26,0x23,0x22,
0x06,0x15,0x14,0x16,0x03,0x22,0x26,0x26,0x35,0x34,0x36,0x36,0x33,0x32,0x16,0x16,0x15,0x14,0x06,0x06,
0x27,0x32,0x36,0x35,0x34,0x26,0x23,0x22,0x06,0x15,0x14,0x16,0x21,0x01,0xd2,0x49,0xfe,0x2f,0x01,0x4c,
0x23,0x3e,0x27,0x27,0x3e,0x23,0x24,0x3f,0x26,0x27,0x3f,0x23,0x19,0x29,0x28,0x1a,0x1a,0x27,0x27,0xfd,
0x23,0x3e,0x27,0x27,0x3e,0x23,0x24,0x3f,0x26,0x27,0x3f,0x23,0x19,0x29,0x28,0x1a,0x1a,0x27,0x27,0x02,
0xd0,0xfd,0x30,0x0a,0x28,0x53,0x3e,0x3f,0x51,0x28,0x28,0x51,0x3f,0x3e,0x53,0x28,0x37,0x3c,0x47,0x46,
0x3a,0x39,0x47,0x47,0x3c,0x01,0x3c,0x28,0x53,0x3e,0x3f,0x51,0x28,0x28,0x51,0x3f,0x3e,0x53,0x28,0x37,
0x3c,0x47,0x46,0x3a,0x39,0x47,0x47,0x3c,0x00,0x07,0x00,0x1e,0xff,0xf6,0x02,0x3a,0x02,0xda,0x00,0x03,
0x00,0x0f,0x00,0x1b,0x00,0x27,0x00,0x33,0x00,0x3f,0x00,0x4b,0x00,0x00,0x53,0x27,0x25,0x17,0x01,0x22,
0x26,0x35,0x34,0x36,0x33,0x32,0x16,0x15,0x14,0x06,0x27,0x32,0x36,0x35,0x34,0x26,0x23,0x22,0x06,0x15,
0x14,0x16,0x17,0x22,0x26,0x35,0x34,0x36,0x33,0x32,0x16,0x15,0x14,0x06,0x27,0x32,0x36,0x35,0x34,0x26,
0x23,0x22,0x06,0x15,0x14,0x16,0x01,0x22,0x26,0x35,0x34,0x36,0x33,0x32,0x16,0x15,0x14,0x06,0x27,0x32,
0x36,0x35,0x34,0x26,0x23,0x22,0x06,0x15,0x14,0x16,0x38,0x13,0x01,0xee,0x13,0xfe,0xde,0x30,0x48,0x47,
0x31,0x32,0x47,0x49,0x30,0x1a,0x24,0x23,0x1b,0x1c,0x21,0x21,0xd9,0x30,0x48,0x47,0x31,0x32,0x47,0x49,
0x30,0x1a,0x24,0x23,0x1b,0x1c,0x21,0x21,0xfe,0xf1,0x30,0x48,0x47,0x31,0x32,0x47,0x49,0x30,0x1a,0x24,
0x23,0x1b,0x1c,0x21,0x21,0x01,0x1a,0x3d,0x96,0x3d,0xfe,0x46,0x56,0x4c,0x4c,0x55,0x54,0x4d,0x4c,0x56,
0x37,0x3e,0x2e,0x2d,0x3c,0x3c,0x2d,0x2e,0x3e,0x37,0x56,0x4c,0x4c,0x55,0x54,0x4d,0x4c,0x56,0x37,0x3e,
0x2e,0x2d,0x3c,0x3c,0x2d,0x2e,0x3e,0x01,0x6a,0x56,0x4c,0x4c,0x55,0x54,0x4d,0x4c,0x56,0x37,0x3e,0x2e,
0x2d,0x3c,0x3c,0x2d,0x2e,0x3e,0x00,0x01,0x00,0x3c,0x00,0x00,0x02,0xd0,0x02,0xda,0x00,0x0a,0x00,0x00,
0x61,0x11,0x17,0x01,0x35,0x01,0x01,0x15,0x01,0x37,0x11,0x01,0x62,0x1c,0xfe,0xbe,0x01,0x4a,0x01,0x4a,
0xfe,0xbe,0x1c,0x02,0x92,0x23,0xfe,0xc0,0x64,0x01,0x47,0xfe,0xb8,0x64,0x01,0x41,0x23,0xfd,0x6e,0x00,
0x00,0x01,0x00,0x3c,0x00,0x58,0x02,0x5b,0x02,0x78,0x00,0x0a,0x00,0x00,0x77,0x01,0x07,0x25,0x37,0x05,
0x13,0x07,0x03,0x37,0x01,0x3c,0x01,0xd2,0x05,0xfe,0x3a,0x46,0x01,0xd1,0x01,0x46,0x01,0x2d,0xfe,0x2e,
0x8b,0x01,0xd1,0x2d,0x02,0x47,0x03,0xfe,0x2f,0x47,0x01,0xc7,0x05,0xfe,0x2f,0x00,0x00,0x01,0x00,0x3c,
0x00,0x1e,0x03,0x16,0x02,0xb2,0x00,0x0a,0x00,0x00,0x53,0x21,0x07,0x01,0x33,0x01,0x01,0x23,0x01,0x17,
0x21,0x3c,0x02,0x92,0x23,0xfe,0xc0,0x64,0x01,0x47,0xfe,0xb8,0x64,0x01,0x41,0x23,0xfd,0x6e,0x01,0x8c,
0x1c,0x01,0x42,0xfe,0xb6,0xfe,0xb6,0x01,0x42,0x1c,0x00,0x01,0x00,0x3c,0x00,0x59,0x02,0x5c,0x02,0x78,
0x00,0x0a,0x00,0x00,0x53,0x01,0x27,0x13,0x17,0x03,0x05,0x27,0x25,0x17,0x01,0x6f,0x01,0xd1,0x2d,0x02,
0x47,0x03,0xfe,0x2f,0x47,0x01,0xc7,0x05,0xfe,0x2f,0x02,0x78,0xfe,0x2e,0x05,0x01,0xc6,0x46,0xfe,0x2f,
0x01,0x46,0x01,0x2d,0x01,0xd2,0x00,0x01,0x00,0x3c,0xff,0xf6,0x02,0xd0,0x02,0xd0,0x00,0x0a,0x00,0x00,
0x41,0x33,0x11,0x27,0x01,0x15,0x01,0x01,0x35,0x01,0x07,0x01,0x62,0x48,0x1c,0x01,0x42,0xfe,0xb6,0xfe,
0xb6,0x01,0x42,0x1c,0x02,0xd0,0xfd,0x6e,0x23,0x01,0x41,0x64,0xfe,0xb8,0x01,0x47,0x64,0xfe,0xc0,0x23,
0x00,0x01,0x00,0x3c,0x00,0x58,0x02,0x5b,0x02,0x78,0x00,0x0a,0x00,0x00,0x41,0x01,0x37,0x05,0x07,0x25,
0x03,0x37,0x13,0x07,0x01,0x02,0x5b,0xfe,0x2e,0x05,0x01,0xc6,0x46,0xfe,0x2f,0x01,0x46,0x01,0x2d,0x01,
0xd2,0x02,0x45,0xfe,0x2f,0x2d,0x02,0x47,0x03,0x01,0xd1,0x47,0xfe,0x39,0x05,0x01,0xd1,0x00,0x00,0x01,
0x00,0x3c,0x00,0x1e,0x03,0x16,0x02,0xb2,0x00,0x0a,0x00,0x00,0x41,0x21,0x37,0x01,0x23,0x01,0x01,0x33,
0x01,0x27,0x21,0x03,0x16,0xfd,0x6e,0x23,0x01,0x40,0x64,0xfe,0xb9,0x01,0x48,0x64,0xfe,0xbf,0x23,0x02,
0x92,0x01,0x44,0x1c,0xfe,0xbe,0x01,0x4a,0x01,0x4a,0xfe,0xbe,0x1c,0x00,0x00,0x01,0x00,0x3c,0x00,0x58,
0x02,0x5c,0x02,0x77,0x00,0x0a,0x00,0x00,0x65,0x01,0x17,0x03,0x27,0x13,0x25,0x17,0x05,0x27,0x01,0x02,
0x29,0xfe,0x2f,0x2d,0x02,0x47,0x03,0x01,0xd1,0x47,0xfe,0x39,0x05,0x01,0xd1,0x58,0x01,0xd2,0x05,0xfe,
0x3a,0x46,0x01,0xd1,0x01,0x46,0x01,0x2d,0xfe,0x2e,0x00,0x01,0x00,0x3c,0x00,0x1e,0x03,0xc0,0x02,0xb2,
0x00,0x0d,0x00,0x00,0x65,0x01,0x01,0x33,0x01,0x21,0x01,0x33,0x01,0x01,0x23,0x01,0x21,0x01,0x01,0x84,
0xfe,0xb8,0x01,0x47,0x64,0xfe,0xdc,0x02,0x76,0xfe,0xdc,0x64,0x01,0x47,0xfe,0xb8,0x64,0x01,0x25,0xfd,
0x8a,0x01,0x25,0x1e,0x01,0x4a,0x01,0x4a,0xfe,0xda,0x01,0x26,0xfe,0xb6,0xfe,0xb6,0x01,0x26,0xfe,0xda,
0x00,0x01,0x00,0x3c,0xff,0xa6,0x02,0xd0,0x03,0x2a,0x00,0x0d,0x00,0x00,0x45,0x01,0x35,0x01,0x11,0x01,
0x35,0x01,0x01,0x15,0x01,0x11,0x01,0x15,0x01,0x86,0xfe,0xb6,0x01,0x26,0xfe,0xda,0x01,0x4a,0x01,0x4a,
0xfe,0xda,0x01,0x26,0x5a,0x01,0x47,0x64,0xfe,0xdc,0x02,0x76,0xfe,0xdc,0x64,0x01,0x47,0xfe,0xb8,0x64,
0x01,0x25,0xfd,0x8a,0x01,0x25,0x64,0x00,0x00,0x02,0x00,0x3c,0x02,0x72,0x01,0x7d,0x02,0xd0,0x00,0x03,
0x00,0x07,0x00,0x00,0x41,0x35,0x33,0x15,0x21,0x35,0x33,0x15,0x01,0x21,0x5c,0xfe,0xbf,0x5c,0x02,0x72,
0x5e,0x5e,0x5e,0x5e,0x00,0x01,0x00,0x3c,0x02,0x72,0x00,0x98,0x02,0xd0,0x00,0x03,0x00,0x00,0x53,0x35,
0x33,0x15,0x3c,0x5c,0x02,0x72,0x5e,0x5e,0x00,0x01,0x00,0x3c,0x02,0x47,0x01,0x28,0x02,0xe4,0x00,0x03,
0x00,0x00,0x53,0x27,0x33,0x17,0xdc,0xa0,0x7b,0x71,0x02,0x47,0x9d,0x9d,0x00,0x01,0x00,0x3c,0x02,0x47,
0x01,0x28,0x02,0xe4,0x00,0x03,0x00,0x00,0x53,0x23,0x37,0x33,0x88,0x4c,0x71,0x7b,0x02,0x47,0x9d,0x00,
0x00,0x02,0x00,0x3c,0x02,0x47,0x01,0x99,0x02,0xe4,0x00,0x03,0x00,0x07,0x00,0x00,0x53,0x23,0x37,0x33,
0x17,0x23,0x37,0x33,0x7e,0x42,0x35,0x60,0x75,0x42,0x35,0x60,0x02,0x47,0x9d,0x9d,0x9d,0x00,0x00,0x01,
0x00,0x3c,0x01,0xf7,0x00,0x88,0x02,0xd0,0x00,0x03,0x00,0x00,0x53,0x23,0x35,0x33,0x6e,0x32,0x4c,0x01,
0xf7,0xd9,0x00,0x01,0x00,0x3c,0x02,0x47,0x01,0xae,0x02,0xe4,0x00,0x07,0x00,0x00,0x53,0x37,0x33,0x17,
0x23,0x27,0x33,0x07,0x3c,0x8e,0x56,0x8e,0x4b,0x96,0x50,0x96,0x02,0x47,0x9d,0x9d,0x89,0x89,0x00,0x01,
0x00,0x3c,0x02,0x47,0x01,0xae,0x02,0xe4,0x00,0x07,0x00,0x00,0x53,0x27,0x33,0x17,0x23,0x37,0x33,0x07,
0xca,0x8e,0x4b,0x96,0x50,0x96,0x4b,0x8e,0x02,0x47,0x9d,0x89,0x89,0x9d,0x00,0x01,0x00,0x3c,0x02,0x43,
0x01,0x86,0x02,0xe4,0x00,0x0f,0x00,0x00,0x53,0x22,0x26,0x26,0x35,0x33,0x14,0x16,0x33,0x32,0x36,0x35,
0x33,0x14,0x06,0x06,0xe1,0x2f,0x4b,0x2b,0x41,0x34,0x30,0x2f,0x34,0x42,0x2c,0x4a,0x02,0x43,0x27,0x48,
0x32,0x2c,0x32,0x32,0x2c,0x32,0x48,0x27,0x00,0x02,0x00,0x3c,0x02,0x31,0x01,0x13,0x03,0x08,0x00,0x0b,
0x00,0x17,0x00,0x00,0x53,0x22,0x26,0x35,0x34,0x36,0x33,0x32,0x16,0x15,0x14,0x06,0x27,0x32,0x36,0x35,
0x34,0x26,0x23,0x22,0x06,0x15,0x14,0x16,0xa8,0x2e,0x3e,0x3e,0x2e,0x2e,0x3d,0x3d,0x2e,0x18,0x1f,0x1f,
0x18,0x19,0x1f,0x1f,0x02,0x31,0x3f,0x2d,0x2c,0x3f,0x3f,0x2c,0x2d,0x3f,0x32,0x22,0x18,0x17,0x22,0x22,
0x17,0x18,0x22,0x00,0x00,0x01,0x00,0x3c,0x02,0x51,0x01,0xb4,0x02,0xd2,0x00,0x19,0x00,0x00,0x41,0x22,
0x2e,0x02,0x23,0x22,0x06,0x15,0x23,0x34,0x36,0x36,0x33,0x32,0x1e,0x02,0x33,0x32,0x36,0x35,0x33,0x14,
0x06,0x06,0x01,0x45,0x1e,0x2b,0x23,0x21,0x12,0x14,0x1c,0x3a,0x1d,0x34,0x21,0x1f,0x2a,0x20,0x1f,0x13,
0x15,0x1c,0x3a,0x1d,0x32,0x02,0x51,0x15,0x1b,0x15,0x1c,0x1f,0x26,0x35,0x1c,0x15,0x1b,0x15,0x1c,0x1f,
0x24,0x36,0x1d,0x00,0x00,0x01,0x00,0x3c,0x02,0x82,0x01,0x96,0x02,0xbc,0x00,0x03,0x00,0x00,0x53,0x35,
0x21,0x15,0x3c,0x01,0x5a,0x02,0x82,0x3a,0x3a,0x00,0x00,0x01,0x00,0x41,0x02,0x45,0x00,0xaa,0x03,0x25,
0x00,0x0b,0x00,0x00,0x53,0x35,0x34,0x36,0x37,0x15,0x06,0x06,0x15,0x27,0x33,0x15,0x41,0x33,0x36,0x1b,
0x20,0x1d,0x58,0x02,0x45,0x4f,0x31,0x50,0x10,0x29,0x0b,0x2a,0x21,0x05,0x66,0x00,0x00,0x01,0x00,0x41,
0xfe,0xd8,0x00,0xaa,0xff,0xb8,0x00,0x0b,0x00,0x00,0x53,0x35,0x36,0x36,0x35,0x17,0x23,0x35,0x33,0x15,
0x14,0x06,0x41,0x1b,0x20,0x1d,0x58,0x69,0x33,0xfe,0xd8,0x29,0x0b,0x2a,0x21,0x05,0x66,0x4f,0x31,0x4f,
0x00,0x01,0x00,0x3c,0xff,0x29,0x01,0x27,0x00,0x0c,0x00,0x15,0x00,0x00,0x57,0x22,0x26,0x27,0x33,0x16,
0x16,0x33,0x32,0x36,0x35,0x34,0x26,0x27,0x37,0x33,0x07,0x16,0x16,0x15,0x14,0x06,0xb2,0x34,0x40,0x02,
0x38,0x02,0x26,0x18,0x17,0x21,0x27,0x38,0x19,0x3a,0x11,0x31,0x27,0x41,0xd7,0x30,0x29,0x14,0x11,0x11,
0x10,0x11,0x18,0x02,0x63,0x38,0x0a,0x2f,0x1d,0x29,0x2c,0x00,0x00,0x01,0x00,0x3c,0xff,0x28,0x00,0xd9,
0x00,0x11,0x00,0x12,0x00,0x00,0x57,0x22,0x26,0x35,0x34,0x36,0x37,0x17,0x06,0x06,0x15,0x14,0x16,0x33,
0x32,0x37,0x17,0x06,0x06,0x91,0x2a,0x2b,0x48,0x37,0x1b,0x2c,0x32,0x11,0x0e,0x15,0x0d,0x20,0x0e,0x23,
0xd8,0x2e,0x22,0x2c,0x4f,0x1e,0x11,0x20,0x3d,0x23,0x11,0x13,0x0f,0x2a,0x0d,0x0c,0x00,0x02,0x00,0x3c,
0x02,0x5f,0x01,0x91,0x02,0xd0,0x00,0x0b,0x00,0x17,0x00,0x00,0x53,0x22,0x26,0x35,0x34,0x36,0x33,0x32,
0x16,0x15,0x14,0x06,0x33,0x22,0x26,0x35,0x34,0x36,0x33,0x32,0x16,0x15,0x14,0x06,0x74,0x17,0x21,0x21,
0x17,0x17,0x20,0x20,0xcf,0x17,0x21,0x21,0x17,0x17,0x20,0x20,0x02,0x5f,0x21,0x18,0x19,0x1f,0x1f,0x19,
0x18,0x21,0x21,0x18,0x19,0x1f,0x1f,0x19,0x18,0x21,0x00,0x01,0x00,0x3c,0x02,0x5f,0x00,0xab,0x02,0xd0,
0x00,0x0b,0x00,0x00,0x53,0x22,0x26,0x35,0x34,0x36,0x33,0x32,0x16,0x15,0x14,0x06,0x74,0x17,0x21,0x21,
0x17,0x17,0x20,0x20,0x02,0x5f,0x21,0x18,0x19,0x1f,0x1f,0x19,0x18,0x21,0x00,0x01,0x00,0x3c,0x02,0x40,
0x00,0xaf,0x03,0x25,0x00,0x14,0x00,0x00,0x53,0x22,0x26,0x35,0x34,0x36,0x36,0x37,0x15,0x06,0x06,0x15,
0x07,0x36,0x36,0x33,0x32,0x16,0x15,0x14,0x06,0x78,0x19,0x23,0x19,0x2e,0x21,0x1a,0x20,0x18,0x07,0x12,
0x0a,0x19,0x21,0x20,0x02,0x40,0x27,0x2d,0x21,0x39,0x2c,0x0b,0x29,0x0b,0x2a,0x21,0x03,0x05,0x08,0x1f,
0x18,0x19,0x20,0x00,0x00,0x01,0x00,0x3c,0xfe,0xd8,0x00,0xaf,0xff,0xbd,0x00,0x14,0x00,0x00,0x53,0x35,
0x36,0x36,0x35,0x37,0x06,0x06,0x23,0x22,0x26,0x35,0x34,0x36,0x33,0x32,0x16,0x15,0x14,0x06,0x06,0x47,
0x1a,0x20,0x18,0x07,0x12,0x0a,0x19,0x21,0x21,0x16,0x19,0x23,0x18,0x2f,0xfe,0xd8,0x29,0x0b,0x2a,0x21,
0x03,0x05,0x08,0x1f,0x18,0x1a,0x1f,0x27,0x2d,0x20,0x3a,0x2c,0xff,0xff,0x00,0x3c,0x02,0x72,0x01,0x7d,
0x02,0xd0,0x04,0x06,0x01,0xd2,0x00,0x00,0xff,0xff,0x00,0x3c,0x02,0x72,0x00,0x98,0x02,0xd0,0x04,0x06,
0x01,0xd3,0x00,0x00,0xff,0xff,0x00,0x3c,0x02,0x47,0x01,0x28,0x02,0xe4,0x04,0x06,0x01,0xd4,0x00,0x00,
0xff,0xff,0x00,0x3c,0x02,0x47,0x01,0x28,0x02,0xe4,0x04,0x06,0x01,0xd5,0x00,0x00,0xff,0xff,0x00,0x3c,
0x02,0x47,0x01,0x99,0x02,0xe4,0x04,0x06,0x01,0xd6,0x00,0x00,0xff,0xff,0x00,0x3c,0x02,0x47,0x01,0xae,
0x02,0xe4,0x04,0x06,0x01,0xd8,0x00,0x00,0xff,0xff,0x00,0x3c,0x02,0x47,0x01,0xae,0x02,0xe4,0x04,0x06,
0x01,0xd9,0x00,0x00,0xff,0xff,0x00,0x3c,0x02,0x43,0x01,0x86,0x02,0xe4,0x04,0x06,0x01,0xda,0x00,0x00,
0xff,0xff,0x00,0x3c,0x02,0x31,0x01,0x13,0x03,0x08,0x04,0x06,0x01,0xdb,0x00,0x00,0xff,0xff,0x00,0x3c,
0x02,0x51,0x01,0xb4,0x02,0xd2,0x04,0x06,0x01,0xdc,0x00,0x00,0xff,0xff,0x00,0x3c,0x02,0x82,0x01,0x96,
0x02,0xbc,0x04,0x06,0x01,0xdd,0x00,0x00,0xff,0xff,0x00,0x3c,0xff,0x29,0x01,0x27,0x00,0x0c,0x04,0x06,
0x01,0xe0,0x00,0x00,0xff,0xff,0x00,0x3c,0xff,0x28,0x00,0xd9,0x00,0x11,0x04,0x06,0x01,0xe1,0x00,0x00,
0xff,0xff,0x00,0x3c,0x02,0x5f,0x01,0x91,0x02,0xd0,0x04,0x06,0x01,0xe2,0x00,0x00,0xff,0xff,0x00,0x3c,
0x02,0x5f,0x00,0xab,0x02,0xd0,0x04,0x06,0x01,0xe3,0x00,0x00,0x00,0x01,0x00,0x00,0x00,0x0a,0x00,0x28,
0x00,0x52,0x00,0x02,0x44,0x46,0x4c,0x54,0x00,0x0e,0x6c,0x61,0x74,0x6e,0x00,0x0e,0x00,0x04,0x00,0x00,
0x00,0x00,0xff,0xff,0x00,0x03,0x00,0x00,0x00,0x01,0x00,0x02,0x00,0x03,0x6b,0x65,0x72,0x6e,0x00,0x24,
0x6d,0x61,0x72,0x6b,0x00,0x1c,0x6d,0x6b,0x6d,0x6b,0x00,0x14,0x00,0x00,0x00,0x02,0x00,0x03,0x00,0x04,
0x00,0x00,0x00,0x02,0x00,0x01,0x00,0x02,0x00,0x00,0x00,0x01,0x00,0x00,0x00,0x05,0x0e,0x92,0x02,0x7a,
0x01,0x26,0x00,0xe4,0x00,0x0c,0x00,0x06,0x00,0x10,0x00,0x01,0x00,0x0a,0x00,0x01,0x00,0x01,0x00,0xb8,
0x00,0xb8,0x00,0x01,0x00,0x7a,0x00,0x0c,0x00,0x0f,0x00,0x68,0x00,0x62,0x00,0x5c,0x00,0x56,0x00,0x50,
0x00,0x4a,0x00,0x4a,0x00,0x44,0x00,0x3e,0x00,0x38,0x00,0x32,0x00,0x2c,0x00,0x26,0x00,0x20,0x00,0x2c,
0x00,0x01,0x00,0x74,0x02,0xd0,0x00,0x01,0x00,0xe7,0x02,0xd0,0x00,0x01,0x00,0x76,0x03,0x25,0x00,0x01,
0x00,0xe9,0x02,0xbc,0x00,0x01,0x00,0xf8,0x02,0xd2,0x00,0x01,0x00,0xa8,0x03,0x08,0x00,0x01,0x00,0xe1,
0x02,0xe4,0x00,0x01,0x00,0xf5,0x02,0xe4,0x00,0x01,0x00,0xd1,0x02,0xe4,0x00,0x01,0x00,0x8c,0x02,0xe4,
0x00,0x01,0x00,0xd8,0x02,0xe4,0x00,0x01,0x00,0x6a,0x02,0xd0,0x00,0x01,0x00,0xdd,0x02,0xd0,0x00,0x0f,
0x00,0x00,0x0d,0xec,0x00,0x00,0x0d,0xe6,0x00,0x00,0x0d,0xe0,0x00,0x00,0x0d,0xda,0x00,0x00,0x0d,0xd4,
0x00,0x00,0x0d,0xce,0x00,0x00,0x0d,0xce,0x00,0x00,0x0d,0xc8,0x00,0x00,0x0d,0xc2,0x00,0x00,0x0d,0xbc,
0x00,0x00,0x0d,0xb6,0x00,0x00,0x0d,0xb0,0x00,0x00,0x0d,0x98,0x00,0x00,0x0d,0x92,0x00,0x00,0x0d,0xb0,
0x00,0x02,0x00,0x03,0x01,0xd2,0x01,0xd6,0x00,0x00,0x01,0xd8,0x01,0xde,0x00,0x05,0x01,0xe2,0x01,0xe4,
0x00,0x0c,0x00,0x06,0x00,0x10,0x00,0x01,0x00,0x0a,0x00,0x00,0x00,0x01,0x00,0x2e,0x00,0x2e,0x00,0x01,
0x00,0x20,0x00,0x0c,0x00,0x03,0x00,0x0e,0x00,0x08,0x00,0x0e,0x00,0x01,0x00,0xb2,0xff,0x29,0x00,0x01,
0x00,0x76,0xfe,0xd8,0x00,0x03,0x00,0x00,0x0d,0x2c,0x00,0x00,0x0d,0x26,0x00,0x00,0x0d,0x2c,0x00,0x01,
0x00,0x03,0x01,0xdf,0x01,0xe0,0x01,0xe5,0x00,0x05,0x00,0x00,0x00,0x01,0x00,0x08,0x00,0x01,0x01,0x36,
0x00,0x0c,0x00,0x02,0x00,0xec,0x00,0x16,0x00,0x02,0x00,0x01,0x01,0x38,0x01,0x3c,0x00,0x00,0x00,0x05,
0x00,0xb4,0x00,0x92,0x00,0x60,0x00,0x2e,0x00,0x0c,0x00,0x02,0x00,0x1c,0x00,0x16,0x00,0x10,0x00,0x0a,
0x00,0x01,0x01,0xcd,0x00,0x00,0x00,0x01,0x01,0xcd,0x02,0xe4,0x00,0x01,0x00,0x9a,0x00,0x00,0x00,0x01,
0x00,0x9a,0x02,0xe4,0x00,0x03,0x00,0x2c,0x00,0x26,0x00,0x20,0x00,0x1a,0x00,0x14,0x00,0x0e,0x00,0x01,
0x03,0x05,0x00,0x00,0x00,0x01,0x03,0x05,0x02,0xe4,0x00,0x01,0x01,0xd0,0x00,0x00,0x00,0x01,0x01,0xd0,
0x02,0xe4,0x00,0x01,0x00,0x9b,0x00,0x00,0x00,0x01,0x00,0x9b,0x02,0xe4,0x00,0x03,0x00,0x2c,0x00,0x26,
0x00,0x20,0x00,0x1a,0x00,0x14,0x00,0x0e,0x00,0x01,0x06,0xd8,0x00,0x00,0x00,0x01,0x06,0xd8,0x01,0xfe,
0x00,0x01,0x04,0x1b,0x00,0x00,0x00,0x01,0x04,0x1b,0x01,0xfe,0x00,0x01,0x01,0x5e,0x00,0x00,0x00,0x01,
0x01,0x5e,0x01,0xfe,0x00,0x02,0x00,0x1c,0x00,0x16,0x00,0x10,0x00,0x0a,0x00,0x01,0x01,0xc5,0x00,0x00,
0x00,0x01,0x01,0xc5,0x02,0xe4,0x00,0x01,0x00,0x97,0x00,0x00,0x00,0x01,0x00,0x97,0x02,0xe4,0x00,0x02,
0x00,0x1c,0x00,0x16,0x00,0x10,0x00,0x0a,0x00,0x01,0x01,0xbe,0x00,0x00,0x00,0x01,0x01,0xbe,0x02,0xe4,
0x00,0x01,0x00,0x95,0x00,0x00,0x00,0x01,0x00,0x95,0x02,0xe4,0x00,0x12,0x00,0x00,0x0c,0x62,0x00,0x00,
0x0c,0x5c,0x00,0x00,0x0c,0x56,0x00,0x00,0x0c,0x50,0x00,0x00,0x0c,0x4a,0x00,0x00,0x0c,0x44,0x00,0x00,
0x0c,0x44,0x00,0x00,0x0c,0x3e,0x00,0x00,0x0c,0x38,0x00,0x00,0x0c,0x32,0x00,0x00,0x0c,0x2c,0x00,0x00,
0x0c,0x26,0x00,0x01,0x0c,0x20,0x00,0x01,0x0c,0x1a,0x00,0x00,0x0c,0x0e,0x00,0x00,0x0c,0x08,0x00,0x00,
0x0c,0x26,0x00,0x01,0x0c,0x20,0x00,0x02,0x00,0x03,0x01,0xd2,0x01,0xd6,0x00,0x00,0x01,0xd8,0x01,0xe0,
0x00,0x05,0x01,0xe2,0x01,0xe5,0x00,0x0e,0x00,0x04,0x00,0x00,0x00,0x01,0x00,0x08,0x00,0x01,0x0c,0x00,
0x0a,0xc4,0x00,0x03,0x0b,0x52,0x00,0x0c,0x01,0x19,0x0a,0xb2,0x0a,0xac,0x0a,0xa6,0x0a,0xa0,0x0a,0xac,
0x0a,0xa6,0x0a,0xa0,0x0a,0xac,0x0a,0xa6,0x0a,0xa0,0x0a,0xac,0x0a,0xa6,0x0a,0xa0,0x0a,0xac,0x0a,0xa6,
0x0a,0x9a,0x0a,0xac,0x0a,0xa6,0x0a,0xa0,0x0a,0xac,0x0a,0xa6,0x0a,0x94,0x0a,0xac,0x0a,0xa6,0x0a,0xb2,
0x0a,0xac,0x0a,0xa6,0x0a,0x8e,0x0a,0xac,0x0a,0xa6,0x0a,0x88,0x0a,0xac,0x0a,0xa6,0x0a,0x82,0x0a,0x7c,
0x00,0x00,0x0a,0x76,0x0a,0x7c,0x00,0x00,0x0a,0x76,0x0a,0x7c,0x00,0x00,0x0a,0x82,0x0a,0x70,0x00,0x00,
0x0a,0x6a,0x0a,0x7c,0x00,0x00,0x0a,0x64,0x0a,0x5e,0x00,0x00,0x0a,0x64,0x0a,0x5e,0x00,0x00,0x0a,0x58,
0x0a,0x5e,0x00,0x00,0x0a,0x64,0x0a,0x5e,0x00,0x00,0x0a,0x52,0x0a,0x4c,0x0a,0x46,0x0a,0x40,0x0a,0x4c,
0x0a,0x46,0x0a,0x40,0x0a,0x4c,0x0a,0x46,0x0a,0x40,0x0a,0x4c,0x0a,0x46,0x0a,0x3a,0x0a,0x4c,0x0a,0x46,
0x0a,0x3a,0x0a,0x4c,0x0a,0x46,0x0a,0x40,0x0a,0x4c,0x0a,0x46,0x0a,0x34,0x0a,0x4c,0x0a,0x46,0x0a,0x52,
0x0a,0x4c,0x0a,0x46,0x0a,0x2e,0x0a,0x28,0x00,0x00,0x0a,0x22,0x0a,0x28,0x00,0x00,0x0a,0x2e,0x0a,0x1c,
0x00,0x00,0x0a,0x16,0x0a,0x28,0x00,0x00,0x0a,0x10,0x0a,0x0a,0x00,0x00,0x0a,0x10,0x0a,0x0a,0x00,0x00,
0x0a,0x04,0x09,0xfe,0x09,0xf8,0x0a,0x04,0x09,0xfe,0x09,0xf8,0x09,0xf2,0x09,0xfe,0x09,0xf8,0x09,0xf2,
0x09,0xfe,0x09,0xf8,0x09,0xec,0x09,0xfe,0x09,0xf8,0x09,0xec,0x09,0xfe,0x09,0xf8,0x09,0xf2,0x09,0xfe,
0x09,0xf8,0x09,0xe6,0x09,0xfe,0x09,0xf8,0x0a,0x04,0x09,0xfe,0x09,0xf8,0x09,0xe0,0x09,0xda,0x00,0x00,
0x09,0xe0,0x09,0xd4,0x00,0x00,0x09,0xce,0x09,0xc8,0x00,0x00,0x09,0xc2,0x09,0xc8,0x00,0x00,0x09,0xce,
0x09,0xc8,0x00,0x00,0x09,0xce,0x09,0xbc,0x00,0x00,0x09,0xce,0x09,0xc8,0x00,0x00,0x0a,0x10,0x0a,0x0a,
0x00,0x00,0x09,0xb6,0x0a,0x0a,0x00,0x00,0x09,0xb6,0x0a,0x0a,0x00,0x00,0x0a,0x10,0x09,0xb0,0x00,0x00,
0x09,0xaa,0x0a,0x0a,0x00,0x00,0x0a,0x2e,0x0a,0x28,0x09,0xa4,0x0a,0x22,0x0a,0x28,0x09,0xa4,0x0a,0x22,
0x0a,0x28,0x09,0xa4,0x0a,0x16,0x0a,0x28,0x09,0xa4,0x0a,0x22,0x0a,0x28,0x09,0xa4,0x0a,0x22,0x0a,0x28,
0x09,0xa4,0x09,0x9e,0x0a,0x28,0x09,0xa4,0x0a,0x2e,0x0a,0x28,0x09,0xa4,0x09,0x98,0x0a,0x28,0x09,0xa4,
0x09,0x92,0x09,0x8c,0x00,0x00,0x09,0x86,0x09,0x8c,0x00,0x00,0x09,0x86,0x09,0x8c,0x00,0x00,0x09,0x92,
0x09,0x80,0x00,0x00,0x09,0x7a,0x09,0x74,0x00,0x00,0x09,0x6e,0x09,0x74,0x00,0x00,0x09,0x6e,0x09,0x74,
0x00,0x00,0x09,0x7a,0x09,0x68,0x00,0x00,0x09,0x7a,0x09,0x62,0x00,0x00,0x09,0x5c,0x09,0x56,0x00,0x00,
0x09,0x50,0x09,0x56,0x00,0x00,0x09,0x5c,0x09,0x4a,0x00,0x00,0x09,0x44,0x09,0xda,0x09,0x3e,0x09,0x38,
0x09,0xda,0x09,0x3e,0x09,0x38,0x09,0xda,0x09,0x3e,0x09,0x38,0x09,0xda,0x09,0x3e,0x09,0x32,0x09,0xda,
0x09,0x3e,0x09,0x38,0x09,0xda,0x09,0x3e,0x09,0x38,0x09,0xda,0x09,0x3e,0x09,0x2c,0x09,0xda,0x09,0x3e,
0x09,0x44,0x09,0xda,0x09,0x3e,0x09,0x26,0x09,0xda,0x09,0x3e,0x09,0x20,0x09,0x1a,0x00,0x00,0x09,0x14,
0x09,0x1a,0x00,0x00,0x09,0x14,0x09,0x1a,0x00,0x00,0x09,0x0e,0x09,0x1a,0x00,0x00,0x09,0x14,0x09,0x1a,
0x00,0x00,0x09,0x08,0x09,0x02,0x00,0x00,0x08,0xfc,0x09,0x02,0x00,0x00,0x08,0xfc,0x09,0x02,0x00,0x00,
0x08,0xf6,0x09,0x02,0x00,0x00,0x08,0xfc,0x09,0x02,0x00,0x00,0x08,0xf0,0x08,0xea,0x00,0x00,0x08,0xe4,
0x08,0xea,0x00,0x00,0x08,0xe4,0x08,0xea,0x00,0x00,0x08,0xde,0x08,0xea,0x00,0x00,0x0a,0x9a,0x0a,0xac,
0x0a,0xa6,0x0a,0x6a,0x0a,0x7c,0x00,0x00,0x0a,0x3a,0x0a,0x4c,0x0a,0x46,0x0a,0x3a,0x0a,0x4c,0x0a,0x46,
0x0a,0x2e,0x08,0xd8,0x00,0x00,0x0a,0x16,0x0a,0x28,0x00,0x00,0x09,0xec,0x09,0xfe,0x09,0xf8,0x09,0xec,
0x09,0xfe,0x09,0xf8,0x09,0xe0,0x09,0xd4,0x00,0x00,0x09,0xce,0x09,0xbc,0x00,0x00,0x0a,0x10,0x09,0xb0,
0x00,0x00,0x0a,0x16,0x0a,0x28,0x09,0xa4,0x09,0x92,0x09,0x80,0x00,0x00,0x09,0x7a,0x09,0x62,0x00,0x00,
0x09,0x5c,0x09,0x4a,0x00,0x00,0x09,0x32,0x09,0xda,0x09,0x3e,0x08,0xf6,0x09,0x02,0x00,0x00,0x08,0xde,
0x08,0xea,0x00,0x00,0x09,0xe0,0x09,0xda,0x00,0x00,0x09,0xe0,0x09,0xd4,0x00,0x00,0x08,0xd2,0x08,0xcc,
0x00,0x00,0x08,0xc6,0x08,0xcc,0x00,0x00,0x08,0xc6,0x08,0xcc,0x00,0x00,0x08,0xd2,0x08,0xc0,0x00,0x00,
0x0a,0x2e,0x0a,0x28,0x00,0x00,0x0a,0x22,0x0a,0x28,0x00,0x00,0x0a,0x2e,0x0a,0x1c,0x00,0x00,0x0a,0x16,
0x0a,0x28,0x00,0x00,0x09,0xe0,0x09,0xd4,0x00,0x00,0x08,0xd2,0x08,0xc0,0x00,0x00,0x0a,0x2e,0x0a,0x1c,
0x00,0x00,0x0a,0x16,0x0a,0x28,0x00,0x00,0x08,0xba,0x08,0xb4,0x08,0xae,0x08,0xa8,0x08,0xb4,0x08,0xae,
0x08,0xa8,0x08,0xb4,0x08,0xae,0x08,0xa8,0x08,0xb4,0x08,0xae,0x08,0xa8,0x08,0xb4,0x08,0xae,0x08,0xa2,
0x08,0xb4,0x08,0xae,0x08,0xa8,0x08,0xb4,0x08,0xae,0x08,0x9c,0x08,0xb4,0x08,0xae,0x08,0xba,0x08,0xb4,
0x08,0xae,0x08,0x96,0x08,0xb4,0x08,0xae,0x08,0x90,0x08,0xb4,0x08,0xae,0x08,0x8a,0x08,0x84,0x00,0x00,
0x08,0x7e,0x08,0x84,0x00,0x00,0x08,0x7e,0x08,0x84,0x00,0x00,0x08,0x8a,0x08,0x78,0x00,0x00,0x08,0x72,
0x08,0x84,0x00,0x00,0x08,0x6c,0x08,0x66,0x00,0x00,0x08,0x6c,0x08,0x66,0x00,0x00,0x08,0x6c,0x08,0x66,
0x00,0x00,0x08,0x60,0x08,0x5a,0x08,0x54,0x08,0x4e,0x08,0x5a,0x08,0x54,0x08,0x4e,0x08,0x5a,0x08,0x54,
0x08,0x4e,0x08,0x5a,0x08,0x54,0x08,0x48,0x08,0x5a,0x08,0x54,0x08,0x48,0x08,0x5a,0x08,0x54,0x08,0x4e,
0x08,0x5a,0x08,0x54,0x08,0x42,0x08,0x5a,0x08,0x54,0x08,0x60,0x08,0x5a,0x08,0x54,0x08,0x3c,0x08,0x36,
0x00,0x00,0x08,0x30,0x08,0x36,0x00,0x00,0x08,0x2a,0x08,0x36,0x00,0x00,0x08,0x24,0x08,0x36,0x00,0x00,
0x08,0x1e,0x0a,0x4c,0x00,0x00,0x08,0x1e,0x0a,0x4c,0x00,0x00,0x08,0x18,0x08,0x12,0x08,0x0c,0x08,0x06,
0x08,0x00,0x08,0x0c,0x07,0xfa,0x08,0x00,0x08,0x0c,0x07,0xfa,0x08,0x00,0x08,0x0c,0x08,0x18,0x08,0x00,
0x08,0x0c,0x08,0x18,0x08,0x00,0x08,0x0c,0x07,0xfa,0x08,0x00,0x08,0x0c,0x00,0x00,0x00,0x00,0x08,0x0c,
0x07,0xf4,0x08,0x00,0x08,0x0c,0x08,0x18,0x08,0x00,0x08,0x0c,0x08,0x18,0x07,0xee,0x00,0x00,0x08,0x06,
0x07,0xee,0x00,0x00,0x07,0xe8,0x07,0xe2,0x00,0x00,0x07,0xe8,0x07,0xdc,0x00,0x00,0x08,0x18,0x08,0x00,
0x00,0x00,0x07,0xd6,0x08,0x00,0x00,0x00,0x08,0x18,0x08,0x00,0x00,0x00,0x08,0x18,0x07,0xd0,0x00,0x00,
0x07,0xca,0x07,0xc4,0x00,0x00,0x07,0xbe,0x07,0xb8,0x00,0x00,0x07,0xb2,0x07,0xb8,0x00,0x00,0x07,0xb2,
0x07,0xb8,0x00,0x00,0x07,0xbe,0x07,0xac,0x00,0x00,0x07,0xa6,0x07,0xb8,0x00,0x00,0x07,0xa0,0x07,0x9a,
0x07,0x94,0x07,0x8e,0x07,0x9a,0x07,0x94,0x07,0x8e,0x07,0x9a,0x07,0x94,0x07,0x88,0x07,0x9a,0x07,0x94,
0x07,0x8e,0x07,0x9a,0x07,0x94,0x07,0x8e,0x07,0x9a,0x07,0x94,0x07,0x82,0x07,0x9a,0x07,0x94,0x07,0x7c,
0x07,0x9a,0x07,0x94,0x07,0x76,0x08,0x00,0x00,0x00,0x07,0x70,0x08,0x00,0x00,0x00,0x07,0x70,0x08,0x00,
0x00,0x00,0x07,0x76,0x07,0xd0,0x00,0x00,0x07,0x6a,0x07,0x64,0x00,0x00,0x07,0x5e,0x07,0x64,0x00,0x00,
0x07,0x5e,0x07,0x64,0x00,0x00,0x07,0x6a,0x07,0x58,0x00,0x00,0x07,0x6a,0x07,0x52,0x00,0x00,0x07,0x4c,
0x07,0x46,0x00,0x00,0x07,0x4c,0x07,0x46,0x00,0x00,0x07,0x4c,0x07,0x40,0x00,0x00,0x07,0x3a,0x07,0x34,
0x07,0x2e,0x07,0x28,0x07,0x34,0x07,0x2e,0x07,0x28,0x07,0x34,0x07,0x2e,0x07,0x28,0x07,0x34,0x07,0x2e,
0x07,0x22,0x07,0x34,0x07,0x2e,0x07,0x28,0x07,0x34,0x07,0x2e,0x07,0x28,0x07,0x34,0x07,0x2e,0x07,0x1c,
0x07,0x34,0x07,0x2e,0x07,0x3a,0x07,0x34,0x07,0x2e,0x07,0x16,0x07,0x34,0x07,0x2e,0x07,0x10,0x07,0x0a,
0x00,0x00,0x07,0x04,0x07,0x0a,0x00,0x00,0x07,0x04,0x07,0x0a,0x00,0x00,0x06,0xfe,0x07,0x0a,0x00,0x00,
0x07,0x04,0x07,0x0a,0x00,0x00,0x06,0xf8,0x06,0xf2,0x00,0x00,0x06,0xec,0x06,0xf2,0x00,0x00,0x06,0xec,
0x06,0xf2,0x00,0x00,0x06,0xe6,0x06,0xf2,0x00,0x00,0x06,0xec,0x06,0xf2,0x00,0x00,0x0b,0xbe,0x06,0xe0,
0x00,0x00,0x06,0xda,0x06,0xe0,0x00,0x00,0x06,0xda,0x06,0xe0,0x00,0x00,0x06,0xd4,0x06,0xe0,0x00,0x00,
0x08,0xa2,0x08,0xb4,0x08,0xae,0x08,0x72,0x08,0x84,0x00,0x00,0x08,0x48,0x08,0x5a,0x08,0x54,0x08,0x48,
0x08,0x5a,0x08,0x54,0x08,0x2a,0x08,0x36,0x00,0x00,0x08,0x24,0x08,0x36,0x00,0x00,0x08,0x18,0x06,0xce,
0x08,0x0c,0x08,0x18,0x08,0x00,0x08,0x0c,0x08,0x18,0x08,0x00,0x08,0x0c,0x00,0x00,0x00,0x00,0x08,0x0c,
0x08,0x18,0x08,0x00,0x08,0x0c,0x08,0x18,0x07,0xee,0x00,0x00,0x07,0xe8,0x07,0xdc,0x00,0x00,0x08,0x18,
0x07,0xd0,0x00,0x00,0x07,0xbe,0x07,0xac,0x00,0x00,0x07,0x88,0x07,0x9a,0x07,0x94,0x07,0x76,0x07,0xd0,
0x00,0x00,0x07,0x6a,0x07,0x52,0x00,0x00,0x07,0x4c,0x07,0x40,0x00,0x00,0x07,0x22,0x07,0x34,0x07,0x2e,
0x06,0xfe,0x07,0x0a,0x00,0x00,0x06,0xe6,0x06,0xf2,0x00,0x00,0x06,0xd4,0x06,0xe0,0x00,0x00,0x06,0xc8,
0x08,0x66,0x06,0xc2,0x08,0x6c,0x08,0x66,0x06,0xc2,0x08,0x6c,0x08,0x66,0x06,0xc2,0x08,0x6c,0x08,0x66,
0x06,0xc2,0x08,0x6c,0x08,0x66,0x06,0xc2,0x06,0xbc,0x08,0x66,0x06,0xc2,0x08,0x6c,0x08,0x66,0x06,0xc2,
0x06,0xb6,0x08,0x66,0x06,0xc2,0x06,0xc8,0x08,0x66,0x06,0xc2,0x06,0xb0,0x08,0x66,0x06,0xc2,0x06,0xaa,
0x08,0x66,0x06,0xc2,0x06,0xa4,0x06,0xf2,0x00,0x00,0x06,0x9e,0x06,0xf2,0x00,0x00,0x06,0x9e,0x06,0xf2,
0x00,0x00,0x06,0x98,0x06,0xf2,0x00,0x00,0x06,0x9e,0x06,0xf2,0x00,0x00,0x07,0xe8,0x07,0xe2,0x00,0x00,
0x07,0xe8,0x07,0xdc,0x00,0x00,0x06,0xbc,0x08,0x66,0x06,0xc2,0x06,0x98,0x06,0xf2,0x00,0x00,0x07,0xe8,
0x07,0xdc,0x00,0x00,0x08,0x8a,0x08,0x84,0x00,0x00,0x09,0x7a,0x09,0x74,0x00,0x00,0x00,0x01,0x01,0x08,
0x02,0xd0,0x00,0x01,0x01,0x08,0x02,0xe4,0x00,0x01,0x01,0x08,0x01,0xfe,0x00,0x01,0x01,0x2f,0x02,0xd2,
0x00,0x01,0x01,0x2f,0x03,0x08,0x00,0x01,0x01,0x2f,0x02,0xbc,0x00,0x01,0x01,0x2f,0x02,0xd0,0x00,0x01,
0x02,0x0e,0x00,0x00,0x00,0x01,0x01,0x2f,0x01,0xfe,0x00,0x01,0x00,0xa8,0x00,0x00,0x00,0x01,0x00,0xf8,
0x02,0xd0,0x00,0x01,0x00,0xf8,0x02,0xe4,0x00,0x01,0x00,0xf8,0x00,0x00,0x00,0x01,0x01,0x06,0x02,0xd0,
0x00,0x01,0x01,0x06,0x02,0xe4,0x00,0x01,0x01,0x06,0x00,0x00,0x00,0x01,0x01,0x06,0x01,0xfe,0x00,0x01,
0x01,0x80,0x02,0xd0,0x00,0x01,0x01,0x80,0x02,0xe4,0x00,0x01,0x01,0x80,0x00,0x00,0x00,0x01,0x01,0x80,
0x01,0xfe,0x00,0x01,0x01,0x27,0x03,0x08,0x00,0x01,0x01,0x27,0x02,0xbc,0x00,0x01,0x01,0x27,0x02,0xd0,
0x00,0x01,0x01,0x27,0x02,0xe4,0x00,0x01,0x01,0xfd,0x00,0x00,0x00,0x01,0x01,0x27,0x00,0x00,0x00,0x01,
0x01,0x27,0x01,0xfe,0x00,0x01,0x00,0xf6,0xfe,0xd8,0x00,0x01,0x00,0xf6,0x00,0x00,0x00,0x01,0x00,0xb6,
0x01,0xfe,0x00,0x01,0x00,0xfa,0xfe,0xd8,0x00,0x01,0x00,0xf0,0xff,0x29,0x00,0x01,0x00,0xf1,0x02,0xe4,
0x00,0x01,0x00,0xfa,0x00,0x00,0x00,0x01,0x00,0xf1,0x01,0xfe,0x00,0x01,0x00,0xd7,0x02,0xe4,0x00,0x01,
0x00,0xd7,0x01,0xfe,0x00,0x01,0x01,0x24,0x02,0xd2,0x00,0x01,0x01,0x24,0x02,0xbc,0x00,0x01,0x01,0x24,
0x02,0xd0,0x00,0x01,0x01,0x24,0x02,0xe4,0x00,0x01,0x01,0x9f,0x00,0x14,0x00,0x01,0x01,0x24,0x00,0x00,
0x00,0x01,0x01,0x24,0x01,0xfe,0x00,0x01,0x01,0x4a,0x02,0xd2,0x00,0x01,0x01,0x3c,0xfe,0xd8,0x00,0x01,
0x01,0x4a,0x02,0xe4,0x00,0x01,0x01,0x3c,0x00,0x00,0x00,0x01,0x01,0x4a,0x01,0xfe,0x00,0x01,0x00,0x82,
0x00,0x00,0x00,0x01,0x00,0x82,0x02,0xd0,0x00,0x01,0x00,0x78,0xfe,0xd8,0x00,0x01,0x00,0x78,0x03,0xb6,
0x00,0x01,0x01,0x20,0xfe,0xd8,0x00,0x01,0x01,0x20,0x00,0x00,0x00,0x01,0x01,0x0c,0x02,0xe4,0x00,0x01,
0x00,0x78,0xff,0x33,0x00,0x01,0x00,0x78,0x02,0xbc,0x00,0x01,0x00,0x78,0x02,0xe4,0x00,0x01,0x00,0x78,
0x00,0x00,0x00,0x01,0x00,0x78,0x01,0xfe,0x00,0x01,0x00,0xa0,0x00,0x00,0x00,0x01,0x00,0xa3,0x00,0x00,
0x00,0x01,0x00,0x78,0x02,0xd0,0x00,0x01,0x01,0x3f,0x01,0xfe,0x00,0x01,0x01,0x1f,0x02,0xd0,0x00,0x01,
0x01,0x1f,0x03,0x25,0x00,0x01,0x01,0x1f,0x02,0xe4,0x00,0x01,0x01,0x2f,0xff,0x33,0x00,0x01,0x01,0x1f,
0x01,0xfe,0x00,0x01,0x01,0x25,0x02,0xbc,0x00,0x01,0x01,0x25,0x02,0xd0,0x00,0x01,0x01,0x25,0x02,0xe4,
0x00,0x01,0x01,0x99,0x00,0x14,0x00,0x01,0x01,0x1a,0x00,0x00,0x00,0x01,0x01,0x25,0x01,0xfe,0x00,0x01,
0x01,0x2f,0x00,0x00,0x00,0x01,0x01,0x2f,0x02,0xe4,0x00,0x01,0x01,0x1b,0x02,0xd0,0x00,0x01,0x01,0x0d,
0xff,0x29,0x00,0x01,0x01,0x1b,0x02,0xe4,0x00,0x01,0x01,0x17,0x00,0x00,0x00,0x01,0x01,0x1b,0x01,0xfe,
0x00,0x01,0x01,0x0b,0x02,0xd2,0x00,0x01,0x01,0x0b,0x03,0x08,0x00,0x01,0x01,0x0b,0x02,0xbc,0x00,0x01,
0x01,0x0b,0x02,0xd0,0x00,0x01,0x01,0x0b,0x02,0xe4,0x00,0x01,0x01,0xd6,0x00,0x00,0x00,0x01,0x01,0x0b,
0x00,0x00,0x00,0x01,0x01,0x0b,0x01,0xfe,0x00,0x01,0x01,0x50,0xfe,0xd8,0x00,0x01,0x01,0x46,0x03,0xb6,
0x00,0x01,0x01,0x50,0x00,0x00,0x00,0x01,0x01,0x46,0x02,0xd0,0x00,0x01,0x01,0x9d,0xfe,0xd8,0x00,0x01,
0x01,0x38,0x03,0xa2,0x00,0x01,0x01,0x38,0x03,0xb6,0x00,0x01,0x01,0x38,0x00,0x00,0x00,0x01,0x01,0x38,
0x02,0xd0,0x00,0x01,0x01,0x52,0x03,0xa2,0x00,0x01,0x01,0x52,0x03,0xb6,0x00,0x01,0x01,0x52,0x00,0x00,
0x00,0x01,0x01,0x52,0x02,0xd0,0x00,0x01,0x02,0x21,0x03,0xa2,0x00,0x01,0x02,0x21,0x03,0xb6,0x00,0x01,
0x02,0x21,0x00,0x00,0x00,0x01,0x02,0x21,0x02,0xd0,0x00,0x01,0x01,0x64,0x03,0xda,0x00,0x01,0x01,0x64,
0x03,0x8e,0x00,0x01,0x01,0x64,0x03,0xa2,0x00,0x01,0x01,0x64,0x03,0xb6,0x00,0x01,0x01,0xed,0x00,0x14,
0x00,0x01,0x01,0x64,0x02,0xd0,0x00,0x01,0x01,0x44,0xfe,0xd8,0x00,0x01,0x01,0x44,0x03,0xb6,0x00,0x01,
0x01,0x44,0x00,0x00,0x00,0x01,0x01,0x44,0x02,0xd0,0x00,0x01,0x01,0x39,0xfe,0xd8,0x00,0x01,0x01,0x2f,
0xff,0x29,0x00,0x01,0x01,0x39,0x03,0xb6,0x00,0x01,0x01,0x39,0x00,0x00,0x00,0x01,0x01,0x39,0x02,0xd0,
0x00,0x01,0x01,0x48,0xfe,0xd8,0x00,0x01,0x01,0x48,0x03,0xb6,0x00,0x01,0x01,0x48,0x00,0x00,0x00,0x01,
0x01,0x48,0x02,0xd0,0x00,0x01,0x01,0x89,0x03,0xa4,0x00,0x01,0x01,0x89,0x03,0x8e,0x00,0x01,0x02,0x16,
0x00,0x14,0x00,0x01,0x01,0x70,0x03,0xa4,0x00,0x01,0x01,0x70,0xfe,0xd8,0x00,0x01,0x01,0x70,0x03,0xb6,
0x00,0x01,0x01,0x4b,0xfe,0xd8,0x00,0x01,0x00,0x7e,0x03,0xb6,0x00,0x01,0x01,0x4b,0x00,0x00,0x00,0x01,
0x00,0x7e,0x02,0xd0,0x00,0x01,0x01,0x64,0xfe,0xd8,0x00,0x01,0x01,0x64,0x00,0x00,0x00,0x01,0x01,0x5a,
0x02,0xd0,0x00,0x01,0x00,0x7f,0x03,0x8e,0x00,0x01,0x00,0x7f,0x03,0xa2,0x00,0x01,0x00,0x7f,0x03,0xb6,
0x00,0x01,0x00,0x94,0x00,0x00,0x00,0x01,0x00,0x7f,0x00,0x00,0x00,0x01,0x00,0x7f,0x02,0xd0,0x00,0x01,
0x01,0x70,0x00,0x00,0x00,0x01,0x01,0x70,0x02,0xd0,0x00,0x01,0x01,0x89,0x03,0xa2,0x00,0x01,0x01,0x89,
0xfe,0xd8,0x00,0x01,0x01,0x89,0x03,0xb6,0x00,0x01,0x01,0x89,0x00,0x00,0x00,0x01,0x01,0x89,0x02,0xd0,
0x00,0x01,0x01,0x49,0x03,0x8e,0x00,0x01,0x01,0x49,0x03,0xa2,0x00,0x01,0x01,0x49,0x03,0xb6,0x00,0x01,
0x02,0x1a,0x00,0x00,0x00,0x01,0x01,0x3f,0x00,0x00,0x00,0x01,0x01,0x49,0x02,0xd0,0x00,0x01,0x01,0x78,
0x03,0xb6,0x00,0x01,0x01,0x78,0x00,0x00,0x00,0x01,0x01,0x78,0x02,0xd0,0x00,0x01,0x01,0x85,0x03,0xa2,
0x00,0x01,0x01,0x7b,0xff,0x29,0x00,0x01,0x01,0x85,0x03,0xb6,0x00,0x01,0x01,0x85,0x00,0x00,0x00,0x01,
0x01,0x85,0x02,0xd0,0x00,0x01,0x01,0x6c,0x03,0xa4,0x00,0x01,0x01,0x6c,0x03,0xda,0x00,0x01,0x01,0x6c,
0x03,0x8e,0x00,0x01,0x01,0x6c,0x03,0xa2,0x00,0x01,0x01,0x6c,0x03,0xb6,0x00,0x01,0x02,0xb4,0x00,0x00,
0x00,0x01,0x01,0x6c,0x00,0x00,0x00,0x01,0x01,0x6c,0x02,0xd0,0x00,0x02,0x00,0x17,0x00,0x01,0x00,0x0b,
0x00,0x00,0x00,0x0e,0x00,0x1f,0x00,0x0b,0x00,0x21,0x00,0x2f,0x00,0x1d,0x00,0x31,0x00,0x37,0x00,0x2c,
0x00,0x39,0x00,0x3d,0x00,0x33,0x00,0x3f,0x00,0x47,0x00,0x38,0x00,0x4c,0x00,0x54,0x00,0x41,0x00,0x56,
0x00,0x62,0x00,0x4a,0x00,0x64,0x00,0x68,0x00,0x57,0x00,0x6a,0x00,0x8a,0x00,0x5c,0x00,0x8c,0x00,0x8f,
0x00,0x7d,0x00,0x92,0x00,0xa0,0x00,0x81,0x00,0xa3,0x00,0xa8,0x00,0x90,0x00,0xaa,0x00,0xb4,0x00,0x96,
0x00,0xb6,0x00,0xce,0x00,0xa1,0x00,0xd0,0x00,0xd4,0x00,0xba,0x00,0xd6,0x00,0xdc,0x00,0xbf,0x00,0xde,
0x00,0xde,0x00,0xc6,0x00,0xe3,0x00,0xeb,0x00,0xc7,0x00,0xed,0x00,0xf9,0x00,0xd0,0x00,0xfb,0x00,0xff,
0x00,0xdd,0x01,0x01,0x01,0x35,0x00,0xe2,0x01,0xad,0x01,0xae,0x01,0x17,0x00,0x13,0x00,0x00,0x00,0xa8,
0x00,0x00,0x00,0xa2,0x00,0x00,0x00,0x9c,0x00,0x00,0x00,0x96,0x00,0x00,0x00,0x90,0x00,0x00,0x00,0x8a,
0x00,0x00,0x00,0x8a,0x00,0x00,0x00,0x84,0x00,0x00,0x00,0x7e,0x00,0x00,0x00,0x78,0x00,0x00,0x00,0x72,
0x00,0x00,0x00,0x6c,0x00,0x01,0x00,0x66,0x00,0x01,0x00,0x60,0x00,0x02,0x00,0x5a,0x00,0x00,0x00,0x54,
0x00,0x00,0x00,0x4e,0x00,0x00,0x00,0x6c,0x00,0x01,0x00,0x66,0x00,0x01,0x00,0x74,0x01,0xfe,0x00,0x01,
0x00,0xe7,0x01,0xfe,0x00,0x01,0x00,0xd6,0x00,0x00,0x00,0x01,0x00,0xbc,0x00,0x00,0x00,0x01,0x00,0x76,
0x00,0x00,0x00,0x01,0x00,0x76,0x01,0xfe,0x00,0x01,0x00,0xe9,0x01,0xfe,0x00,0x01,0x00,0xf8,0x01,0xfe,
0x00,0x01,0x00,0xa8,0x01,0xfe,0x00,0x01,0x00,0xe1,0x01,0xfe,0x00,0x01,0x00,0xf5,0x01,0xfe,0x00,0x01,
0x00,0xd1,0x01,0xfe,0x00,0x01,0x00,0x8c,0x01,0xfe,0x00,0x01,0x00,0xd8,0x01,0xfe,0x00,0x01,0x00,0x6a,
0x01,0xfe,0x00,0x01,0x00,0xdd,0x01,0xfe,0x00,0x02,0x00,0x02,0x01,0xd2,0x01,0xd6,0x00,0x00,0x01,0xd8,
0x01,0xe5,0x00,0x05,0x00,0x09,0x00,0x08,0x00,0x02,0x46,0x38,0x00,0x0a,0x00,0x01,0x00,0x02,0x00,0x00,
0x00,0x08,0x00,0x02,0x3e,0x2c,0x00,0x04,0x00,0x00,0x42,0xa6,0x3f,0x26,0x00,0x6a,0x00,0x4b,0x00,0x00,
0xff,0xf3,0xff,0xfb,0xff,0xf9,0xff,0xfe,0xff,0xfe,0xff,0xed,0xff,0xfe,0xff,0xf5,0xff,0xf9,0xff,0xfd,
0xff,0xfc,0xff,0xfd,0xff,0xf7,0xff,0xfb,0xff,0xf2,0xff,0xb2,0xff,0xfe,0xff,0xfe,0xff,0xf6,0xff,0xc9,
0xff,0xde,0xff,0xee,0xff,0xbf,0xff,0xfc,0xff,0xfd,0xff,0xdc,0xff,0xc5,0xff,0xee,0xff,0xe5,0xff,0xd5,
0xff,0xd4,0xff,0xcf,0x00,0x00,0xff,0xe7,0xff,0xe1,0xff,0xe1,0xff,0xfd,0xff,0xeb,0xff,0xc8,0xff,0xc6,
0xff,0xc4,0xff,0xfd,0xff,0xf9,0xff,0xde,0x00,0x00,0xff,0xbf,0xff,0xea,0xff,0xd2,0xff,0xcb,0x00,0x00,
0xff,0xd4,0xff,0xe8,0x00,0x00,0x00,0x00,0xff,0xcf,0x00,0x00,0xff,0xdc,0x00,0x00,0xff,0xf9,0x00,0x00,
0xff,0xe0,0xff,0xc1,0x00,0x00,0x00,0x00,0xff,0xd0,0xff,0xc9,0xff,0xc8,0x00,0x00,0xff,0xd8,0x00,0x00,
0x00,0x00,0x00,0x00,0xff,0xd8,0xff,0xef,0x00,0x00,0xff,0xe0,0xff,0xd7,0xff,0xeb,0xff,0xd5,0xff,0xd4,
0xff,0xe8,0xff,0xd4,0xff,0xdd,0xff,0xd7,0xff,0xd1,0xff,0xe4,0xff,0xda,0xff,0xd0,0xff,0xcf,0xff,0xd5,
0xff,0xec,0xff,0xd7,0xff,0xdf,0xff,0xce,0xff,0xe2,0xff,0xe9,0xff,0xe5,0xff,0xf0,0xff,0xdf,0xff,0xd7,
0xff,0xcb,0xff,0xd8,0xff,0xdd,0xff,0xdc,0xff,0xd8,0xff,0xd8,0xff,0xb2,0xff,0xbf,0xff,0xd6,0xff,0xb7,
0xff,0xd2,0xff,0xee,0xff,0xc2,0xff,0xdc,0xff,0xcb,0xff,0xca,0xff,0xd7,0x00,0x00,0xff,0xc4,0x00,0x00,
0xff,0xec,0xff,0xeb,0xff,0xd9,0xff,0xdc,0x00,0x00,0xff,0xd8,0xff,0xd8,0x00,0x00,0x00,0x00,0xff,0xb3,
0xff,0xc0,0xff,0xc9,0x00,0x00,0x00,0x00,0x00,0x00,0xff,0xd0,0xff,0xdb,0xff,0xd7,0x00,0x00,0xff,0xcc,
0xff,0xcf,0xff,0xd9,0x00,0x00,0xff,0xd5,0x00,0x00,0x00,0x00,0x00,0x00,0xff,0xda,0xff,0xe4,0x00,0x00,
0xff,0xf5,0xff,0xfd,0xff,0xf7,0xff,0xf3,0xff,0xf3,0xff,0xbd,0xff,0xf3,0xff,0xf6,0xff,0xf7,0xff,0xfa,
0xff,0xf0,0x00,0x11,0x00,0x10,0x00,0x07,0xff,0xf8,0xff,0xc1,0xff,0xf4,0xff,0xf4,0x00,0x10,0xff,0xdd,
0xff,0xb2,0xff,0xfa,0xff,0xa4,0xff,0xf0,0x00,0x11,0xff,0xe4,0xff,0xe0,0xff,0xf8,0xff,0xf0,0xff,0xa9,
0xff,0xa9,0xff,0xc0,0x00,0x00,0xff,0xec,0xff,0xcf,0xff,0xee,0xff,0xf9,0xff,0xec,0xff,0xdf,0xff,0xdf,
0xff,0xe1,0xff,0xfe,0xff,0xb9,0xff,0xbe,0x00,0x00,0xff,0xda,0xff,0xbc,0xff,0xf4,0xff,0xa8,0x00,0x00,
0xff,0xac,0xff,0xed,0x00,0x00,0x00,0x00,0xff,0xc1,0x00,0x00,0xff,0xe1,0x00,0x00,0xff,0xf7,0x00,0x00,
0xff,0xfa,0xff,0xb1,0x00,0x00,0x00,0x00,0xff,0xe7,0xff,0xe9,0xff,0xe1,0x00,0x00,0xff,0xb3,0x00,0x00,
0x00,0x00,0x00,0x00,0xff,0xaa,0xff,0xfd,0x00,0x00,0xff,0xec,0xff,0xd9,0xff,0xed,0xff,0xe7,0xff,0xe6,
0x00,0x00,0xff,0xe6,0xff,0xd5,0xff,0xed,0xff,0xe1,0xff,0xee,0xff,0xda,0xff,0xbd,0xff,0xc7,0xff,0xe4,
0xff,0x8a,0xff,0xf0,0xff,0xec,0xff,0xba,0xff,0x9a,0xff,0xf7,0xff,0xfa,0xff,0x84,0xff,0xee,0xff,0xd1,
0xff,0xb2,0xff,0x97,0xff,0xed,0xff,0xe6,0xff,0xe5,0xff,0xe2,0xff,0xb8,0xff,0xad,0xff,0xe9,0xff,0xc9,
0xff,0xe0,0xff,0xef,0xff,0xd1,0xff,0x8c,0xff,0x97,0xff,0x88,0xff,0xe3,0x00,0x00,0xff,0xde,0x00,0x00,
0xff,0x98,0xff,0xf9,0xff,0x9d,0xff,0xd0,0x00,0x00,0xff,0xe2,0xff,0xea,0x00,0x00,0x00,0x00,0xff,0xb9,
0xff,0xae,0xff,0xb4,0xff,0xf0,0xff,0xed,0x00,0x00,0xff,0xae,0xff,0xc9,0xff,0xe1,0x00,0x00,0xff,0xa3,
0xff,0xa4,0xff,0x99,0x00,0x00,0xff,0xe9,0x00,0x00,0x00,0x00,0x00,0x00,0xff,0xe7,0xff,0xfd,0x00,0x00,
0xff,0xf1,0x00,0x00,0xff,0xf5,0xff,0xfa,0xff,0xfb,0xff,0xec,0xff,0xfd,0xff,0xf5,0xff,0xf3,0xff,0xf9,
0xff,0xfe,0xff,0xf9,0xff,0xf5,0xff,0xf7,0xff,0xfc,0xff,0xea,0xff,0xfe,0xff,0xfb,0xff,0xf5,0xff,0xeb,
0xff,0xea,0xff,0xe8,0xff,0xeb,0xff,0xf7,0xff,0xf8,0x00,0x00,0xff,0xde,0xff,0xee,0xff,0xe1,0xff,0xd1,
0xff,0xd1,0xff,0xcb,0xff,0xcb,0xff,0xe8,0xff,0xde,0xff,0xdd,0xff,0xfa,0xff,0xe7,0xff,0xe3,0xff,0xdc,
0xff,0xdd,0x00,0x00,0xff,0xfa,0xff,0xdd,0x00,0x00,0xff,0xed,0xff,0xee,0xff,0xe4,0xff,0xd8,0x00,0x00,
0xff,0xd0,0xff,0xe9,0x00,0x00,0x00,0x00,0xff,0xcb,0xff,0xcb,0xff,0xd8,0x00,0x00,0x00,0x00,0x00,0x00,
0xff,0xf4,0xff,0xdb,0xff,0xda,0x00,0x00,0xff,0xe3,0xff,0xe5,0xff,0xdd,0x00,0x00,0xff,0xd5,0x00,0x00,
0x00,0x00,0x00,0x00,0xff,0xd7,0xff,0xeb,0x00,0x00,0xff,0xf5,0x00,0x00,0xff,0xfb,0xff,0xf8,0xff,0xf9,
0xff,0xd5,0xff,0xfc,0xff,0xfb,0xff,0xf8,0xff,0xfa,0xff,0xfa,0xff,0xfd,0xff,0xf6,0xff,0xf8,0xff,0xfd,
0xff,0xeb,0xff,0xf8,0xff,0xf2,0xff,0xf5,0xff,0xef,0xff,0xe6,0xff,0xe1,0xff,0xef,0xff,0xf3,0xff,0xfd,
0xff,0xdc,0xff,0xe1,0xff,0xdb,0xff,0xd8,0xff,0xb9,0xff,0xb9,0xff,0xce,0xff,0xcf,0xff,0xe8,0xff,0xdf,
0xff,0xdc,0x00,0x00,0xff,0xe7,0xff,0xe7,0xff,0xe0,0xff,0xe0,0x00,0x00,0xff,0xd4,0xff,0xdc,0x00,0x00,
0xff,0xf1,0xff,0xe9,0xff,0xe8,0xff,0xdb,0x00,0x00,0xff,0xb9,0xff,0xea,0x00,0x00,0x00,0x00,0xff,0xcf,
0xff,0xcf,0xff,0xdc,0x00,0x22,0x00,0x0f,0x00,0x00,0xff,0xf8,0xff,0xde,0xff,0xdb,0x00,0x00,0xff,0xe5,
0xff,0xe7,0xff,0xe0,0x00,0x00,0xff,0xbf,0x00,0x00,0x00,0x00,0x00,0x00,0xff,0xab,0xff,0xe1,0x00,0x00,
0xff,0xf9,0xff,0xfa,0x00,0x00,0x00,0x00,0x00,0x00,0xff,0xf5,0x00,0x00,0xff,0xed,0x00,0x00,0x00,0x00,
0xff,0xfd,0xff,0xf3,0xff,0xea,0xff,0xea,0xff,0xf1,0xff,0xa4,0x00,0x00,0xff,0xfe,0xff,0xea,0xff,0xbf,
0xff,0xe5,0xff,0xec,0xff,0xcd,0xff,0xfc,0xff,0xf2,0xff,0xde,0xff,0xc6,0xff,0xe6,0xff,0xe3,0xff,0xdc,
0xff,0xdb,0xff,0xd3,0x00,0x00,0xff,0xea,0xff,0xe5,0xff,0xe2,0x00,0x00,0xff,0xe9,0xff,0xcf,0xff,0xb6,
0xff,0xb9,0xff,0xfd,0xff,0xfe,0xff,0xe2,0x00,0x00,0xff,0xba,0xff,0xef,0xff,0xc0,0xff,0xd4,0x00,0x00,
0xff,0xda,0xff,0xea,0x00,0x00,0x00,0x00,0xff,0xd3,0x00,0x00,0xff,0xdf,0x00,0x00,0x00,0x00,0x00,0x00,
0xff,0xd0,0xff,0xce,0x00,0x00,0x00,0x00,0xff,0xc4,0xff,0xbf,0xff,0xbd,0x00,0x00,0xff,0xde,0x00,0x00,
0x00,0x00,0x00,0x00,0xff,0xdc,0xff,0xf7,0x00,0x00,0xff,0xf5,0x00,0x00,0xff,0xf9,0xff,0xfd,0xff,0xfe,
0xff,0xed,0xff,0xfe,0xff,0xf8,0xff,0xf9,0xff,0xfd,0xff,0xfe,0xff,0xfd,0xff,0xf7,0xff,0xfa,0xff,0xf6,
0xff,0xed,0xff,0xfe,0xff,0xfe,0xff,0xf6,0xff,0xeb,0xff,0xeb,0xff,0xee,0xff,0xef,0xff,0xfc,0xff,0xfd,
0xff,0xdb,0xff,0xe1,0xff,0xf1,0xff,0xe5,0xff,0xd4,0xff,0xd4,0xff,0xce,0x00,0x00,0xff,0xeb,0xff,0xe1,
0xff,0xe1,0xff,0xfd,0xff,0xeb,0xff,0xe2,0xff,0xd6,0xff,0xdb,0x00,0x02,0xff,0xf9,0xff,0xde,0x00,0x00,
0xff,0xef,0xff,0xec,0xff,0xeb,0xff,0xe4,0x00,0x00,0xff,0xd4,0xff,0xee,0x00,0x00,0x00,0x00,0xff,0xcf,
0x00,0x00,0xff,0xdb,0x00,0x00,0x00,0x00,0x00,0x00,0xff,0xee,0xff,0xe4,0x00,0x00,0x00,0x00,0xff,0xe2,
0xff,0xe5,0xff,0xdb,0x00,0x00,0xff,0xdd,0x00,0x00,0x00,0x00,0x00,0x00,0xff,0xf5,0xff,0xee,0x00,0x00,
0x00,0x00,0x00,0x05,0x00,0x00,0x00,0x00,0xff,0xfe,0xff,0xd8,0xff,0xfe,0x00,0x00,0xff,0xfb,0xff,0xfc,
0xff,0xfe,0x00,0x00,0xff,0xfd,0xff,0xfb,0xff,0xfe,0xff,0xc6,0xff,0xfe,0xff,0xfe,0xff,0xfc,0xff,0xdc,
0xff,0xd0,0xff,0xea,0xff,0xc9,0xff,0xfe,0x00,0x00,0xff,0xee,0xff,0xd7,0xff,0xe9,0xff,0xe7,0xff,0xb6,
0xff,0xb7,0xff,0xdd,0xff,0xe1,0xff,0xf0,0xff,0xec,0xff,0xed,0x00,0x00,0xff,0xf5,0xff,0xcf,0xff,0xd8,
0xff,0xd7,0x00,0x0f,0xff,0xd3,0xff,0xe4,0x00,0x00,0xff,0xd9,0xff,0xc8,0xff,0xe3,0xff,0xaf,0x00,0x00,
0xff,0xb9,0xff,0xef,0x00,0x00,0x00,0x00,0xff,0xde,0xff,0xe1,0xff,0xee,0x00,0x18,0x00,0x0c,0x00,0x00,
0xff,0xf6,0xff,0xad,0xff,0xac,0x00,0x00,0xff,0xe2,0xff,0xe5,0xff,0xd9,0x00,0x00,0xff,0xc4,0x00,0x00,
0x00,0x00,0x00,0x00,0xff,0xa6,0xff,0xe8,0x00,0x00,0xff,0xf9,0xff,0xfa,0xff,0xfe,0x00,0x00,0x00,0x00,
0xff,0xef,0x00,0x00,0xff,0xea,0xff,0xfd,0x00,0x00,0xff,0xfd,0xff,0xf2,0xff,0xeb,0xff,0xea,0xff,0xf2,
0xff,0xa5,0x00,0x00,0xff,0xfe,0xff,0xea,0xff,0xbf,0xff,0xe2,0xff,0xea,0xff,0x99,0xff,0xfd,0xff,0xf2,
0xff,0xde,0xff,0xb6,0xff,0xe4,0xff,0xe3,0xff,0xd9,0xff,0xd8,0xff,0xd3,0x00,0x00,0xff,0xe6,0xff,0xe5,
0xff,0xe1,0x00,0x00,0xff,0xea,0xff,0xb4,0xff,0xb6,0xff,0xb8,0xff,0xfd,0xff,0xfb,0xff,0xe2,0x00,0x00,
0xff,0xb6,0xff,0xec,0xff,0xbf,0xff,0xc4,0x00,0x00,0xff,0xd8,0xff,0xe9,0x00,0x00,0x00,0x00,0xff,0xd3,
0x00,0x00,0xff,0xdf,0x00,0x00,0xff,0xfd,0x00,0x00,0xff,0xd3,0xff,0xc1,0x00,0x00,0x00,0x00,0xff,0xb9,
0xff,0xba,0xff,0xb7,0x00,0x00,0xff,0xda,0x00,0x00,0x00,0x00,0x00,0x00,0xff,0xd9,0xff,0xf1,0x00,0x00,
0xff,0xfb,0xff,0xfe,0xff,0xfe,0x00,0x00,0x00,0x00,0xff,0xe6,0x00,0x00,0xff,0xf8,0xff,0xfe,0x00,0x00,
0x00,0x00,0xff,0xfb,0xff,0xf3,0xff,0xf6,0xff,0xfe,0xff,0x9f,0x00,0x00,0x00,0x00,0xff,0xf0,0xff,0xc5,
0xff,0xd7,0xff,0xe5,0xff,0xc6,0x00,0x00,0xff,0xfb,0xff,0xec,0xff,0xbc,0xff,0xe3,0xff,0xe0,0xff,0xcf,
0xff,0xcf,0xff,0xe6,0x00,0x00,0xff,0xec,0xff,0xf6,0xff,0xe7,0x00,0x00,0xff,0xf7,0xff,0xc0,0xff,0xb3,
0xff,0xb6,0x00,0x00,0xff,0xea,0xff,0xf3,0x00,0x00,0xff,0xb9,0xff,0xce,0xff,0xbb,0xff,0xc3,0x00,0x00,
0xff,0xca,0xff,0xee,0x00,0x00,0x00,0x00,0xff,0xe7,0x00,0x00,0xff,0xe7,0xff,0xfe,0xff,0xfe,0x00,0x00,
0xff,0xd0,0xff,0xbc,0x00,0x00,0x00,0x00,0xff,0xb6,0xff,0xb6,0xff,0xb5,0x00,0x00,0xff,0xd5,0x00,0x00,
0x00,0x00,0x00,0x00,0xff,0xb5,0xff,0xdc,0x00,0x00,0x00,0x00,0xff,0xfa,0xff,0xf5,0xff,0xfc,0xff,0xfd,
0xff,0xdd,0xff,0xfd,0xff,0xfb,0xff,0xf1,0xff,0xf4,0xff,0xf8,0x00,0x00,0x00,0x00,0xff,0xfe,0x00,0x00,
0xff,0xcd,0xff,0xfc,0xff,0xef,0x00,0x00,0xff,0xdf,0xff,0xd5,0xff,0xef,0xff,0xd1,0xff,0xf2,0x00,0x00,
0xff,0xd2,0xff,0xe3,0xff,0xe6,0xff,0xe4,0xff,0xc0,0xff,0xc2,0xff,0xd9,0xff,0xbd,0xff,0xe8,0xff,0xec,
0xff,0xe4,0xff,0xfa,0xff,0xe9,0xff,0xda,0xff,0xe1,0xff,0xe2,0x00,0x00,0xff,0xde,0xff,0xf0,0x00,0x00,
0xff,0xdc,0xff,0xd7,0xff,0xee,0xff,0xbb,0x00,0x00,0xff,0xbf,0xff,0xe9,0x00,0x00,0x00,0x00,0xff,0xd9,
0xff,0xbf,0xff,0xc2,0x00,0x1a,0x00,0x00,0x00,0x00,0xff,0xfb,0xff,0xb6,0xff,0xb6,0x00,0x00,0xff,0xec,
0xff,0xed,0xff,0xe2,0x00,0x00,0xff,0xc8,0x00,0x00,0x00,0x00,0x00,0x00,0xff,0xae,0xff,0xed,0x00,0x00,
0xff,0xfd,0x00,0x00,0xff,0xfe,0x00,0x00,0x00,0x00,0xff,0xe2,0x00,0x00,0x00,0x00,0xff,0xf8,0x00,0x00,
0xff,0xfa,0xff,0xfa,0xff,0xf9,0xff,0xf6,0xff,0xfd,0xff,0xc3,0x00,0x00,0xff,0xf9,0xff,0xf9,0xff,0xda,
0xff,0xe1,0xff,0xe7,0xff,0xc9,0xff,0xf9,0xff,0xfa,0xff,0xde,0xff,0xd8,0xff,0xdb,0xff,0xd9,0xff,0xcc,
0xff,0xce,0xff,0xd5,0xff,0xd3,0xff,0xe9,0xff,0xe7,0xff,0xdf,0x00,0x02,0xff,0xec,0xff,0xcf,0xff,0xd8,
0xff,0xd7,0x00,0x04,0xff,0xec,0xff,0xe7,0x00,0x00,0xff,0xd8,0xff,0xde,0xff,0xe2,0xff,0xb8,0x00,0x00,
0xff,0xc9,0xff,0xe8,0x00,0x00,0x00,0x00,0xff,0xd5,0xff,0xd4,0xff,0xde,0x00,0x0d,0x00,0x02,0x00,0x00,
0xff,0xf5,0xff,0xb1,0xff,0xbb,0x00,0x00,0xff,0xe6,0xff,0xe8,0xff,0xda,0x00,0x00,0xff,0xcf,0x00,0x00,
0x00,0x00,0x00,0x00,0xff,0xb2,0xff,0xe3,0x00,0x00,0x00,0x00,0x00,0x00,0x00,0x00,0xff,0xfd,0xff,0xfd,
0xff,0xdc,0xff,0xfd,0x00,0x00,0xff,0xf9,0xff,0xfd,0xff,0xfb,0xff,0xfe,0xff,0xfe,0xff,0xfb,0x00,0x00,
0xff,0xc8,0xff,0xfd,0xff,0xf8,0xff,0xfe,0xff,0xe0,0xff,0xd6,0xff,0xe7,0xff,0xce,0xff,0xf9,0xff,0xfe,
0xff,0xe7,0xff,0xdb,0xff,0xe1,0xff,0xe1,0xff,0xbd,0xff,0xbd,0xff,0xe0,0xff,0xdb,0xff,0xed,0xff,0xee,
0xff,0xe2,0x00,0x00,0xff,0xf3,0xff,0xd4,0xff,0xdb,0xff,0xdd,0x00,0x02,0xff,0xdc,0xff,0xea,0x00,0x00,
0xff,0xde,0xff,0xd2,0xff,0xe8,0xff,0xb8,0x00,0x00,0xff,0xbd,0xff,0xed,0x00,0x00,0x00,0x00,0xff,0xe1,
0xff,0xde,0xff,0xe5,0x00,0x1c,0x00,0x0e,0x00,0x00,0xff,0xf9,0xff,0xb2,0xff,0xb3,0x00,0x00,0xff,0xea,
0xff,0xec,0xff,0xdc,0x00,0x00,0xff,0xc9,0x00,0x00,0x00,0x00,0x00,0x00,0xff,0xac,0xff,0xe7,0x00,0x00,
0x00,0x02,0x00,0x00,0x00,0x07,0xff,0xfe,0xff,0xfe,0xff,0xf0,0x00,0x00,0x00,0x00,0xff,0xfd,0xff,0xfe,
0x00,0x00,0x00,0x00,0x00,0x00,0x00,0x00,0x00,0x00,0xff,0xda,0xff,0xfe,0xff,0xfe,0x00,0x00,0xff,0xe5,
0xff,0xef,0xff,0xf0,0xff,0xe8,0xff,0xfe,0x00,0x00,0xff,0xcd,0xff,0xe8,0xff,0xe5,0xff,0xdf,0xff,0xda,
0xff,0xdb,0xff,0xda,0xff,0xc0,0xff,0xf1,0xff,0xf0,0xff,0xe6,0x00,0x04,0xff,0xf6,0xff,0xdf,0xff,0xe6,
0xff,0xe6,0x00,0x0c,0xff,0xfc,0xff,0xf9,0x00,0x00,0xff,0xe3,0xff,0xec,0xff,0xed,0xff,0xcd,0x00,0x00,
0xff,0xd9,0xff,0xf3,0x00,0x00,0x00,0x00,0xff,0xdd,0xff,0xc1,0xff,0xcb,0x00,0x2b,0x00,0x1c,0x00,0x00,
0xff,0xfd,0xff,0xc7,0xff,0xcd,0x00,0x00,0xff,0xf4,0xff,0xf7,0xff,0xe7,0x00,0x00,0xff,0xd9,0x00,0x00,
0x00,0x00,0x00,0x00,0xff,0xbb,0xff,0xf0,0x00,0x00,0xff,0xea,0xff,0xc6,0xff,0xec,0xff,0xa0,0xff,0x9f,
0xff,0x8a,0xff,0xd6,0xff,0xeb,0xff,0xb2,0x00,0x00,0xff,0xe2,0xff,0xcf,0xff,0xc1,0xff,0xbe,0xff,0xd7,
0x00,0x00,0xff,0xa1,0xff,0xab,0xff,0xc1,0x00,0x00,0xff,0xef,0xff,0xb7,0x00,0x00,0xff,0xa8,0xff,0xcd,
0xff,0xa0,0xff,0xf2,0xff,0xaf,0xff,0xad,0xff,0x81,0xff,0x81,0xff,0x5e,0xff,0x95,0xff,0xe5,0xff,0x64,
0xff,0xa3,0xff,0xf4,0xff,0xb3,0xff,0xf5,0xff,0xe5,0xff,0xe5,0xff,0xce,0xff,0x83,0xff,0x66,0x00,0x00,
0x00,0x00,0xff,0xf4,0xff,0xee,0xff,0xed,0x00,0x00,0xff,0x57,0xff,0xe7,0x00,0x00,0x00,0x00,0xff,0x5f,
0xff,0x97,0xff,0x9e,0x00,0x1b,0x00,0x00,0x00,0x00,0xff,0xe2,0xff,0xe7,0xff,0xe6,0x00,0x00,0xff,0xde,
0xff,0xe0,0xff,0xf2,0x00,0x00,0xff,0x7b,0x00,0x00,0x00,0x00,0x00,0x00,0xff,0x83,0xff,0xb3,0x00,0x00,
0xff,0xfa,0xff,0xfc,0xff,0xfe,0x00,0x00,0x00,0x00,0xff,0xe1,0x00,0x00,0xff,0xf7,0xff,0xfe,0x00,0x00,
0xff,0xfd,0xff,0xfa,0xff,0xf4,0xff,0xf7,0xff,0xfd,0xff,0xa5,0x00,0x00,0x00,0x00,0xff,0xf1,0xff,0xc2,
0xff,0xdb,0xff,0xdf,0xff,0x9a,0xff,0xfd,0xff,0xfa,0xff,0xeb,0xff,0xb6,0xff,0xe6,0xff,0xe5,0xff,0xd3,
0xff,0xd3,0xff,0xe7,0x00,0x00,0xff,0xed,0xff,0xf4,0xff,0xe5,0x00,0x00,0xff,0xf5,0xff,0xb4,0xff,0xb6,
0xff,0xb9,0x00,0x00,0xff,0xef,0xff,0xea,0x00,0x00,0xff,0xb9,0xff,0xd1,0xff,0xbe,0xff,0xb0,0x00,0x00,
0xff,0xcf,0xff,0xee,0x00,0x00,0x00,0x00,0xff,0xe8,0x00,0x00,0xff,0xe9,0xff,0xfe,0xff,0xfe,0x00,0x00,
0xff,0xc9,0xff,0xad,0x00,0x00,0x00,0x00,0xff,0xb9,0xff,0xb9,0xff,0xb6,0x00,0x00,0xff,0xd2,0x00,0x00,
0x00,0x00,0x00,0x00,0xff,0xb8,0xff,0xdd,0x00,0x00,0xff,0xf6,0xff,0xfd,0xff,0xf8,0xff,0xfe,0xff,0xfe,
0xff,0xe9,0xff,0xfe,0xff,0xee,0xff,0xf8,0xff,0xf7,0xff,0xfe,0xff,0xfe,0xff,0xf2,0xff,0xf3,0xff,0xfc,
0xff,0xaa,0xff,0xfd,0x00,0x00,0xff,0xf2,0xff,0xc0,0xff,0xe4,0xff,0xe8,0xff,0x9f,0xff,0xfe,0xff,0xfe,
0xff,0xef,0xff,0xb9,0xff,0xf0,0xff,0xee,0xff,0xdb,0xff,0xd8,0xff,0xd1,0x00,0x00,0xff,0xe7,0xff,0xe5,
0xff,0xea,0xff,0xfc,0xff,0xec,0xff,0xb8,0xff,0xb9,0xff,0xbd,0xff,0xfd,0xff,0xf8,0xff,0xf0,0x00,0x00,
0xff,0xbb,0xff,0xda,0xff,0xc2,0xff,0xbb,0x00,0x00,0xff,0xd8,0xff,0xe8,0x00,0x00,0x00,0x00,0xff,0xd2,
0x00,0x00,0xff,0xeb,0xff,0xf8,0xff,0xf8,0x00,0x00,0xff,0xce,0xff,0xbf,0x00,0x00,0x00,0x00,0xff,0xbc,
0xff,0xbd,0xff,0xba,0x00,0x00,0xff,0xd3,0x00,0x00,0x00,0x00,0x00,0x00,0xff,0xbb,0xff,0xe1,0x00,0x00,
0xff,0xf7,0xff,0xfb,0xff,0xfb,0xff,0xf8,0xff,0xf6,0xff,0xc7,0xff,0xf6,0xff,0xf8,0xff,0xfb,0xff,0xfe,
0xff,0xf4,0x00,0x06,0x00,0x07,0x00,0x00,0xff,0xf3,0xff,0xbe,0xff,0xf7,0xff,0xf9,0x00,0x07,0xff,0xdc,
0xff,0xba,0xff,0xf7,0xff,0xa2,0xff,0xf3,0x00,0x06,0xff,0xe5,0xff,0xdc,0xff,0xf2,0xff,0xed,0xff,0xb4,
0xff,0xb3,0xff,0xc6,0x00,0x00,0xff,0xec,0xff,0xd5,0xff,0xef,0xff,0xfe,0xff,0xeb,0xff,0xd9,0xff,0xd9,
0xff,0xde,0xff,0xfd,0xff,0xc5,0xff,0xc9,0x00,0x00,0xff,0xd7,0xff,0xc2,0xff,0xe9,0xff,0xa8,0x00,0x00,
0xff,0xb2,0xff,0xee,0x00,0x00,0x00,0x00,0xff,0xc8,0x00,0x00,0xff,0xe4,0x00,0x00,0xff,0xfb,0x00,0x00,
0xff,0xf0,0xff,0xaf,0x00,0x00,0x00,0x00,0xff,0xe1,0xff,0xe1,0xff,0xdb,0x00,0x00,0xff,0xb7,0x00,0x00,
0x00,0x00,0x00,0x00,0xff,0xb0,0xff,0xfd,0x00,0x00,0xff,0xfe,0xff,0xf7,0xff,0xfd,0xff,0xe6,0xff,0xe2,
0x00,0x00,0xff,0xe5,0xff,0xf2,0xff,0xf2,0xff,0xe9,0xff,0xf1,0x00,0x00,0xff,0xfe,0xff,0xfa,0xff,0xf5,
0xff,0xd8,0xff,0xed,0xff,0xec,0xff,0xfe,0xff,0xe1,0xff,0xf1,0xff,0xfa,0xff,0xdc,0xff,0xef,0x00,0x00,
0xff,0xce,0xff,0xe2,0xff,0xf7,0xff,0xf3,0xff,0xdf,0xff,0xe0,0xff,0xad,0xff,0xbf,0xff,0xf3,0xff,0xb6,
0xff,0xe0,0xff,0xfd,0xff,0xe0,0xff,0xe0,0xff,0xe2,0xff,0xe3,0xff,0xfc,0x00,0x00,0xff,0xcf,0x00,0x00,
0xff,0xe1,0x00,0x00,0xff,0xee,0xff,0xe0,0x00,0x00,0xff,0xe0,0xff,0xf4,0x00,0x00,0x00,0x00,0xff,0xae,
0xff,0xc0,0xff,0xc9,0x00,0x29,0x00,0x07,0x00,0x00,0xff,0xfe,0xff,0xd4,0xff,0xeb,0x00,0x00,0xff,0xed,
0xff,0xef,0xff,0xe2,0x00,0x00,0xff,0xea,0x00,0x00,0x00,0x00,0x00,0x00,0xff,0xee,0x00,0x00,0x00,0x00,
0xff,0xeb,0xff,0xdc,0xff,0xec,0xff,0xc6,0xff,0xc5,0xff,0x9a,0xff,0xd8,0xff,0xef,0xff,0xc9,0xff,0xcd,
0xff,0xdc,0xff,0xe7,0xff,0xdc,0xff,0xdc,0xff,0xe1,0x00,0x00,0xff,0xc6,0xff,0xcd,0xff,0xdc,0xff,0xed,
0xff,0xe9,0xff,0xc7,0xff,0xf9,0xff,0xc4,0xff,0xe7,0xff,0xbb,0xff,0xeb,0xff,0xc0,0xff,0xbd,0xff,0x8b,
0xff,0x83,0xff,0xab,0xff,0xb4,0xff,0xe2,0xff,0xb1,0xff,0xbb,0xff,0xee,0xff,0xc5,0xff,0xec,0xff,0xe0,
0xff,0xe1,0xff,0xe1,0xff,0xad,0xff,0xab,0x00,0x00,0xff,0xf7,0xff,0xf3,0xff,0xea,0xff,0xe2,0x00,0x00,
0xff,0x83,0xff,0xe2,0x00,0x00,0x00,0x00,0xff,0xac,0xff,0xb4,0xff,0xba,0x00,0x20,0x00,0x1e,0x00,0x00,
0xff,0xec,0xff,0xe4,0xff,0xe2,0x00,0x00,0xff,0xe1,0xff,0xe3,0xff,0xe9,0x00,0x00,0xff,0x84,0x00,0x00,
0x00,0x00,0x00,0x00,0xff,0x9c,0xff,0xcc,0x00,0x00,0xff,0xea,0xff,0xd1,0xff,0xef,0xff,0xd4,0xff,0xd1,
0xff,0xf4,0xff,0xde,0xff,0xe8,0xff,0xe0,0xff,0xd6,0xff,0xec,0xff,0xd6,0xff,0xca,0xff,0xc9,0xff,0xe1,
0xff,0xf5,0xff,0xd6,0xff,0xe2,0xff,0xcb,0xff,0xef,0xff,0xf4,0xff,0xef,0xff,0xfb,0xff,0xe5,0xff,0xd1,
0xff,0xa3,0xff,0xe4,0xff,0xe6,0xff,0xe2,0xff,0xe2,0xff,0xe1,0xff,0x7f,0xff,0x99,0xff,0xe0,0xff,0xb2,
0xff,0xcf,0xff,0xf0,0xff,0xc3,0xff,0xe6,0xff,0xdb,0xff,0xdc,0xff,0xdb,0x00,0x00,0xff,0xcd,0x00,0x00,
0xff,0xf6,0xff,0xf1,0xff,0xe9,0xff,0xe5,0x00,0x00,0xff,0xe1,0xff,0xe3,0x00,0x00,0x00,0x00,0xff,0x85,
0xff,0x9a,0xff,0xa0,0x00,0x1c,0x00,0x00,0x00,0x00,0xff,0xe7,0xff,0xe5,0xff,0xe0,0x00,0x00,0xff,0xdc,
0xff,0xdd,0xff,0xe2,0x00,0x00,0xff,0xdd,0x00,0x00,0x00,0x00,0x00,0x00,0xff,0xe0,0xff,0xee,0x00,0x00,
0x00,0x00,0xff,0xfc,0xff,0xfe,0x00,0x00,0x00,0x00,0xff,0xe1,0x00,0x00,0xff,0xfb,0xff,0xfe,0x00,0x00,
0xff,0xfd,0xff,0xfa,0xff,0xf4,0xff,0xf7,0xff,0xfd,0x00,0x00,0x00,0x00,0x00,0x00,0xff,0xf2,0xff,0xd7,
0xff,0xdd,0xff,0xdf,0xff,0xdc,0xff,0xfd,0xff,0xfa,0x00,0x00,0xff,0xcb,0xff,0xe7,0xff,0xe5,0xff,0xd3,
0xff,0xd3,0xff,0xe7,0x00,0x00,0xff,0xf3,0xff,0xf4,0xff,0xe5,0x00,0x00,0xff,0xf6,0xff,0xcd,0xff,0xcc,
0xff,0xce,0x00,0x00,0xff,0xef,0xff,0xea,0x00,0x00,0xff,0xe0,0xff,0xd9,0xff,0xd2,0xff,0xd6,0x00,0x00,
0xff,0xcf,0xff,0xf3,0x00,0x00,0x00,0x00,0xff,0xe8,0x00,0x00,0xff,0xe9,0x00,0x0f,0x00,0x00,0x00,0x00,
0xff,0xd8,0xff,0xc9,0x00,0x00,0x00,0x00,0xff,0xd6,0xff,0xd7,0xff,0xc8,0x00,0x00,0xff,0xd3,0x00,0x00,
0x00,0x00,0x00,0x00,0x00,0x00,0xff,0xdd,0x00,0x00,0x00,0x00,0x00,0x07,0x00,0x03,0x00,0x13,0x00,0x12,
0xff,0xf9,0x00,0x12,0xff,0xfe,0x00,0x03,0x00,0x07,0x00,0x11,0x00,0x00,0xff,0xfe,0x00,0x00,0xff,0xfe,
0xff,0xaf,0x00,0x12,0x00,0x0a,0xff,0xfe,0xff,0xd0,0xff,0xf5,0xff,0xfa,0xff,0xa3,0x00,0x11,0x00,0x00,
0xff,0xee,0xff,0xbf,0xff,0xf9,0xff,0xf6,0xff,0xe6,0xff,0xe8,0xff,0xd2,0x00,0x00,0xff,0xf4,0xff,0xf3,
0xff,0xf7,0x00,0x08,0xff,0xfd,0xff,0xbd,0xff,0xbf,0xff,0xc2,0x00,0x11,0x00,0x00,0xff,0xf9,0x00,0x00,
0xff,0xc7,0xff,0xef,0xff,0xcc,0xff,0xbf,0x00,0x00,0xff,0xe8,0xff,0xf4,0x00,0x00,0x00,0x00,0xff,0xd6,
0x00,0x00,0xff,0xe8,0x00,0x07,0x00,0x04,0x00,0x00,0xff,0xd9,0xff,0xbe,0x00,0x00,0x00,0x00,0xff,0xc3,
0xff,0xc5,0xff,0xbf,0x00,0x00,0xff,0xe4,0x00,0x00,0x00,0x00,0x00,0x00,0xff,0xce,0xff,0xf8,0x00,0x00,
0xff,0xe9,0xff,0xf2,0xff,0xef,0xff,0xea,0xff,0xe9,0xff,0xfa,0xff,0xe9,0xff,0xe5,0xff,0xef,0xff,0xf2,
0xff,0xf2,0x00,0x00,0x00,0x00,0xff,0xfe,0xff,0xe2,0xff,0xb6,0xff,0xeb,0xff,0xf1,0x00,0x00,0xff,0xcc,
0xff,0xf1,0xff,0xf7,0xff,0xa2,0xff,0xf2,0x00,0x00,0xff,0xd7,0xff,0xca,0xff,0xf0,0xff,0xed,0xff,0xe7,
0xff,0xe0,0xff,0xb0,0x00,0x00,0xff,0xe4,0xff,0xba,0xff,0xe3,0xff,0xf2,0xff,0xe0,0xff,0xcb,0xff,0xd5,
0xff,0xd1,0xff,0xf6,0x00,0x00,0xff,0xcd,0x00,0x00,0xff,0xca,0xff,0xf1,0xff,0xdf,0xff,0xca,0x00,0x00,
0xff,0xe0,0xff,0xe7,0x00,0x00,0x00,0x00,0xff,0xb1,0x00,0x00,0xff,0xd4,0x00,0x00,0xff,0xef,0x00,0x00,
0xff,0xe9,0xff,0xc3,0x00,0x00,0x00,0x00,0xff,0xd5,0xff,0xd8,0xff,0xce,0x00,0x00,0xff,0xe2,0x00,0x00,
0x00,0x00,0x00,0x00,0xff,0xe3,0xff,0xfc,0x00,0x00,0x00,0x00,0x00,0x03,0xff,0xfd,0xff,0xfe,0xff,0xfc,
0xff,0xd7,0xff,0xfc,0x00,0x00,0xff,0xf9,0xff,0xfc,0xff,0xfd,0x00,0x00,0xff,0xfd,0xff,0xfa,0xff,0xfe,
0xff,0xc3,0xff,0xfd,0xff,0xfe,0xff,0xfc,0xff,0xdb,0xff,0xce,0xff,0xea,0xff,0xc3,0xff,0xfc,0x00,0x00,
0xff,0xee,0xff,0xd7,0xff,0xe9,0xff,0xe7,0xff,0xb5,0xff,0xb5,0xff,0xdc,0xff,0xe1,0xff,0xee,0xff,0xec,
0xff,0xed,0x00,0x00,0xff,0xf4,0xff,0xcf,0xff,0xd7,0xff,0xd6,0x00,0x0e,0xff,0xcd,0xff,0xe3,0x00,0x00,
0xff,0xd8,0xff,0xc5,0xff,0xe2,0xff,0xad,0x00,0x00,0xff,0xb5,0xff,0xed,0x00,0x00,0x00,0x00,0xff,0xde,
0xff,0xe1,0xff,0xee,0x00,0x17,0x00,0x0a,0x00,0x00,0xff,0xf6,0xff,0xab,0xff,0xaa,0x00,0x00,0xff,0xe0,
0xff,0xe4,0xff,0xd8,0x00,0x00,0xff,0xc3,0x00,0x00,0x00,0x00,0x00,0x00,0xff,0xa2,0xff,0xe6,0x00,0x00,
0xff,0xdf,0xff,0xba,0xff,0xe2,0xff,0xd4,0xff,0xd0,0xff,0xf6,0xff,0xcf,0xff,0xbc,0xff,0xe2,0xff,0xd3,
0xff,0xe7,0xff,0xc8,0xff,0xac,0xff,0xb8,0xff,0xd0,0xff,0x70,0xff,0xd6,0xff,0xe3,0xff,0xa9,0xff,0x9c,
0xff,0xef,0xff,0xf0,0xff,0x7e,0xff,0xe7,0xff,0xbf,0xff,0x81,0xff,0x81,0xff,0xe8,0xff,0xe3,0xff,0xe4,
0xff,0xe2,0xff,0x40,0xff,0x09,0xff,0xdf,0xff,0xb3,0xff,0xd2,0xff,0xe5,0xff,0xbe,0xff,0x8c,0xff,0x86,
0xff,0x33,0xff,0xc6,0x00,0x00,0xff,0xcf,0x00,0x00,0xff,0x7c,0xff,0xee,0xff,0x34,0xff,0xc8,0x00,0x00,
0xff,0xe2,0xff,0xdf,0x00,0x00,0x00,0x00,0xff,0x7b,0xff,0x0b,0xff,0x18,0xff,0xe2,0xff,0xe2,0x00,0x00,
0xff,0xa3,0xff,0xbd,0xff,0xd8,0x00,0x00,0xff,0x9c,0xff,0x9d,0xff,0x39,0x00,0x00,0xff,0xde,0x00,0x00,
0x00,0x00,0x00,0x00,0xff,0xe2,0xff,0xf1,0x00,0x00,0x00,0x00,0x00,0x09,0x00,0x02,0x00,0x00,0x00,0x00,
0xff,0xf8,0x00,0x00,0x00,0x00,0x00,0x02,0x00,0x04,0x00,0x00,0x00,0x00,0x00,0x00,0xff,0xfe,0x00,0x07,
0xff,0xdd,0x00,0x02,0x00,0x00,0x00,0x00,0xff,0xe7,0xff,0xee,0xff,0xf7,0xff,0xe3,0x00,0x00,0x00,0x00,
0xff,0xdc,0xff,0xe8,0xff,0xf3,0xff,0xeb,0xff,0xe0,0xff,0xdd,0xff,0xd0,0xff,0xc2,0xff,0xf6,0xff,0xe8,
0xff,0xe5,0x00,0x07,0xff,0xf3,0xff,0xe5,0xff,0xe8,0xff,0xe8,0x00,0x10,0x00,0x00,0xff,0xea,0x00,0x00,
0xff,0xe6,0xff,0xf7,0xff,0xf4,0xff,0xd6,0x00,0x00,0xff,0xdd,0xff,0xfa,0x00,0x00,0x00,0x00,0xff,0xd1,
0xff,0xc4,0xff,0xcf,0x00,0x29,0x00,0x0d,0x00,0x00,0x00,0x00,0xff,0xcb,0xff,0xdf,0x00,0x00,0xff,0xf4,
0xff,0xf6,0xff,0xe7,0x00,0x00,0xff,0xdd,0x00,0x00,0x00,0x00,0x00,0x00,0xff,0xdb,0xff,0xf6,0x00,0x00,
0xff,0xeb,0xff,0xc9,0xff,0xf0,0x00,0x00,0xff,0x96,0xff,0x84,0xff,0xd1,0xff,0xef,0xff,0xbc,0x00,0x00,
0xff,0xe1,0xff,0xc8,0xff,0xa4,0xff,0xa2,0xff,0xdd,0x00,0x00,0xff,0x98,0xff,0x9d,0x00,0x00,0xff,0xf9,
0xff,0xf5,0x00,0x00,0x00,0x00,0xff,0x9a,0xff,0xc0,0xff,0x9a,0x00,0x00,0xff,0x8c,0xff,0x8c,0xff,0x81,
0xff,0x81,0xff,0x59,0xff,0x59,0xff,0xe3,0xff,0x6e,0xff,0x67,0xff,0xf4,0xff,0xb6,0x00,0x00,0xff,0xe2,
0xff,0xe2,0xff,0xd6,0xff,0x91,0xff,0x74,0x00,0x00,0xff,0xfe,0xff,0xf4,0xff,0xf0,0xff,0xea,0x00,0x00,
0xff,0x62,0xff,0xe3,0x00,0x00,0x00,0x00,0xff,0x5c,0xff,0x5c,0xff,0x6d,0x00,0x00,0x00,0x14,0x00,0x00,
0xff,0xd4,0xff,0xe5,0xff,0xe2,0x00,0x00,0xff,0xe0,0xff,0xf0,0xff,0xf3,0x00,0x00,0xff,0x82,0x00,0x00,
0x00,0x00,0x00,0x00,0xff,0x91,0xff,0xa2,0x00,0x00,0xff,0xf3,0xff,0xc0,0xff,0xf0,0xff,0xd4,0xff,0xd1,
0x00,0x00,0xff,0xd3,0xff,0xe8,0xff,0xe6,0xff,0xd9,0xff,0xe8,0xff,0xd6,0xff,0xb2,0xff,0xb8,0xff,0xd6,
0xff,0xde,0xff,0xde,0xff,0xe2,0xff,0xcd,0xff,0xec,0xff,0xf2,0xff,0xf2,0xff,0xf2,0xff,0xe8,0xff,0xc4,
0xff,0x6f,0xff,0xde,0xff,0xe5,0xff,0xe3,0xff,0xe0,0xff,0xe1,0xff,0x98,0xff,0x55,0xff,0xe8,0xff,0xb0,
0xff,0xd1,0xff,0xf3,0xff,0xc0,0xff,0xe1,0xff,0xd3,0xff,0xd2,0xff,0xcf,0xff,0xfe,0xff,0xd0,0x00,0x00,
0xff,0xef,0xff,0xfe,0xff,0xda,0xff,0xea,0x00,0x00,0xff,0xe0,0xff,0xe8,0x00,0x00,0x00,0x00,0xff,0x9a,
0xff,0x58,0xff,0x60,0x00,0x00,0x00,0x00,0x00,0x00,0xff,0xcc,0xff,0xea,0xff,0xe8,0x00,0x00,0xff,0xd1,
0xff,0xd2,0xff,0xde,0x00,0x00,0xff,0xdf,0x00,0x00,0x00,0x00,0x00,0x00,0xff,0xee,0x00,0x00,0x00,0x00,
0xff,0xf3,0xff,0xcb,0xff,0xf2,0xff,0xd8,0xff,0xd4,0x00,0x00,0xff,0xde,0xff,0xe8,0xff,0xee,0xff,0xda,
0xff,0xef,0xff,0xd8,0xff,0xb7,0xff,0xbc,0xff,0xdf,0xff,0xfe,0xff,0xea,0xff,0xe5,0xff,0xd1,0xff,0xf4,
0xff,0xfb,0xff,0xf8,0xff,0xf7,0xff,0xec,0xff,0xca,0xff,0x93,0xff,0xdf,0xff,0xec,0xff,0xe9,0xff,0xe5,
0xff,0xe7,0xff,0xa4,0xff,0x87,0xff,0xee,0xff,0xb7,0xff,0xd6,0xff,0xf6,0xff,0xc9,0xff,0xe5,0xff,0xd5,
0xff,0xd4,0xff,0xd9,0x00,0x00,0xff,0xd3,0x00,0x00,0xff,0xf6,0x00,0x00,0xff,0xda,0xff,0xeb,0x00,0x00,
0xff,0xe7,0xff,0xef,0x00,0x00,0x00,0x00,0xff,0xa5,0xff,0x8b,0xff,0x98,0x00,0x00,0x00,0x00,0x00,0x00,
0xff,0xd2,0xff,0xea,0xff,0xea,0x00,0x00,0xff,0xd1,0xff,0xd4,0xff,0xe2,0x00,0x00,0xff,0xe4,0x00,0x00,
0x00,0x00,0x00,0x00,0xff,0xee,0x00,0x00,0x00,0x00,0xff,0xfb,0x00,0x00,0xff,0xfe,0x00,0x02,0x00,0x00,
0xff,0xe6,0x00,0x00,0xff,0xf8,0xff,0xfe,0x00,0x00,0x00,0x02,0xff,0xfd,0xff,0xf1,0xff,0xf8,0xff,0xfd,
0xff,0xa2,0x00,0x00,0x00,0x00,0xff,0xf1,0xff,0xc6,0xff,0xd9,0xff,0xe4,0xff,0x99,0x00,0x02,0xff,0xfd,
0xff,0xec,0xff,0xb4,0xff,0xe3,0xff,0xe2,0xff,0xd2,0xff,0xd0,0xff,0xe6,0x00,0x00,0xff,0xed,0xff,0xf5,
0xff,0xe7,0xff,0xfe,0xff,0xf7,0xff,0xb3,0xff,0xb5,0xff,0xb7,0x00,0x04,0xff,0xeb,0xff,0xf2,0x00,0x00,
0xff,0xbb,0xff,0xd0,0xff,0xbd,0xff,0xaf,0x00,0x00,0xff,0xcc,0xff,0xef,0x00,0x00,0x00,0x00,0xff,0xe6,
0x00,0x00,0xff,0xe7,0xff,0xfe,0xff,0xfe,0x00,0x00,0xff,0xd2,0xff,0xae,0x00,0x00,0x00,0x00,0xff,0xb8,
0xff,0xb8,0xff,0xb5,0x00,0x00,0xff,0xd7,0x00,0x00,0x00,0x00,0x00,0x00,0xff,0xb7,0xff,0xde,0x00,0x00,
0xff,0xd8,0xff,0xee,0xff,0xdc,0xff,0xeb,0xff,0xec,0xff,0xb2,0xff,0xec,0xff,0xdc,0x00,0x00,0xff,0xdf,
0xff,0xe0,0xff,0xe8,0xff,0xe4,0xff,0xe5,0xff,0xc5,0xff,0xa0,0xff,0xec,0xff,0xe6,0xff,0xe2,0xff,0xbb,
0xff,0xa1,0xff,0xc2,0xff,0x9a,0xff,0xe0,0xff,0xe8,0xff,0xe8,0xff,0xaa,0xff,0xd7,0xff,0xd7,0xff,0x81,
0xff,0x81,0x00,0x00,0x00,0x00,0xff,0xce,0xff,0xcb,0xff,0xda,0xff,0xdf,0xff,0xdb,0xff,0xac,0xff,0xaa,
0xff,0xad,0xff,0xee,0xff,0x9d,0xff,0xa9,0xff,0xcf,0xff,0xb6,0xff,0x97,0xff,0xb3,0xff,0x89,0xff,0xdb,
0x00,0x00,0x00,0x00,0xff,0xdb,0xff,0xcd,0xff,0xbe,0xff,0xda,0xff,0xe2,0x00,0x00,0x00,0x00,0xff,0xe6,
0xff,0xb4,0xff,0x89,0xff,0x88,0x00,0x00,0x00,0x00,0x00,0x00,0x00,0x00,0xff,0xa1,0xff,0xad,0xff,0xb5,
0xff,0xad,0xff,0xb8,0x00,0x00,0xff,0xc0,0x00,0x00,0xff,0xe7,0xff,0xee,0xff,0xeb,0xff,0xec,0xff,0xeb,
0xff,0xe8,0x00,0x00,0xff,0xe7,0x00,0x00,0xff,0xe8,0x00,0x00,0xff,0xf0,0xff,0xeb,0xff,0xeb,0xff,0xe6,
0xff,0xe3,0xff,0xed,0xff,0xe9,0xff,0xec,0xff,0xe1,0xff,0xdc,0xff,0xe0,0xff,0xe2,0xff,0xe5,0xff,0xee,
0x00,0x00,0xff,0xd8,0xff,0xdd,0xff,0xda,0xff,0xd2,0xff,0xd0,0xff,0xc2,0xff,0xc2,0xff,0xe1,0xff,0xd1,
0xff,0xda,0xff,0xf0,0x00,0x00,0xff,0xdd,0xff,0xd5,0xff,0xd5,0xff,0xf2,0xff,0xf2,0xff,0xcb,0xff,0xe5,
0xff,0xe2,0xff,0xe6,0xff,0xdd,0xff,0xd4,0xff,0xf2,0x00,0x00,0x00,0x00,0xff,0xe4,0xff,0xda,0xff,0xc2,
0xff,0xc2,0xff,0xcd,0x00,0x00,0x00,0x00,0xff,0xf6,0xff,0xe7,0xff,0xd8,0xff,0xd4,0x00,0x00,0x00,0x00,
0x00,0x00,0x00,0x00,0xff,0xea,0x00,0x00,0xff,0xe4,0xff,0xf3,0xff,0xf6,0x00,0x00,0xff,0xe8,0x00,0x00,
0xff,0xf6,0xff,0xf9,0xff,0xf9,0xff,0xe6,0xff,0xe2,0x00,0x00,0xff,0xe2,0xff,0xf2,0xff,0xf9,0xff,0xf7,
0xff,0xf5,0x00,0x0d,0xff,0xe4,0xff,0xe4,0xff,0xf5,0xff,0xbd,0xff,0xf7,0xff,0xf0,0x00,0x00,0xff,0xd6,
0xff,0xfb,0x00,0x00,0xff,0xa5,0xff,0xf5,0x00,0x05,0xff,0xc8,0xff,0xdc,0xff,0xfe,0xff,0xf0,0xff,0xe9,
0xff,0xe9,0xff,0xa6,0x00,0x00,0xff,0xed,0xff,0xb8,0xff,0xe3,0xff,0xfc,0xff,0xe2,0xff,0xd1,0xff,0xdd,
0xff,0xda,0xff,0xfb,0x00,0x00,0xff,0xd3,0x00,0x00,0xff,0xd5,0x00,0x00,0xff,0xe6,0xff,0xda,0x00,0x00,
0xff,0xe9,0xff,0xec,0x00,0x00,0x00,0x00,0xff,0xa7,0x00,0x00,0xff,0xbe,0x00,0x00,0xff,0xf9,0x00,0x00,
0xff,0xfc,0xff,0xcc,0x00,0x00,0x00,0x00,0xff,0xe5,0xff,0xe5,0xff,0xdd,0x00,0x00,0xff,0xee,0x00,0x00,
0x00,0x00,0x00,0x00,0xff,0xef,0xff,0xdc,0x00,0x00,0xff,0xf8,0xff,0xf8,0xff,0xfb,0xff,0xed,0xff,0xe9,
0x00,0x00,0xff,0xe9,0xff,0xf2,0xff,0xfb,0xff,0xfe,0xff,0xfa,0x00,0x0a,0x00,0x00,0x00,0x00,0xff,0xf5,
0xff,0xbc,0xff,0xf7,0xff,0xf4,0x00,0x00,0xff,0xda,0x00,0x00,0x00,0x00,0xff,0xa5,0xff,0xfa,0x00,0x05,
0xff,0xcc,0xff,0xdc,0xff,0xfe,0xff,0xf9,0xff,0xee,0xff,0xef,0xff,0xac,0x00,0x00,0xff,0xf6,0xff,0xc1,
0xff,0xe5,0xff,0xfe,0xff,0xe8,0xff,0xd1,0xff,0xdb,0xff,0xda,0xff,0xfc,0x00,0x00,0xff,0xd7,0x00,0x00,
0xff,0xd3,0x00,0x00,0xff,0xe5,0xff,0xdb,0x00,0x00,0xff,0xef,0xff,0xf7,0x00,0x00,0x00,0x00,0xff,0xad,
0x00,0x00,0xff,0xc0,0x00,0x00,0xff,0xfb,0x00,0x00,0xff,0xfd,0xff,0xd2,0x00,0x00,0x00,0x00,0xff,0xe2,
0xff,0xe2,0xff,0xdd,0x00,0x00,0xff,0xf1,0x00,0x00,0x00,0x00,0x00,0x00,0xff,0xef,0x00,0x07,0x00,0x00,
0xff,0xf5,0xff,0xf6,0xff,0xf1,0xff,0xd7,0xff,0xd7,0xff,0xb0,0x00,0x00,0xff,0xf8,0x00,0x00,0xff,0xee,
0x00,0x00,0x00,0x00,0x00,0x00,0x00,0x00,0xff,0xf5,0xff,0xf3,0xff,0xd8,0xff,0xe4,0x00,0x00,0xff,0xf3,
0xff,0xe2,0xff,0xf0,0xff,0xf6,0xff,0xdd,0x00,0x00,0x00,0x00,0xff,0xf8,0xff,0xeb,0xff,0xe3,0xff,0x92,
0xff,0x98,0xff,0xa8,0xff,0xc1,0xff,0xf0,0xff,0xb6,0xff,0xd6,0xff,0xf6,0xff,0xde,0xff,0xf7,0xff,0xf9,
0xff,0xfa,0x00,0x00,0xff,0xb0,0xff,0x9b,0xff,0xe3,0xff,0xf5,0xff,0xe2,0x00,0x00,0xff,0xdc,0x00,0x00,
0x00,0x00,0x00,0x00,0x00,0x00,0x00,0x00,0xff,0xaa,0xff,0xc2,0xff,0xc8,0x00,0x00,0x00,0x00,0x00,0x00,
0x00,0x00,0xff,0xd5,0xff,0xc9,0x00,0x00,0x00,0x00,0x00,0x00,0x00,0x00,0x00,0x00,0xff,0xaa,0x00,0x00,
0x00,0x00,0x00,0x00,0x00,0x00,0xff,0xf0,0x00,0x00,0xff,0xf6,0xff,0xfc,0xff,0xf3,0xff,0xef,0xff,0xee,
0xff,0xb5,0xff,0xee,0xff,0xf8,0xff,0xf3,0xff,0xf8,0xff,0xf1,0x00,0x0c,0x00,0x00,0x00,0x00,0xff,0xf3,
0xff,0xc0,0xff,0xef,0xff,0xf1,0x00,0x00,0xff,0xe0,0xff,0xae,0xff,0xfe,0xff,0xa4,0xff,0xf1,0x00,0x0c,
0xff,0xdb,0xff,0xde,0xff,0xf5,0xff,0xef,0xff,0x9b,0xff,0x9b,0xff,0xa3,0x00,0x00,0xff,0xeb,0xff,0xbd,
0xff,0xdd,0xff,0xf7,0xff,0xe9,0xff,0xde,0xff,0xde,0xff,0xe3,0xff,0xfe,0xff,0xb2,0xff,0xa2,0x00,0x00,
0xff,0xdd,0xff,0xbb,0xff,0xfb,0xff,0xa9,0x00,0x00,0xff,0x9b,0xff,0xec,0x00,0x00,0x00,0x00,0xff,0xa5,
0x00,0x00,0xff,0xd6,0x00,0x00,0xff,0xf5,0x00,0x00,0xff,0xf6,0xff,0xb2,0x00,0x00,0x00,0x00,0xff,0xe7,
0xff,0xe8,0xff,0xde,0x00,0x00,0xff,0xb0,0x00,0x00,0x00,0x00,0x00,0x00,0xff,0xa7,0xff,0xf8,0x00,0x00,
0xff,0xfc,0x00,0x00,0xff,0xfe,0xff,0xf4,0xff,0xf4,0x00,0x00,0xff,0xf4,0xff,0xf6,0xff,0xfe,0xff,0xfb,
0x00,0x00,0x00,0x13,0x00,0x0b,0x00,0x00,0xff,0xf7,0xff,0xc9,0xff,0xf5,0xff,0xfe,0x00,0x0b,0xff,0xe3,
0x00,0x00,0x00,0x00,0xff,0xb7,0x00,0x00,0x00,0x12,0xff,0xda,0xff,0xdf,0x00,0x00,0xff,0xfd,0xff,0xf5,
0xff,0xf2,0xff,0xaf,0x00,0x00,0xff,0xf5,0xff,0xc5,0xff,0xee,0x00,0x00,0xff,0xed,0xff,0xdf,0xff,0xe1,
0xff,0xe1,0x00,0x00,0x00,0x02,0xff,0xdf,0x00,0x00,0xff,0xe1,0x00,0x00,0xff,0xf8,0xff,0xd7,0x00,0x00,
0xff,0xf2,0xff,0xf6,0x00,0x00,0x00,0x00,0xff,0xb0,0x00,0x00,0xff,0xd6,0x00,0x00,0xff,0xfe,0x00,0x00,
0x00,0x00,0xff,0xd1,0x00,0x00,0x00,0x00,0xff,0xe6,0xff,0xe6,0xff,0xde,0x00,0x00,0xff,0xf3,0x00,0x00,
0x00,0x00,0x00,0x00,0xff,0xf0,0x00,0x00,0x00,0x00,0xff,0xe1,0xff,0xe7,0xff,0xe6,0xff,0xe2,0xff,0xe1,
0xff,0xe5,0x00,0x00,0xff,0xd8,0x00,0x00,0xff,0xe4,0x00,0x00,0xff,0xfd,0xff,0xef,0xff,0xed,0xff,0xd5,
0xff,0xad,0xff,0xe3,0xff,0xea,0xff,0xef,0xff,0xbd,0xff,0xe0,0xff,0xe9,0xff,0x8c,0xff,0xe9,0xff,0xfc,
0x00,0x00,0xff,0xbd,0x00,0x00,0x00,0x00,0x00,0x00,0x00,0x00,0xff,0xb1,0x00,0x00,0x00,0x00,0xff,0xbc,
0xff,0xe0,0xff,0xea,0xff,0xd4,0xff,0xbb,0x00,0x00,0xff,0xbf,0xff,0xe8,0xff,0xf8,0xff,0xcb,0xff,0xde,
0xff,0xbb,0xff,0xe1,0xff,0xc5,0xff,0xbe,0xff,0xdf,0x00,0x00,0x00,0x00,0xff,0xde,0xff,0xc6,0xff,0xb2,
0x00,0x00,0xff,0xd4,0x00,0x00,0x00,0x00,0xff,0xeb,0xff,0xca,0x00,0x00,0x00,0x00,0x00,0x00,0x00,0x00,
0x00,0x00,0x00,0x00,0xff,0xb1,0x00,0x00,0xff,0xd8,0xff,0xef,0xff,0xf0,0x00,0x00,0xff,0xea,0x00,0x00,
0xff,0xd1,0xff,0xb7,0xff,0xd5,0xff,0xce,0xff,0xcc,0xff,0xe5,0x00,0x00,0xff,0xb9,0x00,0x00,0xff,0xcb,
0x00,0x00,0xff,0xbf,0xff,0xa9,0xff,0xb4,0xff,0xcb,0xff,0x81,0xff,0xce,0xff,0xdd,0xff,0xa6,0xff,0x8b,
0xff,0xde,0xff,0xe1,0xff,0x81,0xff,0xde,0xff,0xba,0x00,0x00,0xff,0x81,0xff,0xdc,0x00,0x00,0xff,0xd8,
0x00,0x00,0xff,0x9a,0xff,0x81,0xff,0xd2,0xff,0xb2,0xff,0xcc,0x00,0x00,0xff,0xbb,0xff,0x81,0xff,0x81,
0x00,0x00,0xff,0xc0,0xff,0xfb,0xff,0xc6,0xff,0xd9,0xff,0x81,0xff,0xdd,0xff,0x81,0xff,0xbc,0xff,0xd6,
0x00,0x00,0x00,0x00,0xff,0xcf,0xff,0xbc,0xff,0x9c,0xff,0x81,0xff,0x81,0x00,0x00,0x00,0x00,0xff,0xca,
0xff,0x93,0xff,0xb6,0xff,0xcc,0x00,0x00,0x00,0x00,0x00,0x00,0x00,0x00,0xff,0xaf,0xff,0xd1,0xff,0xd0,
0xff,0xec,0xff,0xf0,0x00,0x00,0xff,0xe0,0x00,0x00,0x00,0x00,0x00,0x00,0x00,0x00,0xff,0xef,0xff,0xef,
0xff,0xd8,0xff,0xfe,0x00,0x00,0xff,0xf8,0xff,0xfb,0xff,0xfe,0x00,0x0c,0x00,0x00,0x00,0x00,0x00,0x00,
0x00,0x00,0xff,0xef,0xff,0xf0,0x00,0x00,0x00,0x00,0x00,0x00,0x00,0x00,0x00,0x00,0xff,0xec,0x00,0x0c,
0x00,0x00,0x00,0x24,0xff,0xf5,0xff,0xed,0xff,0xbd,0xff,0xbd,0x00,0x00,0x00,0x00,0x00,0x04,0xff,0xc9,
0x00,0x00,0x00,0x00,0x00,0x00,0x00,0x20,0x00,0x09,0x00,0x14,0x00,0x00,0x00,0x00,0x00,0x00,0x00,0x00,
0x00,0x00,0x00,0x00,0x00,0x00,0x00,0x00,0x00,0x00,0xff,0xbd,0x00,0x06,0x00,0x00,0x00,0x00,0xff,0xbb,
0x00,0x00,0xff,0xc4,0x00,0x00,0x00,0x00,0x00,0x00,0x00,0x00,0x00,0x18,0x00,0x00,0x00,0x00,0x00,0x18,
0x00,0x24,0x00,0x17,0x00,0x00,0xff,0xc7,0x00,0x00,0x00,0x00,0x00,0x00,0x00,0x00,0x00,0x00,0x00,0x00,
0x00,0x00,0x00,0x00,0x00,0x00,0x00,0x00,0x00,0x00,0x00,0x00,0x00,0x00,0x00,0x00,0x00,0x00,0x00,0x00,
0x00,0x00,0x00,0x00,0x00,0x00,0x00,0x00,0x00,0x00,0x00,0x00,0x00,0x00,0x00,0x00,0x00,0x00,0x00,0x00,
0x00,0x00,0x00,0x00,0x00,0x00,0x00,0x00,0x00,0x00,0xff,0xcd,0xff,0xe8,0xff,0xe5,0xff,0xdf,0xff,0xdb,
0xff,0xdb,0x00,0x00,0x00,0x00,0xff,0xf1,0xff,0xf0,0xff,0xe6,0x00,0x00,0xff,0xf6,0xff,0xdf,0xff,0xe6,
0xff,0xe6,0x00,0x0c,0x00,0x00,0x00,0x00,0x00,0x00,0x00,0x00,0x00,0x00,0xff,0xed,0xff,0xcd,0x00,0x18,
0x00,0x00,0x00,0x00,0xff,0xfe,0x00,0x00,0xff,0xdd,0xff,0xc1,0xff,0xcb,0x00,0x00,0x00,0x00,0x00,0x00,
0xff,0xfb,0xff,0xc7,0xff,0xcd,0x00,0x00,0x00,0x00,0x00,0x00,0x00,0x00,0xff,0xee,0xff,0xd9,0xff,0xfe,
0x00,0x00,0x00,0x14,0x00,0x00,0x00,0x00,0x00,0x00,0xff,0xfb,0xff,0xfc,0xff,0xfe,0x00,0x00,0x00,0x00,
0xff,0xe1,0x00,0x00,0xff,0xf9,0xff,0xfe,0x00,0x00,0xff,0xfd,0xff,0xfa,0xff,0xf4,0xff,0xf7,0xff,0xfd,
0x00,0x00,0x00,0x00,0x00,0x00,0xff,0xf1,0x00,0x00,0x00,0x00,0xff,0xdf,0xff,0xaf,0xff,0xfd,0xff,0xfa,
0x00,0x00,0xff,0xb6,0xff,0xe7,0xff,0xe5,0xff,0xd3,0xff,0xd3,0xff,0xe7,0x00,0x00,0xff,0xf0,0xff,0xf4,
0xff,0xe5,0x00,0x00,0xff,0xf6,0xff,0xb4,0xff,0xb6,0xff,0xb9,0x00,0x00,0xff,0xef,0xff,0xea,0x00,0x00,
0xff,0xc2,0x00,0x00,0x00,0x00,0xff,0xb0,0x00,0x00,0xff,0xcf,0xff,0xf1,0x00,0x00,0x00,0x00,0xff,0xe8,
0x00,0x00,0xff,0xe9,0x00,0x00,0xff,0xfe,0x00,0x00,0xff,0xd5,0xff,0xad,0x00,0x00,0x00,0x00,0xff,0xbf,
0xff,0xbf,0xff,0xb6,0x00,0x00,0xff,0xd3,0x00,0x00,0x00,0x00,0x00,0x00,0x00,0x00,0xff,0xdd,0x00,0x00,
0xff,0xd0,0xff,0xb7,0xff,0xd4,0xff,0xcd,0xff,0xca,0xff,0xe2,0xff,0xc9,0xff,0xb9,0x00,0x00,0xff,0xca,
0xff,0xde,0xff,0xbe,0xff,0xa8,0xff,0xb2,0xff,0xc7,0xff,0x81,0xff,0xcc,0xff,0xdc,0xff,0xa5,0xff,0x83,
0xff,0xde,0xff,0xe0,0xff,0x81,0xff,0xde,0xff,0xba,0x00,0x00,0xff,0x81,0x00,0x00,0xff,0xd6,0x00,0x00,
0xff,0xd6,0xff,0x98,0xff,0x81,0xff,0xd0,0xff,0xb2,0xff,0xcd,0xff,0xd7,0xff,0xba,0x00,0x00,0x00,0x00,
0xff,0x81,0xff,0xbb,0xff,0xf6,0xff,0xc4,0xff,0xd9,0xff,0x81,0xff,0xdf,0xff,0x81,0xff,0xbd,0xff,0xd2,
0xff,0xd6,0x00,0x00,0xff,0xcd,0xff,0xb8,0xff,0x9a,0xff,0x81,0xff,0x81,0x00,0x00,0x00,0x00,0xff,0xc7,
0xff,0x92,0xff,0xb9,0xff,0xca,0x00,0x00,0x00,0x00,0x00,0x00,0x00,0x00,0xff,0xb0,0xff,0xd0,0xff,0xcd,
0xff,0xea,0xff,0xec,0x00,0x00,0xff,0xe2,0x00,0x00,0xff,0xcb,0xff,0xdd,0xff,0xcf,0xff,0xe5,0xff,0xe6,
0xff,0xb8,0xff,0xe6,0xff,0xce,0xff,0xcf,0xff,0xd3,0xff,0xc9,0xff,0xbc,0xff,0xc0,0xff,0xc6,0xff,0xd3,
0xff,0x5e,0xff,0xe6,0xff,0xca,0xff,0xbe,0xff,0xab,0xff,0xaa,0xff,0xaa,0xff,0x59,0xff,0xc9,0xff,0xbc,
0x00,0x00,0xff,0x81,0xff,0xb3,0xff,0xb1,0xff,0x9a,0xff,0x98,0xff,0xcf,0x00,0x00,0xff,0xc2,0xff,0xd7,
0xff,0xb4,0xff,0xd2,0xff,0xce,0xff,0x8c,0xff,0x86,0xff,0x81,0xff,0xdf,0xff,0x8b,0xff,0xc9,0xff,0xc7,
0xff,0xa4,0xff,0xa3,0x00,0x00,0xff,0x80,0xff,0xdc,0x00,0x00,0x00,0x00,0xff,0xcb,0xff,0xde,0x00,0x00,
0x00,0x00,0x00,0x00,0x00,0x00,0x00,0x00,0xff,0xc8,0xff,0x86,0xff,0x7d,0x00,0x00,0x00,0x00,0x00,0x00,
0x00,0x00,0x00,0x00,0xff,0x9c,0xff,0xb1,0xff,0xd2,0xff,0xa4,0xff,0xb9,0x00,0x00,0xff,0xa8,0x00,0x00,
0xff,0xcb,0xff,0xe1,0x00,0x00,0x00,0x00,0x00,0x00,0xff,0xad,0x00,0x00,0xff,0xcf,0x00,0x00,0x00,0x00,
0x00,0x00,0x00,0x00,0x00,0x00,0x00,0x00,0xff,0xb7,0xff,0x95,0x00,0x00,0x00,0x00,0x00,0x00,0xff,0xb4,
0xff,0x9a,0x00,0x00,0xff,0x59,0x00,0x00,0x00,0x00,0x00,0x00,0xff,0xa4,0x00,0x00,0x00,0x00,0xff,0x81,
0xff,0x81,0x00,0x00,0xff,0xcf,0xff,0xc3,0xff,0xbf,0xff,0xcc,0x00,0x00,0xff,0xcf,0xff,0xa4,0xff,0xa3,
0xff,0xa6,0xff,0xe1,0xff,0x55,0xff,0xaa,0xff,0xc3,0xff,0xae,0xff,0x83,0x00,0x00,0x00,0x00,0xff,0xc8,
0x00,0x00,0x00,0x00,0xff,0xcc,0xff,0xbe,0x00,0x00,0x00,0x00,0x00,0x00,0x00,0x00,0x00,0x00,0xff,0xd2,
0xff,0xa8,0x00,0x00,0xff,0x79,0x00,0x00,0x00,0x00,0x00,0x00,0x00,0x00,0xff,0x83,0xff,0xa8,0xff,0xac,
0xff,0xa6,0xff,0xaf,0x00,0x00,0x00,0x00,0x00,0x00,0xff,0xf4,0x00,0x00,0xff,0xf8,0xff,0xfd,0xff,0xfd,
0xff,0xec,0xff,0xfe,0x00,0x00,0xff,0xf8,0xff,0xfd,0xff,0xfc,0xff,0xfd,0xff,0xf6,0xff,0xfa,0xff,0xf6,
0x00,0x00,0xff,0xfd,0xff,0xfd,0xff,0xf6,0x00,0x00,0xff,0xeb,0xff,0xed,0x00,0x00,0xff,0xfc,0xff,0xfd,
0xff,0xdb,0xff,0xd8,0xff,0xf1,0x00,0x00,0xff,0xd4,0x00,0x00,0xff,0xce,0x00,0x00,0x00,0x00,0xff,0xe1,
0xff,0xe0,0x00,0x00,0xff,0xea,0xff,0xdf,0xff,0xd6,0x00,0x00,0x00,0x00,0x00,0x00,0x00,0x00,0x00,0x00,
0x00,0x00,0x00,0x00,0x00,0x00,0xff,0xdf,0x00,0x00,0x00,0x00,0x00,0x00,0x00,0x00,0x00,0x00,0xff,0xcf,
0x00,0x00,0xff,0xdb,0x00,0x00,0x00,0x00,0x00,0x00,0x00,0x00,0xff,0xdf,0x00,0x00,0x00,0x00,0x00,0x00,
0x00,0x00,0x00,0x00,0x00,0x00,0xff,0xd8,0x00,0x00,0x00,0x00,0x00,0x00,0x00,0x00,0xff,0xee,0x00,0x00,
0xff,0xf4,0x00,0x00,0xff,0xf8,0xff,0xfd,0xff,0xfd,0xff,0xec,0xff,0xfe,0x00,0x00,0xff,0xf8,0xff,0xfd,
0xff,0xfc,0xff,0xfd,0xff,0xf6,0xff,0xfa,0xff,0xf9,0x00,0x00,0xff,0xfd,0xff,0xfd,0xff,0xf6,0x00,0x00,
0xff,0xf0,0xff,0xed,0x00,0x00,0xff,0xfb,0xff,0xfd,0xff,0xdb,0xff,0xe1,0x00,0x00,0xff,0xe4,0x00,0x00,
0xff,0xd4,0xff,0xce,0x00,0x00,0x00,0x00,0xff,0xe1,0xff,0xe0,0xff,0xfd,0xff,0xea,0xff,0xe2,0x00,0x00,
0xff,0xdb,0x00,0x00,0x00,0x00,0x00,0x00,0x00,0x00,0x00,0x00,0x00,0x00,0x00,0x00,0xff,0xe4,0x00,0x00,
0x00,0x00,0xff,0xee,0x00,0x00,0x00,0x00,0xff,0xcf,0x00,0x00,0xff,0xdb,0x00,0x00,0x00,0x00,0x00,0x00,
0x00,0x00,0xff,0xdc,0x00,0x00,0x00,0x00,0x00,0x00,0xff,0xe5,0x00,0x00,0x00,0x00,0xff,0xd8,0x00,0x00,
0x00,0x00,0x00,0x00,0x00,0x00,0xff,0xee,0x00,0x00,0xff,0xf3,0x00,0x00,0xff,0xf9,0xff,0xfe,0xff,0xfe,
0xff,0xed,0xff,0xfe,0x00,0x00,0xff,0xf9,0xff,0xfd,0xff,0xfd,0xff,0xfd,0xff,0xf6,0xff,0xfb,0xff,0xfe,
0x00,0x00,0xff,0xfe,0xff,0xfe,0xff,0xf6,0x00,0x00,0xff,0xe9,0xff,0xee,0x00,0x00,0xff,0xfc,0xff,0xfd,
0xff,0xdc,0xff,0xdd,0xff,0xf1,0xff,0xe5,0xff,0xd5,0xff,0xd4,0xff,0xcf,0x00,0x00,0x00,0x00,0xff,0xe1,
0xff,0xe1,0xff,0xfe,0xff,0xeb,0xff,0xe1,0xff,0xdc,0xff,0xdd,0x00,0x00,0x00,0x00,0x00,0x00,0x00,0x00,
0x00,0x00,0x00,0x00,0x00,0x00,0xff,0xdc,0x00,0x00,0x00,0x00,0xff,0xed,0x00,0x00,0x00,0x00,0xff,0xcf,
0x00,0x00,0xff,0xdc,0x00,0x00,0x00,0x00,0x00,0x00,0x00,0x00,0xff,0xde,0x00,0x00,0x00,0x00,0x00,0x00,
0xff,0xe9,0x00,0x00,0x00,0x00,0xff,0xd8,0x00,0x00,0x00,0x00,0x00,0x00,0x00,0x00,0xff,0xef,0x00,0x00,
0xff,0xdd,0xff,0xed,0xff,0xe1,0xff,0xe7,0xff,0xe8,0xff,0xe0,0xff,0xe8,0xff,0xdc,0xff,0xe1,0xff,0xe4,
0xff,0xeb,0xff,0xf3,0xff,0xee,0xff,0xef,0xff,0xd7,0xff,0xa3,0xff,0xe7,0xff,0xe9,0xff,0xed,0xff,0xbb,
0xff,0xd8,0xff,0xe2,0xff,0x67,0xff,0xeb,0xff,0xf3,0xff,0xda,0xff,0xb0,0xff,0xe0,0xff,0xde,0xff,0xcc,
0xff,0xcd,0xff,0xb4,0xff,0xcc,0xff,0xda,0xff,0xbc,0xff,0xe0,0xff,0xe4,0xff,0xd8,0xff,0xaf,0xff,0xb2,
0xff,0xb1,0xff,0xed,0xff,0xe5,0xff,0xd1,0xff,0xe1,0xff,0xb5,0xff,0xd3,0xff,0xb7,0xff,0xab,0xff,0xe3,
0xff,0xcd,0x00,0x00,0xff,0xdd,0xff,0xdb,0xff,0xb5,0xff,0xcd,0xff,0xd6,0x00,0x00,0x00,0x00,0xff,0xed,
0xff,0xc1,0xff,0xac,0xff,0xb8,0xff,0xe4,0x00,0x00,0x00,0x00,0x00,0x00,0xff,0xad,0xff,0xca,0xff,0xdb,
0xff,0xe3,0xff,0xea,0x00,0x00,0xff,0xdd,0x00,0x00,0xff,0xde,0xff,0xec,0xff,0xe1,0xff,0xf5,0xff,0xf6,
0xff,0xc9,0xff,0xf6,0xff,0xdf,0xff,0xe1,0xff,0xe5,0xff,0xe8,0xff,0xcf,0xff,0xcf,0xff,0xd5,0xff,0xea,
0xff,0x64,0xff,0xf5,0xff,0xe2,0xff,0xcc,0xff,0xb1,0xff,0xba,0xff,0xbb,0xff,0x6e,0xff,0xe8,0xff,0xce,
0xff,0xcb,0xff,0x9b,0xff,0xbf,0xff,0xbc,0xff,0xb2,0xff,0xb2,0xff,0xd7,0xff,0xbf,0xff,0xd3,0xff,0xe6,
0xff,0xbc,0xff,0xe4,0xff,0xde,0xff,0x97,0xff,0x9d,0xff,0x9a,0xff,0xed,0xff,0xbe,0xff,0xe1,0xff,0xdb,
0xff,0xaa,0xff,0xb4,0xff,0xa4,0xff,0x99,0xff,0xf0,0xff,0xb2,0x00,0x00,0xff,0xea,0xff,0xf7,0xff,0xd7,
0xff,0xc5,0xff,0xce,0x00,0x00,0x00,0x00,0xff,0xeb,0xff,0xab,0xff,0x8c,0xff,0xa3,0xff,0xba,0x00,0x00,
0x00,0x00,0x00,0x00,0xff,0xaa,0xff,0xbb,0xff,0xe9,0xff,0xbe,0xff,0xd4,0x00,0x00,0xff,0xb6,0x00,0x00,
0x00,0x00,0x00,0x0d,0x00,0x07,0x00,0x09,0x00,0x0b,0xff,0xf6,0x00,0x0c,0x00,0x00,0x00,0x06,0x00,0x0c,
0x00,0x00,0x00,0x00,0xff,0xfe,0x00,0x00,0x00,0x0c,0x00,0x24,0x00,0x09,0x00,0x0d,0xff,0xfe,0x00,0x00,
0x00,0x00,0xff,0xf6,0x00,0x0d,0x00,0x00,0x00,0x00,0x00,0x00,0x00,0x00,0xff,0xf7,0xff,0xf1,0xff,0xe2,
0xff,0xdf,0xff,0xda,0x00,0x00,0x00,0x00,0xff,0xec,0xff,0xeb,0x00,0x0b,0xff,0xfe,0x00,0x00,0x00,0x00,
0x00,0x00,0x00,0x17,0x00,0x00,0xff,0xe9,0x00,0x00,0x00,0x00,0x00,0x00,0x00,0x00,0x00,0x00,0x00,0x00,
0xff,0xdf,0x00,0x00,0x00,0x00,0x00,0x00,0xff,0xda,0x00,0x00,0xff,0xe6,0x00,0x0b,0x00,0x00,0x00,0x00,
0xff,0xf8,0x00,0x00,0x00,0x00,0x00,0x00,0xff,0xfd,0xff,0xfe,0x00,0x00,0x00,0x00,0xff,0xe4,0x00,0x00,
0x00,0x00,0x00,0x00,0x00,0x00,0xff,0xf8,0x00,0x00,0xff,0xf5,0x00,0x00,0xff,0xf9,0xff,0xfe,0xff,0xfe,
0xff,0xed,0xff,0xfe,0xff,0xfb,0xff,0xf9,0xff,0xfd,0xff,0xfd,0xff,0xfd,0xff,0xf7,0xff,0xfb,0xff,0xf9,
0xff,0xf1,0xff,0xfe,0xff,0xfe,0xff,0xf6,0xff,0xeb,0xff,0xf0,0xff,0xee,0xff,0xef,0xff,0xfc,0xff,0xfd,
0xff,0xdc,0xff,0xe1,0x00,0x00,0xff,0xe5,0x00,0x00,0xff,0xd4,0xff,0xcf,0x00,0x00,0x00,0x00,0xff,0xe1,
0xff,0xe1,0xff,0xfe,0xff,0xeb,0xff,0xe2,0x00,0x00,0xff,0xdc,0x00,0x03,0xff,0xf9,0xff,0xde,0x00,0x00,
0xff,0xef,0xff,0xec,0xff,0xeb,0xff,0xe4,0x00,0x00,0xff,0xd4,0xff,0xee,0x00,0x00,0x00,0x00,0xff,0xcf,
0x00,0x00,0xff,0xdc,0x00,0x00,0x00,0x00,0x00,0x00,0xff,0xee,0xff,0xdc,0x00,0x00,0x00,0x00,0x00,0x00,
0xff,0xe5,0x00,0x00,0x00,0x00,0xff,0xd8,0x00,0x00,0x00,0x00,0x00,0x00,0xff,0xd8,0xff,0xef,0x00,0x00,
0x00,0x00,0x00,0x0c,0x00,0x00,0x00,0x00,0x00,0x00,0xff,0xdb,0x00,0x00,0x00,0x00,0xff,0xfd,0xff,0xfe,
0xff,0xfc,0x00,0x00,0xff,0xfe,0xff,0xfd,0x00,0x00,0xff,0xca,0x00,0x00,0x00,0x00,0xff,0xfb,0xff,0xe0,
0xff,0xd7,0xff,0xe9,0xff,0xd3,0xff,0xfb,0x00,0x00,0xff,0xee,0xff,0xdc,0xff,0xeb,0xff,0xe8,0xff,0xbc,
0xff,0xbc,0xff,0xde,0xff,0xe1,0xff,0xf1,0xff,0xed,0xff,0xed,0x00,0x00,0xff,0xf8,0xff,0xd3,0xff,0xda,
0xff,0xdb,0x00,0x08,0xff,0xdb,0xff,0xe7,0xff,0xf9,0xff,0xdd,0xff,0xcf,0xff,0xe4,0xff,0xb9,0x00,0x0a,
0xff,0xbc,0x00,0x00,0x00,0x00,0xff,0xf7,0xff,0xda,0xff,0xe2,0xff,0xee,0x00,0x00,0x00,0x00,0x00,0x0b,
0xff,0xf5,0xff,0xb3,0xff,0xb3,0xff,0xfa,0x00,0x00,0x00,0x00,0x00,0x00,0xff,0xdf,0xff,0xc7,0xff,0xf6,
0xff,0xfa,0x00,0x00,0x00,0x00,0xff,0xec,0x00,0x00,0xff,0xe7,0xff,0xf5,0xff,0xeb,0xff,0xf7,0xff,0xf7,
0xff,0xd0,0xff,0xf7,0xff,0xe8,0xff,0xeb,0xff,0xee,0xff,0xef,0xff,0xf1,0xff,0xec,0xff,0xec,0xff,0xeb,
0xff,0xb4,0xff,0xf7,0xff,0xf0,0xff,0xe9,0xff,0xc5,0xff,0xc9,0xff,0xdc,0xff,0xb7,0xff,0xee,0xff,0xf1,
0xff,0xdb,0xff,0xc6,0xff,0xd5,0xff,0xd4,0xff,0xba,0xff,0xba,0xff,0xcd,0xff,0xcf,0xff,0xdd,0xff,0xde,
0xff,0xd8,0xff,0xee,0xff,0xe2,0xff,0xbd,0xff,0xc3,0xff,0xc1,0xff,0xf9,0xff,0xd6,0xff,0xd6,0xff,0xe1,
0xff,0xc6,0xff,0xc2,0xff,0xce,0xff,0xaf,0xff,0xf7,0x00,0x00,0x00,0x00,0xff,0xea,0xff,0xe7,0xff,0xce,
0xff,0xcf,0xff,0xdb,0x00,0x00,0x00,0x00,0xff,0xf6,0xff,0xdf,0xff,0xa6,0xff,0xa7,0x00,0x00,0x00,0x00,
0x00,0x00,0x00,0x00,0xff,0xbd,0xff,0xbd,0xff,0xe4,0xff,0xe2,0xff,0xea,0x00,0x00,0xff,0xda,0x00,0x00,
0xff,0xe3,0xff,0xcf,0xff,0xe2,0xff,0xb2,0xff,0xb1,0xff,0x8c,0xff,0xc0,0xff,0xe7,0xff,0xc8,0xff,0xcc,
0xff,0xce,0xff,0xe8,0xff,0xdf,0xff,0xd9,0xff,0xda,0xff,0xf5,0xff,0xb2,0xff,0xb9,0xff,0xdf,0xff,0xec,
0xff,0xdd,0xff,0xc7,0xff,0xf5,0xff,0xb5,0xff,0xe5,0xff,0xac,0xff,0xe3,0xff,0xbd,0xff,0xbb,0x00,0x00,
0xff,0x81,0xff,0x8c,0xff,0xa4,0xff,0xde,0xff,0x97,0xff,0xaf,0xff,0xe5,0xff,0xbd,0xff,0xe5,0xff,0xe5,
0xff,0xde,0xff,0xd3,0x00,0x00,0x00,0x00,0xff,0xca,0xff,0xf2,0xff,0xe7,0xff,0xe8,0xff,0xdf,0xff,0xe1,
0x00,0x00,0x00,0x00,0xff,0xd8,0xff,0x9a,0x00,0x00,0xff,0xa6,0xff,0xa9,0x00,0x00,0x00,0x00,0xff,0xe9,
0xff,0xf1,0xff,0xe1,0xff,0xdd,0xff,0xf5,0x00,0x00,0x00,0x00,0x00,0x00,0xff,0xfe,0xff,0x8c,0xff,0xe0,
0xff,0xeb,0xff,0xeb,0x00,0x00,0xff,0xc5,0x00,0x00,0xff,0xd5,0xff,0xb9,0xff,0xe0,0xff,0xd6,0xff,0xd3,
0xff,0xe9,0xff,0xd3,0xff,0xbb,0xff,0xd9,0xff,0xd2,0xff,0xe5,0xff,0xc0,0xff,0xac,0xff,0xb6,0xff,0xcf,
0xff,0x8a,0xff,0xdd,0xff,0xe1,0xff,0xb9,0xff,0x92,0xff,0xe3,0xff,0xe6,0xff,0x8a,0xff,0xe5,0xff,0xbc,
0xff,0x8a,0xff,0x81,0xff,0xe2,0x00,0x00,0xff,0xdf,0x00,0x00,0xff,0x9b,0xff,0x8a,0xff,0xd6,0xff,0xb4,
0xff,0xd0,0x00,0x00,0xff,0xbd,0x00,0x00,0xff,0x86,0x00,0x00,0xff,0xc5,0xff,0xfe,0xff,0xcd,0xff,0xde,
0xff,0x8a,0xff,0xe1,0xff,0x8a,0x00,0x00,0xff,0xda,0x00,0x00,0x00,0x00,0xff,0xd3,0xff,0xbf,0xff,0x9c,
0xff,0x8a,0xff,0x8a,0x00,0x00,0x00,0x00,0xff,0xce,0xff,0x98,0x00,0x00,0x00,0x00,0xff,0xc8,0x00,0x00,
0x00,0x00,0x00,0x00,0xff,0xb1,0xff,0xdd,0xff,0xd5,0xff,0xf0,0xff,0xf4,0x00,0x00,0xff,0xe4,0x00,0x00,
0xff,0xd5,0xff,0xb9,0xff,0xdf,0xff,0xd5,0xff,0xd3,0xff,0xeb,0xff,0xd3,0xff,0xbb,0xff,0xd9,0xff,0xd1,
0xff,0xe4,0xff,0xc1,0xff,0xab,0xff,0xb4,0xff,0xd2,0xff,0x5a,0xff,0xde,0xff,0xe3,0xff,0xb5,0xff,0x85,
0xff,0xe5,0xff,0xe8,0xff,0x68,0xff,0xe4,0xff,0xbc,0xff,0x81,0xff,0x81,0x00,0x00,0xff,0xda,0x00,0x00,
0xff,0xdf,0xff,0x9d,0xff,0x81,0xff,0xd6,0xff,0xb3,0xff,0xcd,0xff,0xdc,0xff,0xbd,0x00,0x00,0x00,0x00,
0xff,0x81,0xff,0xc5,0xff,0xfe,0xff,0xcd,0xff,0xe0,0x00,0x00,0xff,0xe1,0xff,0x81,0x00,0x00,0xff,0xdb,
0xff,0xd9,0x00,0x00,0xff,0xd6,0xff,0xbd,0xff,0x9e,0xff,0x81,0xff,0x81,0x00,0x00,0x00,0x00,0xff,0xd0,
0xff,0x92,0x00,0x00,0x00,0x00,0xff,0xca,0x00,0x00,0x00,0x00,0x00,0x00,0xff,0xb2,0xff,0xde,0xff,0xd6,
0xff,0xf1,0xff,0xf2,0x00,0x00,0xff,0xe4,0x00,0x00,0xff,0xde,0xff,0xd9,0xff,0xde,0xff,0xb4,0xff,0xb4,
0xff,0x99,0xff,0xc4,0xff,0xe1,0xff,0xc8,0xff,0xcc,0xff,0xc6,0xff,0xee,0xff,0xe1,0xff,0xdb,0xff,0xdd,
0xff,0xf0,0xff,0xb5,0xff,0xbc,0xff,0xe1,0xff,0xea,0xff,0xd7,0xff,0xca,0xff,0xea,0xff,0xb8,0xff,0xee,
0xff,0xaa,0xff,0xe3,0xff,0xc0,0x00,0x00,0xff,0x81,0x00,0x00,0xff,0x86,0xff,0xa4,0xff,0xdb,0xff,0x9e,
0xff,0xb2,0x00,0x00,0xff,0xc4,0xff,0xe9,0xff,0xe4,0x00,0x00,0xff,0xde,0xff,0x86,0xff,0x86,0xff,0xc5,
0xff,0xf1,0xff,0xde,0xff,0xeb,0xff,0xdc,0xff,0xe5,0x00,0x00,0x00,0x00,0xff,0xd3,0xff,0x9e,0xff,0x86,
0xff,0xa5,0xff,0xa7,0x00,0x00,0x00,0x00,0xff,0xee,0xff,0xf9,0xff,0xdd,0xff,0xd9,0xff,0xf9,0x00,0x00,
0x00,0x00,0x00,0x00,0xff,0xf4,0xff,0x92,0xff,0xe8,0xff,0xf3,0xff,0xf3,0x00,0x00,0xff,0xca,0x00,0x00,
0xff,0xdf,0xff,0xdb,0xff,0xde,0xff,0xb9,0xff,0xb8,0xff,0x92,0xff,0xc5,0xff,0xe2,0xff,0xc8,0xff,0xcb,
0xff,0xcd,0xff,0xee,0xff,0xe3,0xff,0xe1,0xff,0xde,0xff,0xee,0xff,0xb9,0xff,0xc0,0xff,0xe3,0xff,0xe9,
0xff,0xd4,0xff,0xd1,0x00,0x00,0xff,0xbc,0xff,0xed,0xff,0xae,0xff,0xe0,0x00,0x00,0xff,0xc1,0x00,0x00,
0xff,0x81,0xff,0x81,0xff,0xa7,0xff,0xd8,0xff,0x9e,0xff,0xb3,0xff,0xe1,0xff,0xc4,0xff,0xe2,0x00,0x00,
0xff,0xde,0xff,0xde,0x00,0x00,0x00,0x00,0xff,0xc6,0xff,0xf2,0xff,0xdf,0xff,0xe8,0xff,0xdc,0xff,0xe6,
0x00,0x00,0x00,0x00,0xff,0xd5,0xff,0xa1,0x00,0x00,0xff,0xa9,0xff,0xab,0x00,0x00,0x00,0x00,0xff,0xef,
0xff,0xf8,0xff,0xdc,0xff,0xd8,0xff,0xf8,0x00,0x00,0x00,0x00,0x00,0x00,0xff,0xf0,0xff,0x88,0xff,0xe9,
0xff,0xf3,0xff,0xf3,0x00,0x00,0xff,0xcd,0x00,0x00,0xff,0xdc,0xff,0xc6,0xff,0xde,0xff,0xaa,0xff,0xaa,
0xff,0x81,0xff,0xba,0xff,0xdf,0xff,0xb7,0xff,0xbe,0xff,0xc8,0xff,0xda,0xff,0xc5,0xff,0xc2,0xff,0xd4,
0xff,0xf1,0xff,0xab,0xff,0xb1,0xff,0xc5,0xff,0xe7,0xff,0xda,0xff,0xbb,0xff,0xef,0xff,0xae,0xff,0xd5,
0xff,0xa0,0xff,0xde,0x00,0x00,0xff,0xb2,0x00,0x00,0xff,0x81,0xff,0x81,0xff,0x99,0xff,0xd6,0xff,0x81,
0xff,0xa3,0xff,0xe1,0xff,0xbb,0xff,0xe1,0x00,0x00,0xff,0xda,0xff,0xcd,0xff,0x81,0xff,0x81,0xff,0xc2,
0xff,0xef,0xff,0xe0,0xff,0xe5,0xff,0xda,0xff,0xdb,0x00,0x00,0x00,0x00,0xff,0xd0,0xff,0x81,0x00,0x00,
0xff,0x9a,0xff,0x9d,0x00,0x00,0x00,0x00,0xff,0xe2,0xff,0xe6,0xff,0xd8,0xff,0xd4,0xff,0xf0,0x00,0x00,
0x00,0x00,0x00,0x00,0xff,0xf8,0xff,0x81,0xff,0xde,0xff,0xe6,0xff,0xe6,0x00,0x00,0xff,0xb8,0x00,0x00,
0x00,0x06,0x00,0x0f,0x00,0x0a,0x00,0x00,0x00,0x00,0xff,0xf0,0x00,0x00,0x00,0x07,0x00,0x04,0x00,0x06,
0x00,0x00,0x00,0x00,0x00,0x00,0x00,0x00,0x00,0x07,0xff,0xe1,0x00,0x00,0x00,0x00,0x00,0x00,0xff,0xe9,
0xff,0xef,0xff,0xf4,0xff,0xec,0x00,0x00,0x00,0x00,0xff,0xdd,0xff,0xe5,0xff,0xe8,0xff,0xe2,0xff,0xd8,
0xff,0xd7,0xff,0xdd,0xff,0xcb,0xff,0xfa,0xff,0xf5,0xff,0xe7,0x00,0x0b,0xff,0xfa,0xff,0xe5,0xff,0xe7,
0xff,0xe6,0x00,0x13,0xff,0xfc,0xff,0xfb,0x00,0x00,0xff,0xe8,0xff,0xed,0xff,0xf2,0xff,0xd2,0x00,0x00,
0xff,0xd7,0xff,0xfd,0x00,0x00,0x00,0x00,0xff,0xdf,0xff,0xcc,0xff,0xd7,0x00,0x2f,0x00,0x20,0x00,0x00,
0x00,0x00,0xff,0xc9,0xff,0xcc,0x00,0x00,0xff,0xf1,0xff,0xf3,0xff,0xe5,0x00,0x00,0xff,0xdb,0x00,0x00,
0x00,0x00,0x00,0x00,0xff,0xb8,0xff,0xf1,0x00,0x00,0xff,0xe5,0xff,0xe2,0xff,0xe9,0xff,0xde,0xff,0xde,
0xff,0xaf,0xff,0xde,0xff,0xe9,0xff,0xcb,0xff,0xcf,0xff,0xd6,0xff,0xd5,0xff,0xcb,0xff,0xd1,0xff,0xd4,
0xff,0xf8,0xff,0xdd,0xff,0xd4,0xff,0xcb,0xff,0xf1,0xff,0xe8,0xff,0xb4,0xff,0xfe,0xff,0xcc,0xff,0xd2,
0xff,0xd1,0xff,0xe2,0xff,0xc1,0xff,0xc1,0xff,0x81,0xff,0x81,0xff,0xbd,0xff,0xc9,0xff,0xd9,0xff,0xc5,
0xff,0xc4,0xff,0xec,0xff,0xcb,0xff,0xe8,0xff,0xd8,0xff,0xd6,0xff,0xe2,0xff,0x6c,0xff,0xb1,0x00,0x00,
0xff,0xf7,0xff,0xe7,0xff,0xe2,0xff,0xdf,0x00,0x00,0xff,0x0f,0xff,0xdb,0x00,0x00,0x00,0x00,0xff,0xbf,
0xff,0xca,0xff,0xd6,0x00,0x10,0x00,0x10,0x00,0x00,0xff,0xd1,0xff,0xdc,0xff,0xd8,0x00,0x00,0xff,0xd6,
0xff,0xd7,0xff,0xe6,0x00,0x00,0xff,0xa8,0x00,0x00,0x00,0x00,0x00,0x00,0xff,0x2b,0xff,0xb2,0x00,0x00,
0xff,0xf5,0x00,0x00,0xff,0xfb,0xff,0xfd,0xff,0xfc,0xff,0xde,0xff,0xfd,0xff,0xfb,0xff,0xf8,0xff,0xfc,
0xff,0xfe,0xff,0xfd,0xff,0xf6,0xff,0xfb,0x00,0x00,0xff,0xec,0xff,0xfd,0xff,0xfb,0xff,0xf6,0xff,0xef,
0xff,0xea,0xff,0xe6,0xff,0xef,0xff,0xf7,0xff,0xfd,0xff,0xdc,0xff,0xe1,0xff,0xe0,0xff,0xde,0xff,0xc3,
0xff,0xc2,0xff,0xcf,0xff,0xcf,0xff,0xe9,0xff,0xe1,0xff,0xdf,0x00,0x00,0xff,0xeb,0xff,0xe7,0xff,0xe0,
0xff,0xe0,0x00,0x04,0xff,0xe9,0x00,0x00,0x00,0x00,0xff,0xf1,0xff,0xed,0xff,0xe8,0xff,0xdb,0x00,0x00,
0xff,0xc2,0xff,0xea,0x00,0x00,0x00,0x00,0xff,0xcf,0xff,0xcf,0xff,0xdc,0x00,0x22,0x00,0x0f,0x00,0x00,
0xff,0xf8,0xff,0xde,0xff,0xdb,0x00,0x00,0xff,0xe6,0xff,0xe8,0xff,0xe0,0x00,0x00,0xff,0xca,0x00,0x00,
0x00,0x00,0x00,0x00,0xff,0xb5,0xff,0xe5,0x00,0x00,0xff,0xdf,0xff,0xba,0xff,0xe2,0xff,0xd4,0xff,0xd0,
0xff,0xf6,0xff,0xd0,0xff,0xbc,0x00,0x00,0xff,0xd3,0xff,0xe7,0x00,0x00,0xff,0xac,0x00,0x00,0xff,0xd0,
0xff,0x70,0x00,0x00,0xff,0xe3,0xff,0xa9,0xff,0x9c,0xff,0xef,0xff,0xf0,0xff,0x7e,0xff,0xe7,0x00,0x00,
0x00,0x00,0xff,0x81,0xff,0xe8,0xff,0xe3,0xff,0xe4,0xff,0xe2,0xff,0x4c,0xff,0x5c,0xff,0xdf,0xff,0xb3,
0xff,0xd2,0xff,0xe5,0xff,0xbe,0xff,0x8c,0xff,0x86,0xff,0x81,0x00,0x00,0x00,0x00,0xff,0xcf,0x00,0x00,
0xff,0x7c,0xff,0xee,0x00,0x00,0xff,0xc8,0x00,0x00,0xff,0xe2,0xff,0xdf,0x00,0x00,0x00,0x00,0xff,0x51,
0xff,0x5c,0xff,0x64,0x00,0x00,0x00,0x00,0x00,0x00,0x00,0x00,0xff,0xbd,0xff,0xd8,0x00,0x00,0xff,0x9c,
0xff,0x9d,0xff,0x61,0x00,0x00,0xff,0xde,0x00,0x00,0x00,0x00,0x00,0x00,0x00,0x00,0x00,0x00,0x00,0x00,
0xff,0xf1,0xff,0xf4,0xff,0xf5,0xff,0xf8,0xff,0xf8,0xff,0xf6,0xff,0xf8,0xff,0xe8,0xff,0xf2,0xff,0xf0,
0xff,0xf9,0xff,0xee,0xff,0xe7,0xff,0xe7,0xff,0xf5,0xff,0xd3,0xff,0xfb,0xff,0xf7,0xff,0xe7,0xff,0xd5,
0xff,0xe9,0xff,0xea,0xff,0xd0,0xff,0xf7,0xff,0xeb,0xff,0xcf,0xff,0xc4,0xff,0xe1,0xff,0xde,0xff,0xd9,
0xff,0xda,0xff,0xc7,0xff,0xc3,0xff,0xe5,0xff,0xdb,0xff,0xe0,0xff,0xf7,0xff,0xe2,0xff,0xca,0xff,0xc3,
0xff,0xc4,0x00,0x00,0x00,0x00,0xff,0xe1,0x00,0x00,0xff,0xd6,0xff,0xf6,0xff,0xcd,0xff,0xd4,0x00,0x00,
0xff,0xda,0xff,0xe7,0x00,0x00,0x00,0x00,0xff,0xc9,0xff,0xc3,0xff,0xcf,0x00,0x00,0x00,0x00,0x00,0x00,
0xff,0xdd,0xff,0xc6,0xff,0xdd,0x00,0x00,0xff,0xce,0xff,0xcf,0xff,0xc3,0x00,0x00,0xff,0xdc,0x00,0x00,
0x00,0x00,0x00,0x00,0xff,0xdb,0xff,0xf5,0x00,0x00,0xff,0xf6,0xff,0xf9,0xff,0xf5,0xff,0xe2,0xff,0xe2,
0xff,0xb1,0xff,0xe6,0xff,0xfb,0xff,0xe9,0xff,0xec,0xff,0xe9,0x00,0x00,0x00,0x00,0x00,0x00,0xff,0xf3,
0xff,0xe2,0xff,0xe2,0xff,0xe9,0x00,0x00,0xff,0xec,0xff,0xd3,0xff,0xee,0xff,0xdf,0xff,0xe4,0x00,0x00,
0xff,0xe3,0xff,0xef,0xff,0xeb,0xff,0xe6,0xff,0x81,0xff,0x81,0xff,0xb6,0xff,0xcf,0xff,0xea,0xff,0xbe,
0xff,0xdc,0xff,0xf6,0xff,0xe2,0xff,0xeb,0xff,0xee,0xff,0xef,0xff,0xfb,0xff,0x7c,0xff,0xa6,0x00,0x00,
0xff,0xee,0xff,0xd1,0xff,0xfb,0xff,0xc3,0x00,0x00,0xfe,0xfe,0xff,0xeb,0x00,0x00,0x00,0x00,0xff,0xb7,
0xff,0xd0,0xff,0xdc,0x00,0x33,0x00,0x06,0x00,0x00,0x00,0x00,0xff,0xbe,0xff,0xbd,0x00,0x00,0xff,0xfc,
0xff,0xfd,0xff,0xee,0x00,0x00,0xff,0xab,0x00,0x00,0x00,0x00,0x00,0x00,0xff,0x2b,0xff,0xeb,0x00,0x00,
0x00,0x06,0x00,0x08,0x00,0x0b,0x00,0x10,0x00,0x0e,0x00,0x00,0x00,0x0e,0x00,0x00,0x00,0x0b,0x00,0x0d,
0x00,0x07,0x00,0x00,0xff,0xfd,0x00,0x00,0x00,0x00,0xff,0xc7,0x00,0x16,0x00,0x06,0x00,0x00,0xff,0xdc,
0x00,0x00,0x00,0x00,0xff,0xcc,0x00,0x00,0x00,0x00,0xff,0xed,0xff,0xd7,0xff,0xfc,0xff,0xfa,0xff,0xf5,
0xff,0xf2,0xff,0xdc,0xff,0xe1,0x00,0x00,0xff,0xee,0xff,0xfd,0x00,0x10,0x00,0x00,0xff,0xcf,0xff,0xd8,
0xff,0xd6,0x00,0x0e,0x00,0x0d,0xff,0xed,0x00,0x00,0xff,0xd9,0x00,0x00,0xff,0xe3,0xff,0xe5,0x00,0x00,
0xff,0xf2,0x00,0x00,0x00,0x00,0x00,0x00,0xff,0xdd,0xff,0xe1,0xff,0xed,0x00,0x1d,0x00,0x0f,0x00,0x00,
0xff,0xf6,0xff,0xdc,0xff,0xf3,0x00,0x00,0xff,0xe8,0xff,0xea,0xff,0xd8,0x00,0x00,0xff,0xf6,0x00,0x00,
0x00,0x00,0x00,0x00,0xff,0xee,0x00,0x00,0x00,0x00,0xff,0xed,0xff,0xd9,0xff,0xef,0xff,0xbb,0xff,0xb9,
0xff,0x98,0xff,0xda,0xff,0xf1,0xff,0xcc,0xff,0xc2,0x00,0x00,0xff,0xe4,0xff,0xde,0xff,0xd7,0xff,0xde,
0x00,0x00,0xff,0xba,0xff,0xbc,0xff,0xdd,0xff,0xf7,0xff,0xee,0x00,0x00,0xff,0xfe,0xff,0xb8,0xff,0xe4,
0xff,0xb6,0xff,0xf1,0xff,0xbd,0xff,0xbb,0xff,0x81,0xff,0x81,0xff,0xa4,0xff,0xae,0xff,0xe3,0xff,0xaa,
0xff,0xb5,0xff,0xf1,0xff,0xc1,0xff,0xf2,0xff,0xe5,0xff,0xe5,0xff,0xdf,0xff,0x99,0xff,0xa2,0x00,0x00,
0x00,0x00,0xff,0xf4,0xff,0xf0,0xff,0xe9,0x00,0x00,0xff,0x65,0xff,0xe5,0x00,0x00,0x00,0x00,0xff,0xa5,
0xff,0xaf,0xff,0xb5,0x00,0x24,0x00,0x24,0x00,0x00,0xff,0xee,0xff,0xe4,0xff,0xe2,0x00,0x00,0xff,0xe5,
0xff,0xe7,0xff,0xf1,0x00,0x00,0xff,0x80,0x00,0x00,0x00,0x00,0x00,0x00,0xff,0x74,0xff,0xc2,0x00,0x00,
0xff,0xf1,0xff,0xcc,0xff,0xf4,0xff,0xd2,0xff,0xd0,0xff,0xf6,0xff,0xd8,0xff,0xed,0xff,0xe9,0xff,0xd2,
0xff,0xe8,0xff,0xd7,0xff,0xc2,0xff,0xc4,0xff,0xe3,0x00,0x00,0xff,0xe4,0xff,0xdf,0xff,0xc2,0xff,0xfe,
0xff,0xf8,0xff,0xed,0xff,0xfd,0xff,0xe3,0xff,0xd1,0xff,0x9b,0xff,0xe9,0xff,0xe3,0xff,0xe0,0xff,0xdc,
0xff,0xde,0xff,0xa3,0xff,0x85,0xff,0xe7,0xff,0xb4,0xff,0xd2,0xff,0xf6,0xff,0xc3,0xff,0xeb,0xff,0xdc,
0xff,0xdb,0xff,0xd7,0x00,0x00,0xff,0xcb,0x00,0x00,0xff,0xfc,0xff,0xee,0xff,0xe4,0xff,0xf1,0x00,0x00,
0xff,0xde,0xff,0xe6,0x00,0x00,0x00,0x00,0xff,0xa4,0xff,0x89,0xff,0x99,0x00,0x0d,0x00,0x19,0x00,0x00,
0xff,0xdc,0xff,0xe8,0xff,0xec,0x00,0x00,0xff,0xd5,0xff,0xd6,0xff,0xea,0x00,0x00,0xff,0xe0,0x00,0x00,
0x00,0x00,0x00,0x00,0xff,0xe5,0xff,0xf4,0x00,0x00,0xff,0xd3,0xff,0xd4,0xff,0xd0,0xff,0xb6,0xff,0xb5,
0xff,0x9b,0x00,0x00,0xff,0xd5,0x00,0x00,0xff,0xcb,0x00,0x00,0xff,0xf0,0xff,0xe3,0xff,0xdd,0xff,0xd7,
0xff,0xbc,0xff,0xb6,0xff,0xbe,0xff,0xe3,0xff,0xc8,0xff,0xb2,0xff,0xcc,0xff,0xbd,0xff,0xba,0xff,0xf0,
0x00,0x00,0x00,0x00,0x00,0x00,0x00,0x00,0x00,0x00,0x00,0x00,0x00,0x00,0x00,0x00,0x00,0x00,0x00,0x00,
0x00,0x00,0xff,0xd3,0x00,0x00,0x00,0x00,0x00,0x00,0x00,0x00,0x00,0x00,0xff,0x5d,0xff,0x06,0xff,0xc3,
0xff,0xc7,0xff,0xb4,0x00,0x00,0x00,0x00,0x00,0x00,0x00,0x00,0x00,0x00,0x00,0x00,0x00,0x00,0x00,0x00,
0x00,0x00,0x00,0x00,0x00,0x00,0x00,0x00,0x00,0x00,0x00,0x00,0x00,0x00,0x00,0x00,0x00,0x00,0x00,0x00,
0x00,0x00,0x00,0x00,0x00,0x00,0x00,0x00,0x00,0x00,0x00,0x00,0x00,0x00,0x00,0x00,0xff,0xcd,0x00,0x00,
0xff,0xd2,0xff,0xe8,0xff,0xd6,0xff,0xe4,0xff,0xe5,0xff,0xb0,0xff,0xe5,0xff,0xd6,0x00,0x00,0xff,0xda,
0x00,0x00,0xff,0xdf,0xff,0xe0,0xff,0xe0,0xff,0xc0,0xff,0x9e,0xff,0xe4,0xff,0xe0,0xff,0xde,0xff,0xb8,
0xff,0x94,0xff,0xc3,0xff,0x69,0xff,0xdd,0xff,0xdf,0x00,0x00,0xff,0xab,0xff,0xd6,0xff,0xd5,0xff,0x81,
0xff,0x81,0x00,0x00,0x00,0x00,0xff,0xc8,0xff,0xc2,0xff,0xd6,0xff,0xd9,0xff,0xd5,0xff,0xac,0xff,0xaa,
0xff,0xad,0xff,0xe9,0xff,0x5f,0xff,0xae,0xff,0xc9,0xff,0xb4,0xff,0x95,0xff,0xb3,0xff,0x89,0xff,0xcf,
0x00,0x00,0x00,0x00,0xff,0xd4,0xff,0xc3,0xff,0xbe,0xff,0xd5,0xff,0xe0,0x00,0x00,0x00,0x00,0xff,0xde,
0xff,0xaf,0xff,0x8a,0xff,0x82,0x00,0x00,0x00,0x00,0x00,0x00,0x00,0x00,0xff,0x82,0xff,0xab,0xff,0xb6,
0xff,0xad,0xff,0xb1,0x00,0x00,0xff,0xbd,0x00,0x00,0xff,0xe4,0xff,0xe3,0xff,0xeb,0xff,0xbc,0xff,0xbb,
0xff,0x9d,0x00,0x00,0xff,0xe8,0x00,0x00,0xff,0xd5,0x00,0x00,0x00,0x00,0xff,0xf4,0xff,0xe9,0xff,0xe7,
0xff,0xee,0xff,0xbc,0xff,0xc4,0xff,0xf4,0xff,0xea,0xff,0xdb,0xff,0xdb,0xff,0xf0,0xff,0xc0,0x00,0x00,
0x00,0x00,0xff,0xe7,0xff,0xcb,0xff,0xc5,0xff,0x81,0xff,0x81,0xff,0x76,0xff,0xac,0xff,0xdd,0xff,0xa4,
0xff,0xb7,0xff,0xee,0xff,0xcc,0xff,0xe8,0xff,0xeb,0xff,0xe7,0xff,0xe7,0xff,0x6e,0xff,0x34,0xff,0xcd,
0xff,0xf0,0xff,0xdb,0xff,0xf3,0xff,0xd4,0xff,0xef,0x00,0x00,0x00,0x00,0xff,0xdc,0xff,0xa6,0xff,0x7f,
0xff,0xad,0xff,0xb1,0x00,0x00,0x00,0x00,0xff,0xf9,0xff,0xfc,0xff,0xd3,0xff,0xd1,0x00,0x00,0x00,0x00,
0x00,0x00,0x00,0x00,0xff,0xfc,0xff,0x98,0xff,0xed,0xff,0xfd,0xff,0xfc,0x00,0x00,0xff,0xda,0x00,0x00,
0xff,0xd9,0xff,0xc3,0xff,0xe5,0xff,0xc4,0xff,0xc4,0xff,0xd7,0x00,0x00,0xff,0xdb,0x00,0x00,0xff,0xc0,
0x00,0x00,0xff,0xc4,0xff,0xbf,0xff,0xbe,0xff,0xcd,0xff,0xf1,0xff,0xe8,0xff,0xc2,0xff,0xd3,0xff,0xe7,
0xff,0xe2,0xff,0xd0,0xff,0xeb,0xff,0xc7,0xff,0xc2,0x00,0x00,0x00,0x00,0x00,0x00,0x00,0x00,0x00,0x00,
0x00,0x00,0x00,0x00,0x00,0x00,0x00,0x00,0x00,0x00,0x00,0x00,0xff,0xe8,0x00,0x00,0x00,0x00,0x00,0x00,
0x00,0x00,0x00,0x00,0xff,0xd9,0xff,0xb3,0xff,0xd4,0xff,0xec,0xff,0xea,0x00,0x00,0x00,0x00,0x00,0x00,
0x00,0x00,0x00,0x00,0x00,0x00,0x00,0x00,0x00,0x00,0x00,0x00,0x00,0x00,0x00,0x00,0x00,0x00,0x00,0x00,
0x00,0x00,0x00,0x00,0x00,0x00,0x00,0x00,0x00,0x00,0x00,0x00,0x00,0x00,0x00,0x00,0x00,0x00,0x00,0x00,
0x00,0x00,0x00,0x00,0x00,0x00,0xff,0xd4,0x00,0x00,0xff,0xd8,0xff,0xaf,0xff,0xe4,0xff,0xb0,0xff,0xae,
0xff,0xd0,0xff,0xc4,0xff,0xdb,0xff,0xc6,0xff,0xb2,0xff,0xd2,0xff,0xbc,0xff,0xbe,0xff,0xa8,0xff,0xc7,
0xff,0xec,0xff,0xe2,0xff,0xbe,0xff,0xd2,0xff,0xe2,0xff,0xe1,0xff,0xc6,0xff,0xea,0xff,0xba,0xff,0xb8,
0xff,0x89,0xff,0xdd,0xff,0xbd,0xff,0xbe,0xff,0xbc,0xff,0xbd,0xff,0x80,0x00,0x00,0xff,0xd6,0xff,0x99,
0xff,0xab,0xff,0xe7,0xff,0xad,0xff,0xdf,0xff,0xcb,0xff,0xc8,0xff,0xb9,0xff,0xd3,0xff,0xa9,0xff,0xd4,
0xff,0xe9,0xff,0xe8,0xff,0xd4,0xff,0xf1,0xff,0xcd,0xff,0xbd,0x00,0x00,0xff,0xca,0xff,0xa1,0xff,0x80,
0x00,0x00,0xff,0x92,0x00,0x00,0x00,0x00,0xff,0xd1,0xff,0xb4,0xff,0xec,0x00,0x00,0xff,0xe3,0x00,0x00,
0x00,0x00,0x00,0x00,0xff,0xf4,0xff,0xd9,0xff,0xcc,0xff,0xd5,0xff,0xdd,0x00,0x00,0xff,0xd2,0x00,0x00,
0xff,0xda,0xff,0xb4,0x00,0x00,0x00,0x00,0x00,0x00,0xff,0xe7,0x00,0x00,0xff,0xdb,0x00,0x00,0x00,0x00,
0x00,0x00,0x00,0x00,0x00,0x00,0x00,0x00,0xff,0xc6,0xff,0xec,0x00,0x00,0x00,0x00,0x00,0x00,0xff,0xe1,
0xff,0xe1,0x00,0x00,0xff,0xeb,0x00,0x00,0x00,0x00,0x00,0x00,0x00,0x00,0x00,0x00,0x00,0x00,0x00,0x00,
0x00,0x00,0x00,0x00,0x00,0x00,0x00,0x00,0x00,0x00,0x00,0x00,0x00,0x00,0x00,0x00,0x00,0x00,0x00,0x00,
0x00,0x00,0x00,0x00,0xff,0xec,0xff,0xb9,0xff,0xdd,0xff,0xe8,0xff,0xea,0x00,0x00,0x00,0x00,0x00,0x00,
0x00,0x00,0x00,0x00,0x00,0x00,0x00,0x00,0x00,0x00,0x00,0x00,0x00,0x00,0x00,0x00,0x00,0x00,0x00,0x00,
0x00,0x00,0x00,0x00,0x00,0x00,0x00,0x00,0x00,0x00,0x00,0x00,0x00,0x00,0x00,0x00,0x00,0x00,0x00,0x00,
0x00,0x00,0x00,0x00,0x00,0x00,0x00,0x00,0x00,0x00,0x00,0x00,0x00,0x00,0x00,0x00,0x00,0x00,0x00,0x00,
0x00,0x00,0x00,0x00,0x00,0x00,0x00,0x00,0x00,0x00,0x00,0x00,0x00,0x00,0xff,0xe2,0x00,0x00,0x00,0x00,
0xff,0x81,0x00,0x00,0x00,0x00,0x00,0x00,0x00,0x00,0x00,0x00,0x00,0x00,0x00,0x00,0x00,0x00,0x00,0x00,
0x00,0x00,0xff,0x81,0x00,0x00,0x00,0x00,0x00,0x00,0x00,0x00,0xff,0x98,0xff,0x81,0x00,0x00,0xff,0xb2,
0xff,0xcb,0x00,0x00,0x00,0x00,0x00,0x00,0x00,0x00,0xff,0x81,0xff,0xba,0x00,0x00,0x00,0x00,0x00,0x00,
0x00,0x00,0x00,0x00,0xff,0x81,0xff,0xd7,0xff,0xd4,0x00,0x00,0x00,0x00,0xff,0xcf,0xff,0xb8,0xff,0x99,
0xff,0x81,0xff,0x81,0x00,0x00,0x00,0x00,0xff,0xc9,0xff,0x92,0xff,0xd3,0xff,0xd7,0x00,0x00,0x00,0x00,
0x00,0x00,0x00,0x00,0xff,0xb0,0x00,0x00,0xff,0xcf,0xff,0xed,0xff,0xee,0x00,0x00,0x00,0x00,0x00,0x00,
0x00,0x00,0x00,0x00,0x00,0x00,0x00,0x00,0x00,0x00,0x00,0x00,0x00,0x00,0x00,0x00,0x00,0x00,0x00,0x00,
0x00,0x00,0x00,0x00,0x00,0x00,0x00,0x00,0x00,0x00,0x00,0x00,0x00,0x00,0x00,0x00,0x00,0x00,0x00,0x00,
0x00,0x00,0x00,0x00,0x00,0x00,0x00,0x00,0x00,0x00,0x00,0x00,0xff,0xea,0xff,0xc7,0xff,0xc2,0xff,0x81,
0xff,0x81,0xff,0x75,0xff,0xad,0xff,0xdf,0x00,0x00,0xff,0xb7,0x00,0x00,0x00,0x00,0xff,0xed,0xff,0xec,
0xff,0xec,0xff,0xe2,0x00,0x00,0x00,0x00,0x00,0x00,0x00,0x00,0x00,0x00,0xff,0xf6,0xff,0xd2,0xff,0xed,
0x00,0x00,0x00,0x00,0xff,0xdc,0xff,0xa3,0xff,0x83,0xff,0xae,0xff,0xb2,0x00,0x00,0x00,0x00,0xff,0xf5,
0xff,0xfb,0xff,0xd1,0xff,0xcc,0x00,0x00,0x00,0x00,0x00,0x00,0x00,0x00,0xff,0xf6,0xff,0x8f,0xff,0xf0,
0xff,0xf9,0xff,0xf9,0x00,0x00,0x00,0x00,0x00,0x00,0x00,0x00,0x00,0x00,0x00,0x00,0x00,0x00,0x00,0x00,
0x00,0x00,0x00,0x00,0x00,0x00,0x00,0x00,0x00,0x00,0x00,0x00,0x00,0x00,0x00,0x00,0x00,0x00,0x00,0x00,
0x00,0x00,0x00,0x00,0x00,0x00,0x00,0x00,0x00,0x00,0x00,0x00,0x00,0x00,0x00,0x00,0x00,0x00,0x00,0x00,
0xff,0xdb,0xff,0xe3,0xff,0xe3,0xff,0xdf,0xff,0xd7,0xff,0xd7,0xff,0xdc,0xff,0xc8,0xff,0xf3,0xff,0xf0,
0xff,0xe3,0x00,0x00,0xff,0xf6,0xff,0xe1,0xff,0xe4,0xff,0xe4,0x00,0x0f,0x00,0x00,0x00,0x00,0x00,0x00,
0x00,0x00,0x00,0x00,0xff,0xf0,0xff,0xce,0x00,0x18,0xff,0xd2,0x00,0x00,0x00,0x00,0x00,0x00,0xff,0xde,
0xff,0xca,0xff,0xd5,0x00,0x00,0x00,0x00,0x00,0x12,0xff,0xfe,0xff,0xc6,0xff,0xc8,0x00,0x00,0x00,0x00,
0x00,0x00,0x00,0x00,0xff,0xf2,0xff,0xd6,0x00,0x00,0x00,0x00,0x00,0x10,0x00,0x00,0x00,0x00,0x00,0x00,
0xff,0xfd,0xff,0xfe,0xff,0xf9,0xff,0xee,0xff,0xec,0xff,0xc9,0xff,0xec,0x00,0x00,0xff,0xf2,0xff,0xf6,
0xff,0xf1,0x00,0x0d,0x00,0x05,0x00,0x00,0xff,0xf7,0x00,0x0b,0xff,0xee,0xff,0xf5,0x00,0x05,0x00,0x00,
0xff,0xfd,0xff,0xfc,0x00,0x00,0xff,0xf1,0x00,0x0d,0xff,0xdd,0x00,0x00,0xff,0xf2,0xff,0xed,0xff,0xb5,
0xff,0xb5,0xff,0xb5,0x00,0x00,0xff,0xf5,0xff,0xc0,0xff,0xe2,0xff,0xfb,0xff,0xea,0x00,0x00,0xff,0xf6,
0xff,0xf6,0x00,0x00,0xff,0xca,0xff,0xb9,0x00,0x00,0x00,0x00,0x00,0x00,0x00,0x00,0xff,0xfb,0x00,0x00,
0xff,0xb5,0xff,0xf5,0x00,0x00,0x00,0x00,0xff,0xb5,0x00,0x00,0xff,0xd7,0x00,0x28,0x00,0x28,0x00,0x00,
0x00,0x00,0xff,0xf7,0x00,0x00,0x00,0x00,0xff,0xf0,0x00,0x18,0xff,0xfe,0x00,0x00,0xff,0xb7,0x00,0x00,
0x00,0x00,0x00,0x00,0xff,0xb7,0xff,0xfd,0x00,0x00,0x00,0x00,0x00,0x00,0x00,0x00,0x00,0x00,0x00,0x00,
0x00,0x00,0x00,0x00,0x00,0x00,0x00,0x00,0x00,0x00,0x00,0x00,0x00,0x00,0x00,0x00,0x00,0x00,0x00,0x00,
0x00,0x00,0x00,0x00,0x00,0x00,0x00,0x00,0x00,0x00,0x00,0x00,0x00,0x00,0x00,0x00,0x00,0x00,0x00,0x00,
0xff,0xe5,0xff,0xd9,0xff,0xe0,0xff,0xda,0xff,0xd6,0xff,0xd5,0xff,0xe2,0xff,0xd7,0xff,0xee,0xff,0xf4,
0xff,0xe5,0x00,0x00,0xff,0xf5,0xff,0xd9,0xff,0xcf,0xff,0xd0,0x00,0x00,0x00,0x00,0x00,0x00,0x00,0x00,
0x00,0x00,0x00,0x00,0xff,0xd8,0xff,0xdb,0x00,0x00,0xff,0xd0,0x00,0x00,0xff,0xfe,0x00,0x00,0xff,0xe5,
0xff,0xd8,0xff,0xe1,0x00,0x00,0x00,0x00,0x00,0x00,0xff,0xdb,0xff,0xdc,0xff,0xdc,0xff,0xec,0x00,0x00,
0x00,0x00,0x00,0x00,0xff,0xf9,0xff,0xd5,0x00,0x00,0xff,0xf0,0x00,0x00,0x00,0x00,0x00,0x00,0x00,0x00,
0x00,0x00,0x00,0x00,0x00,0x00,0x00,0x00,0x00,0x00,0x00,0x00,0x00,0x00,0x00,0x00,0x00,0x00,0x00,0x00,
0x00,0x00,0x00,0x00,0x00,0x00,0x00,0x00,0x00,0x00,0x00,0x00,0x00,0x00,0x00,0x00,0x00,0x00,0x00,0x00,
0x00,0x00,0x00,0x00,0x00,0x00,0x00,0x00,0x00,0x00,0xff,0xcf,0xff,0xc7,0xff,0xdd,0xff,0xd8,0xff,0xd5,
0xff,0xc9,0xff,0xdc,0xff,0xbf,0xff,0xe6,0xff,0xf7,0xff,0xde,0x00,0x00,0xff,0xed,0xff,0xcc,0xff,0xc6,
0xff,0xc6,0x00,0x00,0x00,0x00,0x00,0x00,0x00,0x00,0x00,0x00,0x00,0x00,0xff,0xce,0xff,0xc2,0x00,0x00,
0xff,0xc8,0x00,0x00,0x00,0x00,0x00,0x00,0xff,0xdd,0xff,0xc5,0xff,0xcc,0x00,0x00,0x00,0x00,0x00,0x00,
0xff,0xdc,0xff,0xc5,0xff,0xc6,0xff,0xe7,0x00,0x00,0x00,0x00,0x00,0x00,0xff,0xdf,0xff,0xd3,0x00,0x00,
0xff,0xf0,0x00,0x00,0x00,0x00,0x00,0x00,0x00,0x00,0xff,0xcb,0xff,0xdf,0xff,0xcf,0xff,0xe6,0xff,0xe7,
0xff,0xb9,0xff,0xe7,0xff,0xcf,0xff,0xcf,0xff,0xd3,0xff,0xcc,0xff,0xbd,0xff,0xc1,0xff,0xc8,0xff,0xcf,
0xff,0x5f,0xff,0xe6,0xff,0xcc,0xff,0xbf,0xff,0xac,0xff,0xab,0xff,0xac,0xff,0x5c,0xff,0xcc,0xff,0xbd,
0xff,0xbe,0xff,0x81,0xff,0xb4,0xff,0xb2,0xff,0x9c,0xff,0x9a,0x00,0x00,0x00,0x00,0xff,0xc2,0xff,0xd7,
0xff,0xb5,0xff,0xd2,0xff,0xce,0x00,0x00,0xff,0x86,0xff,0x81,0xff,0xe0,0xff,0x94,0xff,0xc7,0xff,0xc9,
0xff,0xa5,0xff,0xa4,0xff,0x7f,0xff,0x80,0xff,0xde,0x00,0x00,0x00,0x00,0xff,0xcd,0xff,0xe0,0xff,0xcf,
0x00,0x00,0xff,0xc2,0x00,0x00,0x00,0x00,0xff,0xc9,0xff,0x8e,0xff,0x7d,0x00,0x00,0x00,0x00,0x00,0x00,
0x00,0x00,0x00,0x00,0xff,0x9d,0xff,0xb1,0xff,0xcd,0xff,0xa5,0xff,0xba,0x00,0x00,0xff,0xa9,0x00,0x00,
0xff,0xcb,0xff,0xe1,0x00,0x00,0x00,0x00,0x00,0x00,0xff,0xae,0x00,0x00,0xff,0xcf,0x00,0x00,0x00,0x00,
0x00,0x00,0x00,0x00,0x00,0x00,0x00,0x00,0xff,0xb8,0xff,0x97,0x00,0x00,0x00,0x00,0x00,0x00,0xff,0xb4,
0xff,0x9a,0x00,0x00,0xff,0x5c,0x00,0x00,0x00,0x00,0xff,0xda,0xff,0xa5,0x00,0x00,0x00,0x00,0xff,0x81,
0xff,0x81,0x00,0x00,0x00,0x00,0xff,0xc3,0xff,0xc5,0xff,0xcd,0x00,0x00,0xff,0xcf,0xff,0xa6,0xff,0xa5,
0xff,0xa7,0xff,0xe2,0xff,0x59,0xff,0xac,0xff,0xc3,0xff,0xaf,0xff,0x87,0xff,0xad,0x00,0x00,0xff,0xca,
0x00,0x00,0x00,0x00,0xff,0xcd,0xff,0xc3,0x00,0x00,0xff,0xcf,0x00,0x00,0x00,0x00,0x00,0x00,0xff,0xd4,
0xff,0xaa,0x00,0x00,0xff,0x79,0x00,0x00,0x00,0x00,0x00,0x00,0x00,0x00,0xff,0x85,0xff,0xa9,0xff,0xae,
0xff,0xa8,0xff,0xb1,0x00,0x00,0x00,0x00,0x00,0x00,0xff,0xf8,0x00,0x00,0xff,0xfd,0xff,0xfe,0xff,0xfe,
0xff,0xef,0xff,0xfe,0x00,0x00,0xff,0xfc,0x00,0x00,0xff,0xfe,0xff,0xfe,0xff,0xf9,0xff,0xfd,0xff,0xfd,
0xff,0xf5,0xff,0xfe,0x00,0x00,0xff,0xf8,0xff,0xee,0xff,0xf2,0xff,0xf2,0xff,0xf4,0xff,0xfd,0xff,0xfe,
0xff,0xde,0xff,0xe4,0x00,0x00,0xff,0xe9,0x00,0x00,0xff,0xd6,0xff,0xd1,0x00,0x00,0x00,0x00,0xff,0xe4,
0xff,0xe3,0x00,0x00,0xff,0xee,0xff,0xe5,0x00,0x00,0xff,0xdf,0x00,0x07,0xff,0xfb,0xff,0xe1,0x00,0x00,
0xff,0xf1,0xff,0xee,0xff,0xee,0xff,0xe7,0x00,0x00,0xff,0xd6,0xff,0xf1,0x00,0x00,0x00,0x00,0xff,0xd2,
0x00,0x00,0xff,0xde,0x00,0x00,0x00,0x00,0x00,0x00,0xff,0xf0,0xff,0xdf,0x00,0x00,0x00,0x00,0x00,0x00,
0xff,0xe8,0x00,0x00,0x00,0x00,0xff,0xdb,0x00,0x00,0x00,0x00,0x00,0x00,0xff,0xd9,0xff,0xf0,0x00,0x00,
0xff,0xd8,0xff,0xee,0xff,0xdc,0xff,0xe6,0xff,0xe7,0xff,0xb4,0xff,0xe7,0xff,0xdc,0xff,0xdc,0xff,0xdf,
0xff,0xdd,0xff,0xde,0xff,0xe1,0xff,0xe4,0xff,0xbd,0xff,0x9e,0xff,0xe6,0xff,0xe6,0xff,0xde,0xff,0xba,
0xff,0x9f,0xff,0xbf,0xff,0x6d,0xff,0xdd,0xff,0xde,0xff,0xe2,0xff,0xa7,0xff,0xd6,0xff,0xd4,0xff,0x81,
0xff,0x81,0x00,0x00,0x00,0x00,0xff,0xce,0xff,0xce,0xff,0xd6,0xff,0xdf,0xff,0xdb,0xff,0xa9,0xff,0xa7,
0xff,0xa9,0xff,0xee,0xff,0x63,0xff,0xae,0xff,0xcf,0xff,0xb5,0xff,0x98,0xff,0xb1,0xff,0x92,0xff,0xd5,
0x00,0x00,0x00,0x00,0xff,0xd9,0xff,0xcc,0xff,0xc2,0x00,0x00,0xff,0xe8,0x00,0x00,0x00,0x00,0xff,0xde,
0xff,0xaa,0xff,0x89,0x00,0x00,0x00,0x00,0x00,0x00,0x00,0x00,0x00,0x00,0xff,0x98,0xff,0xaf,0xff,0xaf,
0xff,0xa8,0xff,0xb4,0x00,0x00,0xff,0xbc,0x00,0x00,0x00,0x00,0x00,0x00,0x00,0x00,0x00,0x00,0x00,0x00,
0x00,0x00,0x00,0x00,0x00,0x00,0x00,0x00,0x00,0x00,0x00,0x00,0x00,0x00,0x00,0x00,0x00,0x00,0x00,0x00,
0x00,0x00,0x00,0x00,0x00,0x00,0x00,0x00,0x00,0x00,0x00,0x00,0x00,0x00,0x00,0x00,0x00,0x00,0x00,0x00,
0xff,0xd8,0xff,0xdd,0xff,0xe9,0xff,0xe1,0xff,0xd1,0xff,0xd1,0xff,0xcb,0xff,0xcb,0xff,0xe7,0xff,0xde,
0xff,0xdd,0x00,0x00,0xff,0xe7,0xff,0xe3,0xff,0xdc,0xff,0xdd,0x00,0x00,0x00,0x00,0x00,0x00,0x00,0x00,
0x00,0x00,0x00,0x00,0xff,0xe4,0xff,0xd8,0x00,0x00,0xff,0xd0,0x00,0x00,0xff,0xf5,0xff,0xee,0xff,0xcb,
0xff,0xcb,0xff,0xd8,0x00,0x00,0x00,0x00,0x00,0x05,0xff,0xf4,0xff,0xdb,0xff,0xda,0x00,0x00,0x00,0x00,
0x00,0x00,0x00,0x00,0xff,0xf6,0xff,0xd5,0xff,0xfc,0x00,0x00,0x00,0x00,0x00,0x00,0x00,0x00,0x00,0x00,
0x00,0x00,0x00,0x00,0x00,0x00,0x00,0x00,0x00,0x00,0x00,0x00,0x00,0x00,0x00,0x00,0x00,0x00,0x00,0x00,
0x00,0x00,0x00,0x00,0x00,0x00,0x00,0x00,0x00,0x00,0x00,0x00,0x00,0x00,0x00,0x00,0x00,0x00,0x00,0x00,
0x00,0x00,0x00,0x00,0x00,0x00,0x00,0x00,0x00,0x00,0x00,0x00,0x00,0x00,0x00,0x00,0x00,0x00,0xff,0x81,
0xff,0x81,0x00,0x00,0x00,0x00,0x00,0x00,0x00,0x00,0x00,0x00,0x00,0x00,0x00,0x00,0x00,0x00,0x00,0x00,
0x00,0x00,0x00,0x00,0x00,0x00,0x00,0x00,0x00,0x00,0x00,0x00,0x00,0x00,0x00,0x00,0x00,0x00,0x00,0x00,
0x00,0x00,0x00,0x00,0x00,0x00,0x00,0x00,0x00,0x00,0x00,0x00,0x00,0x00,0x00,0x00,0x00,0x00,0x00,0x00,
0x00,0x00,0x00,0x00,0x00,0x00,0x00,0x00,0x00,0x00,0x00,0x00,0x00,0x00,0x00,0x00,0x00,0x00,0x00,0x00,
0x00,0x00,0x00,0x00,0x00,0x00,0x00,0x00,0x00,0x00,0x00,0x00,0x00,0x00,0x00,0x00,0x00,0x00,0x00,0x00,
0x00,0x00,0x00,0x00,0x00,0x00,0x00,0x00,0x00,0x00,0x00,0x00,0x00,0x00,0x00,0x00,0x00,0x00,0x00,0x00,
0x00,0x00,0x00,0x00,0x00,0x00,0x00,0x00,0x00,0x00,0x00,0x00,0x00,0x00,0x00,0x00,0x00,0x00,0x00,0x00,
0x00,0x00,0x00,0x00,0x00,0x00,0x00,0x00,0xff,0x81,0xff,0x81,0x00,0x00,0x00,0x00,0x00,0x00,0x00,0x00,
0x00,0x00,0x00,0x00,0x00,0x00,0x00,0x00,0x00,0x00,0x00,0x00,0x00,0x00,0x00,0x00,0x00,0x00,0x00,0x00,
0x00,0x00,0x00,0x00,0x00,0x00,0x00,0x00,0x00,0x00,0x00,0x00,0x00,0x00,0x00,0x00,0x00,0x00,0x00,0x00,
0x00,0x00,0x00,0x00,0x00,0x00,0x00,0x00,0x00,0x00,0x00,0x00,0x00,0x00,0x00,0x00,0x00,0x00,0x00,0x00,
0x00,0x00,0x00,0x00,0x00,0x00,0x00,0x00,0x00,0x00,0x00,0x00,0x00,0x00,0x00,0x00,0x00,0x00,0x00,0x00,
0xff,0xdc,0xff,0xad,0xff,0xe1,0xff,0xae,0xff,0xac,0xff,0xc7,0xff,0xc0,0xff,0xde,0xff,0xbd,0xff,0xad,
0xff,0xcd,0xff,0xb7,0xff,0xb2,0xff,0xaf,0xff,0xc0,0xff,0xe6,0xff,0xdd,0xff,0xb3,0xff,0xcf,0xff,0xe5,
0xff,0xe2,0xff,0xc0,0xff,0xe6,0xff,0xb6,0xff,0xb3,0xff,0x8a,0xff,0xe0,0xff,0xb7,0xff,0xb9,0xff,0xb5,
0xff,0xb8,0xff,0x7c,0x00,0x00,0xff,0xda,0xff,0x8c,0xff,0xab,0xff,0xe0,0xff,0xa5,0xff,0xe2,0xff,0xcc,
0xff,0xcb,0xff,0xb6,0xff,0xcc,0xff,0xa8,0xff,0xc4,0xff,0xe5,0xff,0xe4,0xff,0xd3,0xff,0xec,0xff,0xc7,
0xff,0xb8,0x00,0x00,0xff,0xcb,0xff,0xaa,0xff,0x7d,0x00,0x00,0xff,0x89,0x00,0x00,0x00,0x00,0xff,0xca,
0xff,0xbd,0xff,0xec,0x00,0x00,0xff,0xda,0x00,0x00,0x00,0x00,0x00,0x00,0xff,0xf1,0xff,0xd5,0xff,0xc4,
0xff,0xd2,0xff,0xd3,0x00,0x00,0xff,0xc7,0x00,0x00,0xff,0xda,0xff,0xac,0x00,0x00,0x00,0x00,0x00,0x00,
0xff,0xe1,0x00,0x00,0xff,0xdb,0x00,0x00,0x00,0x00,0x00,0x00,0x00,0x00,0x00,0x00,0x00,0x00,0xff,0xc2,
0xff,0xe5,0x00,0x00,0x00,0x00,0x00,0x00,0xff,0xe2,0xff,0xdf,0x00,0x00,0xff,0xe2,0x00,0x00,0x00,0x00,
0xff,0x87,0xff,0xdb,0x00,0x00,0x00,0x00,0xff,0xcd,0xff,0xcc,0x00,0x00,0xff,0x79,0xff,0xd5,0xff,0xa3,
0xff,0xb9,0x00,0x00,0xff,0xa7,0xff,0xdc,0xff,0xc8,0xff,0xc6,0xff,0xb5,0xff,0xe7,0xff,0xb7,0xff,0xdd,
0xff,0xe2,0xff,0xe5,0xff,0xd1,0x00,0x00,0xff,0xc8,0xff,0xcc,0x00,0x00,0xff,0xcc,0xff,0xb0,0x00,0x00,
0xff,0x79,0x00,0x00,0x00,0x00,0x00,0x00,0xff,0xc9,0xff,0xb9,0x00,0x00,0xff,0xed,0xff,0xdb,0x00,0x00,
0x00,0x00,0x00,0x00,0xff,0xec,0xff,0xda,0xff,0xc1,0xff,0xe9,0xff,0xec,0x00,0x00,0x00,0x00,0x00,0x00,
0x00,0x00,0x00,0x00,0x00,0x00,0x00,0x00,0x00,0x00,0x00,0x00,0x00,0x00,0x00,0x00,0x00,0x00,0x00,0x00,
0x00,0x00,0x00,0x00,0x00,0x00,0x00,0x00,0x00,0x00,0x00,0x00,0x00,0x00,0x00,0x00,0x00,0x00,0x00,0x00,
0x00,0x00,0x00,0x00,0x00,0x00,0x00,0x00,0x00,0x00,0x00,0x00,0xff,0xce,0xff,0xe9,0xff,0xe6,0xff,0xe1,
0xff,0xe1,0xff,0xdd,0xff,0xc3,0xff,0xec,0xff,0xf7,0xff,0xec,0x00,0x00,0x00,0x00,0xff,0xd4,0xff,0xc5,
0xff,0xc3,0x00,0x00,0x00,0x00,0x00,0x00,0x00,0x00,0x00,0x00,0x00,0x00,0xff,0xd0,0xff,0xdc,0x00,0x00,
0x00,0x00,0x00,0x00,0x00,0x00,0x00,0x00,0xff,0xdf,0xff,0xc5,0xff,0xcf,0x00,0x00,0x00,0x00,0x00,0x00,
0x00,0x00,0xff,0xd9,0xff,0xde,0x00,0x00,0x00,0x00,0x00,0x00,0x00,0x00,0x00,0x00,0xff,0xde,0x00,0x00,
0x00,0x00,0x00,0x00,0x00,0x00,0x00,0x00,0x00,0x00,0xff,0xc6,0xff,0xa8,0x00,0x00,0xff,0xba,0xff,0xb8,
0xff,0xdf,0x00,0x00,0xff,0xad,0x00,0x00,0xff,0xbb,0x00,0x00,0xff,0xc0,0xff,0xb5,0xff,0xad,0xff,0xb3,
0xff,0x61,0xff,0xe9,0xff,0xbe,0xff,0xcd,0xff,0x88,0xff,0xd6,0xff,0xda,0xff,0x6b,0xff,0xc2,0xff,0xb2,
0x00,0x00,0x00,0x00,0x00,0x00,0x00,0x00,0x00,0x00,0x00,0x00,0x00,0x00,0x00,0x00,0x00,0x00,0x00,0x00,
0x00,0x00,0xff,0xcd,0x00,0x00,0x00,0x00,0x00,0x00,0x00,0x00,0x00,0x00,0xff,0xe7,0xff,0xb3,0xff,0xd2,
0xff,0x69,0xff,0xde,0x00,0x00,0x00,0x00,0x00,0x00,0x00,0x00,0x00,0x00,0x00,0x00,0x00,0x00,0x00,0x00,
0x00,0x00,0x00,0x00,0x00,0x00,0x00,0x00,0x00,0x00,0x00,0x00,0x00,0x00,0x00,0x00,0x00,0x00,0x00,0x00,
0x00,0x00,0x00,0x00,0x00,0x00,0x00,0x00,0x00,0x00,0x00,0x00,0x00,0x00,0x00,0x00,0xff,0xdf,0x00,0x00,
0xff,0xda,0xff,0xc3,0xff,0xd9,0xff,0xaa,0xff,0xaa,0xff,0x78,0xff,0xbc,0xff,0xde,0xff,0xb7,0xff,0xb9,
0xff,0xc4,0xff,0xd7,0xff,0xc4,0xff,0xc2,0xff,0xd2,0xff,0xef,0xff,0xaa,0xff,0xb1,0xff,0xc4,0xff,0xe7,
0xff,0xdb,0xff,0xd4,0xff,0xf1,0xff,0xae,0xff,0xd6,0x00,0x00,0x00,0x00,0x00,0x00,0x00,0x00,0x00,0x00,
0x00,0x00,0x00,0x00,0x00,0x00,0x00,0x00,0x00,0x00,0x00,0x00,0x00,0x00,0x00,0x00,0x00,0x00,0x00,0x00,
0x00,0x00,0x00,0x00,0xff,0x5c,0xff,0x39,0xff,0xc0,0xff,0xef,0xff,0xdf,0x00,0x00,0x00,0x00,0x00,0x00,
0x00,0x00,0x00,0x00,0x00,0x00,0x00,0x00,0x00,0x00,0x00,0x00,0x00,0x00,0x00,0x00,0x00,0x00,0x00,0x00,
0x00,0x00,0x00,0x00,0x00,0x00,0x00,0x00,0x00,0x00,0x00,0x00,0x00,0x00,0x00,0x00,0x00,0x00,0x00,0x00,
0x00,0x00,0x00,0x00,0x00,0x00,0xff,0xb8,0x00,0x00,0xff,0xd6,0xff,0xc1,0xff,0xd5,0xff,0xa9,0xff,0xab,
0xff,0x81,0xff,0xbb,0xff,0xda,0xff,0xb6,0xff,0xb9,0xff,0xc0,0xff,0xd4,0xff,0xc2,0xff,0xc1,0xff,0xcf,
0xff,0xec,0xff,0xa9,0xff,0xb0,0xff,0xc2,0xff,0xe3,0xff,0xd8,0xff,0xba,0xff,0xed,0xff,0xac,0xff,0xd4,
0x00,0x00,0x00,0x00,0x00,0x00,0x00,0x00,0x00,0x00,0x00,0x00,0x00,0x00,0x00,0x00,0x00,0x00,0x00,0x00,
0x00,0x00,0x00,0x00,0x00,0x00,0x00,0x00,0x00,0x00,0x00,0x00,0x00,0x00,0xff,0x81,0xff,0x81,0xff,0xbe,
0xff,0xeb,0xff,0xd9,0x00,0x00,0x00,0x00,0x00,0x00,0x00,0x00,0x00,0x00,0x00,0x00,0x00,0x00,0x00,0x00,
0x00,0x00,0x00,0x00,0x00,0x00,0x00,0x00,0x00,0x00,0x00,0x00,0x00,0x00,0x00,0x00,0x00,0x00,0x00,0x00,
0x00,0x00,0x00,0x00,0x00,0x00,0x00,0x00,0x00,0x00,0x00,0x00,0x00,0x00,0x00,0x00,0xff,0xb7,0x00,0x00,
0xff,0xf8,0xff,0xe3,0xff,0xfa,0xff,0xba,0xff,0xba,0xff,0x94,0xff,0xd8,0xff,0xfb,0xff,0xc5,0xff,0xc9,
0xff,0xce,0xff,0xea,0xff,0xdd,0xff,0xd8,0xff,0xef,0x00,0x08,0xff,0xbb,0xff,0xbc,0xff,0xe2,0x00,0x00,
0xff,0xfe,0xff,0xc9,0x00,0x04,0xff,0xb6,0xff,0xe9,0xff,0xb3,0xff,0xfe,0xff,0xbf,0xff,0xba,0xff,0x81,
0xff,0x81,0xff,0x9f,0xff,0xab,0xff,0xee,0xff,0xa3,0xff,0xb4,0xff,0xfe,0xff,0xcc,0xff,0xfe,0xff,0xf5,
0xff,0xf6,0xff,0xe9,0xff,0x9e,0xff,0x9b,0xff,0xde,0x00,0x00,0x00,0x00,0x00,0x00,0xff,0xf6,0xff,0xf3,
0xff,0x72,0x00,0x00,0xff,0xec,0xff,0xac,0xff,0xa1,0xff,0xac,0xff,0xb2,0x00,0x00,0x00,0x00,0xff,0xf7,
0xff,0xfd,0xff,0xf2,0xff,0xee,0x00,0x00,0x00,0x00,0x00,0x00,0x00,0x00,0x00,0x0d,0xff,0x8f,0xff,0xf2,
0xff,0xfa,0xff,0xfa,0x00,0x00,0xff,0xc7,0x00,0x00,0x00,0x00,0x00,0x00,0x00,0x00,0x00,0x00,0x00,0x00,
0x00,0x00,0x00,0x00,0x00,0x00,0x00,0x00,0x00,0x00,0x00,0x00,0x00,0x00,0x00,0x00,0x00,0x00,0x00,0x00,
0x00,0x00,0x00,0x00,0x00,0x00,0x00,0x00,0x00,0x00,0x00,0x00,0x00,0x00,0x00,0x00,0x00,0x00,0x00,0x00,
0xff,0xe2,0xff,0xe6,0xff,0xe1,0xff,0xdb,0xff,0xd6,0xff,0xd6,0xff,0xe2,0xff,0xd4,0xff,0xf4,0xff,0xf5,
0xff,0xe4,0x00,0x00,0xff,0xf7,0xff,0xde,0xff,0xe4,0xff,0xe6,0x00,0x11,0x00,0x00,0x00,0x00,0x00,0x00,
0x00,0x00,0x00,0x00,0xff,0xeb,0xff,0xcd,0x00,0x1c,0xff,0xd1,0x00,0x00,0x00,0x00,0x00,0x00,0xff,0xe6,
0xff,0xd6,0xff,0xe0,0x00,0x00,0x00,0x00,0x00,0x0a,0xff,0xfc,0xff,0xc6,0xff,0xc9,0xff,0xfe,0x00,0x00,
0x00,0x00,0x00,0x00,0xff,0xf2,0xff,0xd6,0x00,0x00,0x00,0x00,0x00,0x15,0x00,0x00,0x00,0x00,0x00,0x00,
0xff,0xde,0xff,0xca,0xff,0xdc,0xff,0xb6,0xff,0xb6,0xff,0x85,0xff,0xc9,0xff,0xe1,0xff,0xc1,0xff,0xc1,
0xff,0xc7,0xff,0xd8,0xff,0xd3,0xff,0xcf,0xff,0xd0,0xff,0xf0,0xff,0xb6,0xff,0xb7,0xff,0xd5,0xff,0xe9,
0xff,0xdc,0xff,0xbd,0xff,0xee,0xff,0xb4,0xff,0xd8,0xff,0xb3,0xff,0xe1,0xff,0xb9,0xff,0xb6,0xff,0x81,
0xff,0x81,0xff,0xa3,0xff,0xac,0xff,0xd8,0xff,0xa9,0xff,0xb2,0xff,0xde,0xff,0xb7,0xff,0xe2,0xff,0xd5,
0xff,0xd5,0xff,0xd0,0xff,0x9e,0xff,0xa1,0xff,0xc7,0xff,0xed,0xff,0xe5,0xff,0xde,0xff,0xe2,0xff,0xd6,
0xff,0x6f,0x00,0x00,0xff,0xd4,0xff,0xac,0xff,0xa4,0xff,0xad,0xff,0xb2,0x00,0x00,0x00,0x00,0xff,0xdc,
0xff,0xdb,0xff,0xdd,0xff,0xde,0xff,0xe8,0x00,0x00,0x00,0x00,0x00,0x00,0xff,0xf4,0xff,0x72,0xff,0xcf,
0xff,0xd7,0xff,0xd7,0x00,0x00,0xff,0xbd,0x00,0x00,0x00,0x00,0x00,0x00,0x00,0x00,0xff,0xf4,0xff,0xf4,
0x00,0x00,0xff,0xf6,0x00,0x00,0xff,0xfe,0xff,0xfb,0x00,0x00,0x00,0x13,0x00,0x0b,0x00,0x00,0x00,0x00,
0x00,0x00,0x00,0x00,0xff,0xfe,0x00,0x0b,0x00,0x00,0x00,0x00,0x00,0x00,0x00,0x00,0x00,0x00,0x00,0x12,
0x00,0x00,0x00,0x0b,0x00,0x00,0xff,0xfd,0xff,0xf5,0xff,0xf2,0xff,0xaf,0x00,0x00,0x00,0x0b,0xff,0xc5,
0x00,0x00,0x00,0x00,0xff,0xf0,0x00,0x0b,0xff,0xfe,0xff,0xfe,0x00,0x00,0x00,0x00,0x00,0x00,0x00,0x00,
0x00,0x00,0x00,0x00,0x00,0x00,0x00,0x00,0x00,0x00,0xff,0xf2,0x00,0x0d,0x00,0x00,0x00,0x00,0xff,0xb0,
0x00,0x00,0xff,0xd6,0x00,0x00,0x00,0x00,0x00,0x00,0x00,0x00,0x00,0x18,0x00,0x00,0x00,0x00,0x00,0x00,
0x00,0x0a,0x00,0x00,0x00,0x00,0xff,0xf5,0x00,0x00,0x00,0x00,0x00,0x00,0x00,0x00,0x00,0x00,0x00,0x00,
0x00,0x00,0x00,0x00,0x00,0x00,0x00,0x00,0x00,0x00,0x00,0x00,0x00,0x00,0x00,0x00,0x00,0x00,0x00,0x00,
0x00,0x00,0x00,0x00,0x00,0x00,0x00,0x00,0x00,0x00,0x00,0x00,0x00,0x00,0x00,0x00,0x00,0x00,0x00,0x00,
0x00,0x00,0x00,0x00,0x00,0x00,0x00,0x00,0x00,0x00,0xff,0xdd,0xff,0xe4,0xff,0xe5,0xff,0xe1,0xff,0xd9,
0xff,0xd9,0xff,0xdc,0xff,0xc9,0xff,0xf6,0xff,0xf2,0xff,0xe5,0x00,0x00,0xff,0xf9,0xff,0xe4,0xff,0xe6,
0xff,0xe6,0x00,0x12,0x00,0x00,0x00,0x00,0x00,0x00,0x00,0x00,0x00,0x00,0xff,0xf2,0xff,0xd1,0x00,0x1a,
0xff,0xd5,0x00,0x00,0x00,0x00,0x00,0x00,0xff,0xdf,0xff,0xcb,0xff,0xd6,0x00,0x00,0x00,0x00,0x00,0x15,
0xff,0xfe,0xff,0xc9,0xff,0xcc,0x00,0x00,0x00,0x00,0x00,0x00,0x00,0x00,0xff,0xf5,0xff,0xd8,0x00,0x00,
0x00,0x02,0x00,0x14,0x00,0x00,0x00,0x00,0x00,0x00,0x00,0x00,0x00,0x00,0x00,0x00,0x00,0x00,0x00,0x00,
0x00,0x00,0x00,0x00,0x00,0x00,0x00,0x00,0x00,0x00,0x00,0x00,0x00,0x00,0x00,0x00,0x00,0x00,0x00,0x00,
0x00,0x00,0x00,0x00,0x00,0x00,0x00,0x00,0x00,0x00,0x00,0x00,0x00,0x00,0x00,0x00,0x00,0x00,0x00,0x00,
0xff,0xe2,0xff,0xf0,0xff,0xf9,0xff,0xf8,0xff,0xf2,0xff,0xef,0xff,0xb8,0xff,0xce,0x00,0x00,0xff,0xc7,
0xff,0xec,0x00,0x00,0xff,0xf4,0xff,0xef,0xff,0xf1,0xff,0xf3,0x00,0x0e,0x00,0x00,0x00,0x00,0x00,0x00,
0x00,0x00,0x00,0x00,0xff,0xfd,0xff,0xe3,0x00,0x0d,0xff,0xef,0x00,0x00,0x00,0x00,0xff,0xdd,0xff,0xb9,
0xff,0xd0,0xff,0xdb,0x00,0x00,0x00,0x00,0x00,0x19,0x00,0x04,0xff,0xdb,0xff,0xf0,0x00,0x19,0x00,0x00,
0x00,0x00,0x00,0x00,0xff,0xfe,0xff,0xf1,0xff,0xfe,0x00,0x0c,0x00,0x00,0x00,0x00,0x00,0x00,0x00,0x00,
0x00,0x00,0x00,0x00,0x00,0x00,0x00,0x00,0x00,0x00,0x00,0x00,0x00,0x00,0x00,0x00,0x00,0x00,0x00,0x00,
0x00,0x00,0x00,0x00,0x00,0x00,0x00,0x00,0x00,0x00,0x00,0x00,0x00,0x00,0x00,0x00,0x00,0x00,0x00,0x00,
0x00,0x00,0x00,0x00,0x00,0x00,0x00,0x00,0x00,0x00,0xff,0xdb,0xff,0xf0,0xff,0xf9,0xff,0xf8,0xff,0xf2,
0xff,0xef,0xff,0xb2,0xff,0xc7,0x00,0x00,0xff,0xc4,0xff,0xe9,0x00,0x00,0xff,0xf1,0xff,0xef,0xff,0xf1,
0xff,0xf3,0x00,0x05,0x00,0x00,0x00,0x00,0x00,0x00,0x00,0x00,0x00,0x00,0xff,0xfd,0xff,0xe3,0x00,0x0b,
0xff,0xef,0x00,0x00,0x00,0x00,0xff,0xd5,0xff,0xb3,0xff,0xcb,0xff,0xd6,0x00,0x00,0x00,0x00,0x00,0x15,
0x00,0x04,0xff,0xdb,0xff,0xee,0x00,0x17,0x00,0x00,0x00,0x00,0x00,0x00,0xff,0xfe,0xff,0xf0,0xff,0xfe,
0x00,0x00,0x00,0x0b,0x00,0x00,0x00,0x00,0x00,0x00,0xff,0xd7,0xff,0xa6,0x00,0x00,0xff,0xb7,0xff,0xb5,
0xff,0xe7,0xff,0xb5,0xff,0xab,0xff,0xd8,0xff,0xba,0xff,0xc8,0xff,0xc8,0xff,0xc6,0xff,0xb0,0xff,0xb3,
0xff,0x83,0xff,0xf8,0xff,0xbf,0xff,0xe5,0xff,0x9c,0xff,0xde,0xff,0xe0,0xff,0x91,0xff,0xc8,0xff,0xb3,
0x00,0x00,0x00,0x00,0x00,0x00,0x00,0x00,0x00,0x00,0x00,0x00,0x00,0x00,0x00,0x00,0x00,0x00,0x00,0x00,
0x00,0x00,0xff,0xd9,0x00,0x00,0x00,0x00,0x00,0x00,0x00,0x00,0x00,0x00,0xff,0xe5,0xff,0xb4,0xff,0xdb,
0xff,0x74,0xff,0xe6,0x00,0x00,0x00,0x00,0x00,0x00,0x00,0x00,0x00,0x00,0x00,0x00,0x00,0x00,0x00,0x00,
0x00,0x00,0x00,0x00,0x00,0x00,0x00,0x00,0x00,0x00,0x00,0x00,0x00,0x00,0x00,0x00,0x00,0x00,0x00,0x00,
0x00,0x00,0x00,0x00,0x00,0x00,0x00,0x00,0x00,0x00,0x00,0x00,0x00,0x00,0x00,0x00,0xff,0xed,0x00,0x00,
0xff,0xf7,0xff,0xfb,0xff,0xfb,0xff,0xf8,0xff,0xf6,0xff,0xc7,0xff,0xf6,0x00,0x00,0xff,0xfb,0xff,0xfe,
0xff,0xf4,0x00,0x06,0x00,0x07,0x00,0x00,0xff,0xf3,0x00,0x00,0xff,0xf7,0xff,0xf9,0x00,0x07,0x00,0x00,
0xff,0xba,0xff,0xf7,0x00,0x00,0xff,0xf3,0x00,0x06,0xff,0xe5,0xff,0xdc,0xff,0xf2,0xff,0xed,0xff,0xb4,
0xff,0xb3,0xff,0xc6,0x00,0x00,0x00,0x00,0xff,0xd5,0xff,0xef,0xff,0xfe,0xff,0xeb,0xff,0xd9,0xff,0xd9,
0xff,0xde,0x00,0x00,0x00,0x00,0x00,0x00,0x00,0x00,0x00,0x00,0x00,0x00,0x00,0x00,0xff,0xa8,0x00,0x00,
0x00,0x00,0xff,0xee,0x00,0x00,0x00,0x00,0xff,0xc8,0x00,0x00,0xff,0xe4,0x00,0x00,0x00,0x00,0x00,0x00,
0x00,0x00,0xff,0xaf,0x00,0x00,0x00,0x00,0x00,0x00,0xff,0xe1,0x00,0x00,0x00,0x00,0xff,0xb7,0x00,0x00,
0x00,0x00,0x00,0x00,0x00,0x00,0xff,0xfd,0x00,0x00,0xff,0xef,0xff,0xf0,0xff,0xf3,0xff,0xe2,0xff,0xe0,
0xff,0xfd,0xff,0xe3,0xff,0xea,0xff,0xf3,0xff,0xf4,0xff,0xee,0x00,0x00,0x00,0x00,0x00,0x00,0xff,0xec,
0xff,0xb7,0xff,0xeb,0xff,0xea,0x00,0x00,0xff,0xd3,0xff,0xee,0xff,0xfc,0xff,0xa2,0xff,0xee,0x00,0x00,
0xff,0xc8,0xff,0xd5,0xff,0xf1,0xff,0xef,0xff,0xe0,0xff,0xe3,0xff,0xab,0x00,0x00,0xff,0xec,0xff,0xb8,
0xff,0xdd,0xff,0xf6,0xff,0xe0,0xff,0xcd,0xff,0xd2,0xff,0xd5,0xff,0xf6,0x00,0x00,0xff,0xca,0x00,0x00,
0xff,0xca,0xff,0xf8,0xff,0xdf,0xff,0xd2,0x00,0x00,0xff,0xe3,0xff,0xec,0x00,0x00,0x00,0x00,0xff,0xac,
0x00,0x00,0xff,0xc4,0x00,0x00,0xff,0xf3,0x00,0x00,0xff,0xef,0xff,0xc8,0x00,0x00,0x00,0x00,0xff,0xdd,
0xff,0xdd,0xff,0xd4,0x00,0x00,0xff,0xeb,0x00,0x00,0x00,0x00,0x00,0x00,0xff,0xed,0x00,0x00,0x00,0x02,
0x00,0x29,0x00,0x01,0x00,0x24,0x00,0x00,0x00,0x29,0x00,0x29,0x00,0x24,0x00,0x2c,0x00,0x34,0x00,0x25,
0x00,0x36,0x00,0x37,0x00,0x2e,0x00,0x3a,0x00,0x45,0x00,0x30,0x00,0x47,0x00,0x49,0x00,0x3c,0x00,0x4b,
0x00,0x54,0x00,0x3f,0x00,0x56,0x00,0x78,0x00,0x49,0x00,0x7a,0x00,0x92,0x00,0x6c,0x00,0x94,0x00,0xa7,
0x00,0x85,0x00,0xaa,0x00,0xb5,0x00,0x99,0x00,0xb7,0x00,0xbe,0x00,0xa5,0x00,0xc1,0x00,0xc6,0x00,0xad,
0x00,0xc8,0x00,0xc9,0x00,0xb3,0x00,0xcc,0x00,0xcd,0x00,0xb5,0x00,0xcf,0x00,0xdc,0x00,0xb7,0x00,0xde,
0x00,0xe1,0x00,0xc5,0x00,0xe3,0x00,0xe3,0x00,0xc9,0x00,0xe6,0x00,0xe7,0x00,0xca,0x00,0xe9,0x00,0xeb,
0x00,0xcc,0x00,0xed,0x01,0x10,0x00,0xcf,0x01,0x12,0x01,0x49,0x00,0xf3,0x01,0x58,0x01,0x59,0x01,0x2b,
0x01,0x5d,0x01,0x5d,0x01,0x2d,0x01,0x5f,0x01,0x5f,0x01,0x2e,0x01,0x63,0x01,0x63,0x01,0x2f,0x01,0x65,
0x01,0x65,0x01,0x30,0x01,0x69,0x01,0x69,0x01,0x31,0x01,0x6b,0x01,0x6b,0x01,0x32,0x01,0x6f,0x01,0x74,
0x01,0x33,0x01,0x76,0x01,0x77,0x01,0x39,0x01,0x7d,0x01,0x86,0x01,0x3b,0x01,0x88,0x01,0x88,0x01,0x45,
0x01,0x8a,0x01,0x8b,0x01,0x46,0x01,0x8e,0x01,0x8e,0x01,0x48,0x01,0x90,0x01,0xa2,0x01,0x49,0x01,0xaa,
0x01,0xaa,0x01,0x5c,0x01,0xae,0x01,0xae,0x01,0x5d,0x01,0xb3,0x01,0xb5,0x01,0x5e,0x01,0xb7,0x01,0xb7,
0x01,0x61,0x01,0xbb,0x01,0xbd,0x01,0x62,0x00,0x01,0x00,0x01,0x01,0xbd,0x00,0x06,0x00,0x06,0x00,0x06,
0x00,0x06,0x00,0x06,0x00,0x06,0x00,0x06,0x00,0x06,0x00,0x06,0x00,0x06,0x00,0x06,0x00,0x06,0x00,0x01,
0x00,0x02,0x00,0x02,0x00,0x02,0x00,0x02,0x00,0x02,0x00,0x00,0x00,0x00,0x00,0x01,0x00,0x00,0x00,0x00,
0x00,0x01,0x00,0x01,0x00,0x01,0x00,0x01,0x00,0x01,0x00,0x01,0x00,0x01,0x00,0x01,0x00,0x00,0x00,0x02,
0x00,0x02,0x00,0x02,0x00,0x02,0x00,0x00,0x00,0x00,0x00,0x00,0x00,0x01,0x00,0x01,0x00,0x00,0x00,0x00,
0x00,0x01,0x00,0x01,0x00,0x01,0x00,0x00,0x00,0x2b,0x00,0x00,0x00,0x01,0x00,0x00,0x00,0x01,0x00,0x01,
0x00,0x01,0x00,0x00,0x00,0x00,0x00,0x00,0x00,0x01,0x00,0x01,0x00,0x01,0x00,0x01,0x00,0x01,0x00,0x02,
0x00,0x02,0x00,0x02,0x00,0x02,0x00,0x02,0x00,0x02,0x00,0x02,0x00,0x00,0x00,0x02,0x00,0x02,0x00,0x00,
0x00,0x01,0x00,0x02,0x00,0x01,0x00,0x01,0x00,0x01,0x00,0x00,0x00,0x0f,0x00,0x0f,0x00,0x0f,0x00,0x0f,
0x00,0x0f,0x00,0x00,0x00,0x17,0x00,0x17,0x00,0x17,0x00,0x08,0x00,0x08,0x00,0x08,0x00,0x08,0x00,0x08,
0x00,0x08,0x00,0x08,0x00,0x08,0x00,0x08,0x00,0x08,0x00,0x2e,0x00,0x14,0x00,0x14,0x00,0x14,0x00,0x14,
0x00,0x14,0x00,0x2f,0x00,0x10,0x00,0x10,0x00,0x10,0x00,0x10,0x00,0x10,0x00,0x15,0x00,0x15,0x00,0x15,
0x00,0x15,0x00,0x06,0x00,0x02,0x00,0x01,0x00,0x01,0x00,0x02,0x00,0x02,0x00,0x00,0x00,0x01,0x00,0x01,
0x00,0x01,0x00,0x01,0x00,0x02,0x00,0x00,0x00,0x0f,0x00,0x17,0x00,0x08,0x00,0x10,0x00,0x15,0x00,0x01,
0x00,0x01,0x00,0x00,0x00,0x01,0x00,0x01,0x00,0x01,0x00,0x2d,0x00,0x02,0x00,0x02,0x00,0x02,0x00,0x02,
0x00,0x2c,0x00,0x02,0x00,0x01,0x00,0x01,0x00,0x02,0x00,0x02,0x00,0x18,0x00,0x18,0x00,0x0b,0x00,0x0b,
0x00,0x0b,0x00,0x0b,0x00,0x0b,0x00,0x0b,0x00,0x18,0x00,0x0b,0x00,0x0b,0x00,0x18,0x00,0x00,0x00,0x05,
0x00,0x05,0x00,0x07,0x00,0x05,0x00,0x05,0x00,0x04,0x00,0x00,0x00,0x04,0x00,0x04,0x00,0x05,0x00,0x05,
0x00,0x07,0x00,0x07,0x00,0x07,0x00,0x05,0x00,0x05,0x00,0x07,0x00,0x05,0x00,0x0c,0x00,0x11,0x00,0x11,
0x00,0x11,0x00,0x11,0x00,0x00,0x00,0x00,0x00,0x25,0x00,0x09,0x00,0x03,0x00,0x3a,0x00,0x3b,0x00,0x03,
0x00,0x03,0x00,0x25,0x00,0x00,0x00,0x03,0x00,0x03,0x00,0x00,0x00,0x00,0x00,0x03,0x00,0x00,0x00,0x03,
0x00,0x03,0x00,0x03,0x00,0x00,0x00,0x00,0x00,0x00,0x00,0x09,0x00,0x09,0x00,0x09,0x00,0x09,0x00,0x09,
0x00,0x05,0x00,0x05,0x00,0x07,0x00,0x07,0x00,0x07,0x00,0x07,0x00,0x07,0x00,0x00,0x00,0x07,0x00,0x05,
0x00,0x00,0x00,0x03,0x00,0x04,0x00,0x00,0x00,0x09,0x00,0x03,0x00,0x09,0x00,0x12,0x00,0x12,0x00,0x12,
0x00,0x12,0x00,0x12,0x00,0x09,0x00,0x19,0x00,0x19,0x00,0x19,0x00,0x0a,0x00,0x0a,0x00,0x0a,0x00,0x0a,
0x00,0x0a,0x00,0x0a,0x00,0x0a,0x00,0x0a,0x00,0x0a,0x00,0x0a,0x00,0x0d,0x00,0x0e,0x00,0x0e,0x00,0x0e,
0x00,0x0e,0x00,0x0e,0x00,0x4a,0x00,0x0d,0x00,0x0d,0x00,0x0d,0x00,0x0d,0x00,0x0d,0x00,0x16,0x00,0x16,
0x00,0x16,0x00,0x16,0x00,0x0b,0x00,0x05,0x00,0x07,0x00,0x05,0x00,0x11,0x00,0x11,0x00,0x03,0x00,0x00,
0x00,0x03,0x00,0x03,0x00,0x00,0x00,0x03,0x00,0x03,0x00,0x03,0x00,0x09,0x00,0x07,0x00,0x09,0x00,0x12,
0x00,0x19,0x00,0x0a,0x00,0x0e,0x00,0x0d,0x00,0x16,0x00,0x04,0x00,0x04,0x00,0x04,0x00,0x04,0x00,0x04,
0x00,0x04,0x00,0x04,0x00,0x04,0x00,0x04,0x00,0x04,0x00,0x04,0x00,0x13,0x00,0x13,0x00,0x13,0x00,0x13,
0x00,0x13,0x00,0x03,0x00,0x03,0x00,0x04,0x00,0x13,0x00,0x03,0x00,0x0c,0x00,0x0c,0x00,0x0c,0x00,0x0c,
0x00,0x0e,0x00,0x0c,0x00,0x0c,0x00,0x00,0x00,0x00,0x00,0x2a,0x00,0x3d,0x00,0x47,0x00,0x46,0x00,0x36,
0x00,0x35,0x00,0x2a,0x00,0x44,0x00,0x32,0x00,0x3c,0x00,0x48,0x00,0x00,0x00,0x00,0x00,0x00,0x00,0x00,
0x00,0x00,0x00,0x00,0x00,0x00,0x00,0x00,0x00,0x00,0x00,0x00,0x00,0x00,0x00,0x00,0x00,0x00,0x00,0x39,
0x00,0x1e,0x00,0x1e,0x00,0x1c,0x00,0x1c,0x00,0x00,0x00,0x22,0x00,0x00,0x00,0x41,0x00,0x00,0x00,0x00,
0x00,0x00,0x00,0x30,0x00,0x00,0x00,0x45,0x00,0x00,0x00,0x00,0x00,0x00,0x00,0x22,0x00,0x00,0x00,0x00,
0x00,0x00,0x00,0x00,0x00,0x00,0x00,0x1f,0x00,0x1f,0x00,0x1d,0x00,0x1d,0x00,0x33,0x00,0x34,0x00,0x00,
0x00,0x42,0x00,0x00,0x00,0x00,0x00,0x00,0x00,0x00,0x00,0x00,0x00,0x00,0x00,0x37,0x00,0x20,0x00,0x20,
0x00,0x49,0x00,0x38,0x00,0x21,0x00,0x21,0x00,0x26,0x00,0x3e,0x00,0x00,0x00,0x00,0x00,0x00,0x00,0x31,
0x00,0x26,0x00,0x3f,0x00,0x00,0x00,0x00,0x00,0x00,0x00,0x00,0x00,0x00,0x00,0x00,0x00,0x28,0x00,0x43,
0x00,0x28,0x00,0x1b,0x00,0x23,0x00,0x24,0x00,0x23,0x00,0x24,0x00,0x27,0x00,0x27,0x00,0x00,0x00,0x00,
0x00,0x29,0x00,0x1b,0x00,0x29,0x00,0x1b,0x00,0x00,0x00,0x00,0x00,0x00,0x00,0x00,0x00,0x00,0x00,0x00,
0x00,0x00,0x00,0x00,0x00,0x00,0x00,0x00,0x00,0x00,0x00,0x00,0x00,0x00,0x00,0x00,0x00,0x00,0x00,0x00,
0x00,0x00,0x00,0x00,0x00,0x1a,0x00,0x1a,0x00,0x00,0x00,0x1a,0x00,0x00,0x00,0x00,0x00,0x00,0x00,0x00,
0x00,0x00,0x00,0x40,0x00,0x01,0x00,0x01,0x01,0xbd,0x00,0x03,0x00,0x03,0x00,0x03,0x00,0x03,0x00,0x03,
0x00,0x03,0x00,0x03,0x00,0x03,0x00,0x03,0x00,0x03,0x00,0x03,0x00,0x01,0x00,0x3e,0x00,0x0b,0x00,0x0b,
0x00,0x0b,0x00,0x0b,0x00,0x0b,0x00,0x19,0x00,0x19,0x00,0x19,0x00,0x19,0x00,0x01,0x00,0x01,0x00,0x01,
0x00,0x01,0x00,0x01,0x00,0x01,0x00,0x01,0x00,0x01,0x00,0x01,0x00,0x3f,0x00,0x0c,0x00,0x0c,0x00,0x0c,
0x00,0x0c,0x00,0x00,0x00,0x00,0x00,0x00,0x00,0x00,0x00,0x04,0x00,0x00,0x00,0x00,0x00,0x04,0x00,0x04,
0x00,0x04,0x00,0x04,0x00,0x40,0x00,0x1d,0x00,0x1d,0x00,0x1a,0x00,0x1a,0x00,0x00,0x00,0x1a,0x00,0x41,
0x00,0x00,0x00,0x00,0x00,0x04,0x00,0x04,0x00,0x04,0x00,0x04,0x00,0x04,0x00,0x08,0x00,0x08,0x00,0x08,
0x00,0x08,0x00,0x08,0x00,0x08,0x00,0x08,0x00,0x00,0x00,0x08,0x00,0x01,0x00,0x43,0x00,0x00,0x00,0x44,
0x00,0x13,0x00,0x13,0x00,0x13,0x00,0x13,0x00,0x0e,0x00,0x0e,0x00,0x0e,0x00,0x0e,0x00,0x0e,0x00,0x00,
0x00,0x1c,0x00,0x1c,0x00,0x1c,0x00,0x05,0x00,0x05,0x00,0x05,0x00,0x05,0x00,0x05,0x00,0x05,0x00,0x05,
0x00,0x05,0x00,0x05,0x00,0x05,0x00,0x45,0x00,0x14,0x00,0x14,0x00,0x14,0x00,0x14,0x00,0x14,0x00,0x46,
0x00,0x0f,0x00,0x0f,0x00,0x0f,0x00,0x0f,0x00,0x0f,0x00,0x15,0x00,0x15,0x00,0x15,0x00,0x15,0x00,0x03,
0x00,0x0b,0x00,0x01,0x00,0x01,0x00,0x0c,0x00,0x0c,0x00,0x00,0x00,0x04,0x00,0x1d,0x00,0x1a,0x00,0x04,
0x00,0x08,0x00,0x13,0x00,0x0e,0x00,0x1c,0x00,0x05,0x00,0x0f,0x00,0x15,0x00,0x1e,0x00,0x1e,0x00,0x1b,
0x00,0x1b,0x00,0x1b,0x00,0x1b,0x00,0x42,0x00,0x0d,0x00,0x0d,0x00,0x0d,0x00,0x0d,0x00,0x05,0x00,0x08,
0x00,0x1e,0x00,0x00,0x00,0x0d,0x00,0x0d,0x00,0x06,0x00,0x06,0x00,0x06,0x00,0x06,0x00,0x06,0x00,0x06,
0x00,0x06,0x00,0x06,0x00,0x06,0x00,0x06,0x00,0x06,0x00,0x10,0x00,0x1f,0x00,0x11,0x00,0x11,0x00,0x11,
0x00,0x11,0x00,0x11,0x00,0x00,0x00,0x00,0x00,0x29,0x00,0x07,0x00,0x10,0x00,0x10,0x00,0x16,0x00,0x16,
0x00,0x16,0x00,0x2b,0x00,0x2b,0x00,0x16,0x00,0x10,0x00,0x50,0x00,0x00,0x00,0x00,0x00,0x00,0x00,0x00,
0x00,0x09,0x00,0x09,0x00,0x55,0x00,0x00,0x00,0x34,0x00,0x00,0x00,0x00,0x00,0x35,0x00,0x34,0x00,0x07,
0x00,0x07,0x00,0x35,0x00,0x07,0x00,0x00,0x00,0x22,0x00,0x22,0x00,0x00,0x00,0x00,0x00,0x29,0x00,0x07,
0x00,0x00,0x00,0x09,0x00,0x09,0x00,0x09,0x00,0x09,0x00,0x09,0x00,0x09,0x00,0x09,0x00,0x0a,0x00,0x0a,
0x00,0x0a,0x00,0x0a,0x00,0x0a,0x00,0x0a,0x00,0x0a,0x00,0x00,0x00,0x0a,0x00,0x10,0x00,0x1f,0x00,0x1f,
0x00,0x00,0x00,0x25,0x00,0x00,0x00,0x00,0x00,0x25,0x00,0x17,0x00,0x00,0x00,0x17,0x00,0x17,0x00,0x17,
0x00,0x00,0x00,0x26,0x00,0x63,0x00,0x26,0x00,0x00,0x00,0x00,0x00,0x00,0x00,0x00,0x00,0x00,0x00,0x00,
0x00,0x07,0x00,0x00,0x00,0x00,0x00,0x00,0x00,0x02,0x00,0x12,0x00,0x12,0x00,0x12,0x00,0x12,0x00,0x12,
0x00,0x69,0x00,0x02,0x00,0x02,0x00,0x02,0x00,0x02,0x00,0x02,0x00,0x18,0x00,0x18,0x00,0x18,0x00,0x18,
0x00,0x06,0x00,0x11,0x00,0x16,0x00,0x10,0x00,0x00,0x00,0x00,0x00,0x07,0x00,0x00,0x00,0x07,0x00,0x07,
0x00,0x07,0x00,0x07,0x00,0x22,0x00,0x00,0x00,0x09,0x00,0x0a,0x00,0x25,0x00,0x17,0x00,0x26,0x00,0x00,
0x00,0x12,0x00,0x02,0x00,0x18,0x00,0x00,0x00,0x00,0x00,0x00,0x00,0x00,0x00,0x00,0x00,0x00,0x00,0x00,
0x00,0x00,0x00,0x00,0x00,0x00,0x00,0x00,0x00,0x02,0x00,0x02,0x00,0x02,0x00,0x02,0x00,0x02,0x00,0x23,
0x00,0x23,0x00,0x00,0x00,0x02,0x00,0x23,0x00,0x2f,0x00,0x31,0x00,0x2f,0x00,0x31,0x00,0x68,0x00,0x30,
0x00,0x30,0x00,0x58,0x00,0x59,0x00,0x36,0x00,0x57,0x00,0x65,0x00,0x64,0x00,0x52,0x00,0x51,0x00,0x61,
0x00,0x60,0x00,0x4f,0x00,0x36,0x00,0x66,0x00,0x00,0x00,0x00,0x00,0x00,0x00,0x00,0x00,0x00,0x00,0x00,
0x00,0x00,0x00,0x00,0x00,0x00,0x00,0x00,0x00,0x00,0x00,0x00,0x00,0x00,0x00,0x00,0x00,0x28,0x00,0x28,
0x00,0x00,0x00,0x00,0x00,0x00,0x00,0x21,0x00,0x00,0x00,0x24,0x00,0x00,0x00,0x00,0x00,0x00,0x00,0x49,
0x00,0x00,0x00,0x62,0x00,0x00,0x00,0x00,0x00,0x00,0x00,0x21,0x00,0x00,0x00,0x24,0x00,0x00,0x00,0x00,
0x00,0x00,0x00,0x2c,0x00,0x4d,0x00,0x27,0x00,0x27,0x00,0x2c,0x00,0x21,0x00,0x00,0x00,0x24,0x00,0x5d,
0x00,0x00,0x00,0x00,0x00,0x00,0x00,0x00,0x00,0x00,0x00,0x53,0x00,0x2d,0x00,0x2d,0x00,0x67,0x00,0x54,
0x00,0x2e,0x00,0x2e,0x00,0x5a,0x00,0x37,0x00,0x4a,0x00,0x00,0x00,0x4b,0x00,0x00,0x00,0x5b,0x00,0x37,
0x00,0x00,0x00,0x00,0x00,0x4c,0x00,0x00,0x00,0x39,0x00,0x39,0x00,0x3b,0x00,0x5e,0x00,0x3b,0x00,0x5f,
0x00,0x32,0x00,0x33,0x00,0x32,0x00,0x33,0x00,0x38,0x00,0x38,0x00,0x3a,0x00,0x3a,0x00,0x3c,0x00,0x3d,
0x00,0x3c,0x00,0x3d,0x00,0x56,0x00,0x00,0x00,0x00,0x00,0x00,0x00,0x00,0x00,0x00,0x00,0x00,0x00,0x00,
0x00,0x4e,0x00,0x00,0x00,0x00,0x00,0x00,0x00,0x2a,0x00,0x00,0x00,0x00,0x00,0x00,0x00,0x00,0x00,0x2a,
0x00,0x20,0x00,0x20,0x00,0x00,0x00,0x20,0x00,0x00,0x00,0x00,0x00,0x00,0x00,0x48,0x00,0x47,0x00,0x5c,
0x00,0x01,0x00,0x02,0x00,0x00,0x00,0x08,0x00,0x01,0x01,0xba,0x00,0x04,0x00,0x00,0x00,0xd8,0x1d,0xc6,
0x1d,0xbc,0x1d,0xb6,0x1d,0xa4,0x1d,0x9e,0x1d,0x7c,0x1d,0x66,0x1d,0x48,0x1c,0xfa,0x1c,0xb4,0x1c,0xa2,
0x1c,0x8c,0x1c,0x7e,0x1c,0x78,0x1c,0x72,0x1c,0x60,0x1c,0x5a,0x1b,0xf0,0x1b,0xe6,0x1b,0x64,0x1b,0x5e,
0x1b,0x24,0x1b,0x0a,0x1a,0xe0,0x1a,0xc6,0x1a,0x68,0x1a,0x5a,0x1a,0x54,0x1a,0x32,0x1a,0x2c,0x1a,0x26,
0x19,0x04,0x18,0xea,0x18,0xcc,0x18,0xba,0x18,0x3c,0x17,0xfe,0x17,0xec,0x17,0xec,0x17,0xec,0x17,0xec,
0x17,0xae,0x17,0x3c,0x17,0x22,0x17,0x0c,0x16,0xfa,0x16,0xfa,0x16,0xc0,0x16,0xb6,0x1b,0xe6,0x18,0xcc,
0x16,0xfa,0x16,0xb0,0x16,0xaa,0x16,0x84,0x16,0x2e,0x16,0x28,0x16,0x1e,0x16,0x18,0x15,0xfa,0x15,0xdc,
0x15,0xd2,0x15,0x88,0x15,0x5a,0x15,0x54,0x15,0x54,0x15,0x4e,0x15,0x48,0x15,0x2e,0x15,0x28,0x15,0x22,
0x14,0xf8,0x14,0xf2,0x14,0xd8,0x14,0xc6,0x14,0x84,0x14,0x4e,0x14,0x44,0x14,0x3e,0x14,0x34,0x14,0x2a,
0x14,0x04,0x15,0x28,0x13,0xf6,0x13,0xa4,0x13,0x6e,0x13,0x28,0x13,0x22,0x13,0x1c,0x12,0xd6,0x12,0xcc,
0x12,0xc2,0x12,0xbc,0x12,0x76,0x12,0x5c,0x12,0x2e,0x12,0x08,0x11,0xc2,0x11,0x94,0x11,0x4e,0x11,0x38,
0x11,0x32,0x10,0xbc,0x10,0x9a,0x10,0x94,0x10,0x8e,0x10,0x64,0x10,0x5e,0x15,0x22,0x10,0x38,0x10,0x1a,
0x0f,0xf4,0x0f,0xd2,0x0f,0xc8,0x0f,0xc2,0x0f,0xac,0x0f,0xa6,0x0f,0xa0,0x0f,0x9a,0x0f,0x90,0x0f,0x76,
0x0f,0x90,0x0f,0x76,0x0f,0x54,0x0f,0x2e,0x0f,0x2e,0x0f,0x24,0x0f,0x12,0x0e,0xc0,0x0e,0x86,0x0e,0x5c,
0x0e,0x1a,0x0d,0xe4,0x0d,0xc6,0x0d,0xac,0x0d,0x8e,0x0d,0x74,0x0d,0x56,0x0d,0x2c,0x0d,0x1a,0x0d,0x14,
0x0c,0xe2,0x12,0xbc,0x0c,0xb4,0x0c,0xaa,0x0c,0x9c,0x0c,0x6e,0x0c,0x64,0x0c,0x3a,0x0c,0x28,0x0b,0xf2,
0x0b,0xdc,0x0b,0xd2,0x0b,0xcc,0x0b,0xba,0x0b,0x94,0x0b,0x62,0x0b,0x54,0x0b,0x4e,0x12,0xbc,0x0b,0x34,
0x0b,0x2a,0x0a,0xf4,0x0a,0xe6,0x0a,0xd0,0x0a,0xb6,0x0a,0x60,0x0a,0x56,0x0a,0x48,0x0a,0x02,0x09,0xf4,
0x09,0x2a,0x09,0x0c,0x08,0xf2,0x08,0xe0,0x08,0xbe,0x08,0x84,0x08,0x72,0x08,0x60,0x08,0x5a,0x08,0x48,
0x08,0x22,0x08,0x14,0x07,0xfa,0x07,0xd8,0x07,0xca,0x07,0xc4,0x07,0x4e,0x07,0x00,0x06,0xea,0x06,0xb8,
0x06,0x86,0x06,0x6c,0x06,0x4a,0x06,0x28,0x05,0xea,0x05,0xc0,0x05,0x8e,0x05,0x84,0x05,0x72,0x05,0x5c,
0x05,0x36,0x05,0x2c,0x05,0x22,0x05,0x08,0x04,0xea,0x04,0xdc,0x04,0xd2,0x04,0xac,0x04,0x36,0x04,0x00,
0x03,0xe2,0x03,0xd8,0x03,0x9e,0x03,0x94,0x03,0x6e,0x00,0x01,0x00,0xd8,0x00,0x01,0x00,0x02,0x00,0x06,
0x00,0x0a,0x00,0x0c,0x00,0x0d,0x00,0x0e,0x00,0x13,0x00,0x17,0x00,0x20,0x00,0x21,0x00,0x26,0x00,0x28,
0x00,0x29,0x00,0x2a,0x00,0x2b,0x00,0x2e,0x00,0x31,0x00,0x32,0x00,0x33,0x00,0x34,0x00,0x35,0x00,0x3f,
0x00,0x46,0x00,0x49,0x00,0x4a,0x00,0x4b,0x00,0x4c,0x00,0x50,0x00,0x52,0x00,0x55,0x00,0x56,0x00,0x57,
0x00,0x58,0x00,0x59,0x00,0x63,0x00,0x64,0x00,0x65,0x00,0x66,0x00,0x67,0x00,0x68,0x00,0x69,0x00,0x6a,
0x00,0x6b,0x00,0x6c,0x00,0x6d,0x00,0x6e,0x00,0x6f,0x00,0x79,0x00,0x7b,0x00,0x81,0x00,0x83,0x00,0x85,
0x00,0x86,0x00,0x87,0x00,0x96,0x00,0x97,0x00,0x9c,0x00,0x9e,0x00,0xa2,0x00,0xa3,0x00,0xa5,0x00,0xa9,
0x00,0xac,0x00,0xad,0x00,0xaf,0x00,0xb0,0x00,0xb4,0x00,0xb5,0x00,0xb8,0x00,0xb9,0x00,0xba,0x00,0xbb,
0x00,0xbc,0x00,0xbe,0x00,0xbf,0x00,0xc0,0x00,0xc1,0x00,0xc2,0x00,0xc4,0x00,0xc6,0x00,0xc8,0x00,0xc9,
0x00,0xcb,0x00,0xce,0x00,0xcf,0x00,0xd0,0x00,0xd4,0x00,0xd5,0x00,0xd6,0x00,0xd7,0x00,0xd9,0x00,0xdb,
0x00,0xdd,0x00,0xe0,0x00,0xe3,0x00,0xe4,0x00,0xe5,0x00,0xe7,0x00,0xe8,0x00,0xe9,0x00,0xea,0x00,0xec,
0x00,0xed,0x00,0xee,0x00,0xef,0x00,0xf0,0x00,0xf1,0x00,0xf8,0x00,0xfa,0x00,0xfb,0x01,0x00,0x01,0x01,
0x01,0x02,0x01,0x03,0x01,0x06,0x01,0x08,0x01,0x2c,0x01,0x2d,0x01,0x36,0x01,0x37,0x01,0x38,0x01,0x39,
0x01,0x3a,0x01,0x3b,0x01,0x3c,0x01,0x3d,0x01,0x3e,0x01,0x3f,0x01,0x40,0x01,0x42,0x01,0x43,0x01,0x44,
0x01,0x45,0x01,0x46,0x01,0x47,0x01,0x48,0x01,0x49,0x01,0x57,0x01,0x58,0x01,0x59,0x01,0x5a,0x01,0x5b,
0x01,0x5c,0x01,0x5d,0x01,0x5e,0x01,0x60,0x01,0x62,0x01,0x64,0x01,0x65,0x01,0x66,0x01,0x67,0x01,0x68,
0x01,0x69,0x01,0x6c,0x01,0x6e,0x01,0x6f,0x01,0x70,0x01,0x71,0x01,0x72,0x01,0x73,0x01,0x74,0x01,0x75,
0x01,0x76,0x01,0x77,0x01,0x7c,0x01,0x7d,0x01,0x7e,0x01,0x7f,0x01,0x80,0x01,0x81,0x01,0x84,0x01,0x85,
0x01,0x86,0x01,0x87,0x01,0x88,0x01,0x8a,0x01,0x8b,0x01,0x8e,0x01,0x91,0x01,0x92,0x01,0x93,0x01,0x94,
0x01,0x95,0x01,0x96,0x01,0x97,0x01,0x99,0x01,0x9a,0x01,0x9b,0x01,0x9c,0x01,0x9d,0x01,0x9e,0x01,0x9f,
0x01,0xa0,0x01,0xa1,0x01,0xa2,0x01,0xa3,0x01,0xa4,0x01,0xa7,0x01,0xa8,0x01,0xa9,0x01,0xaa,0x01,0xac,
0x01,0xad,0x01,0xaf,0x01,0xb0,0x01,0xb1,0x01,0xb4,0x01,0xb6,0x01,0xb8,0x01,0xb9,0x01,0xba,0x01,0xbb,
0x01,0xbc,0x01,0xbd,0x01,0xbe,0x00,0x09,0x01,0x63,0xff,0x9f,0x01,0x6f,0xff,0xe5,0x01,0x70,0xff,0xe5,
0x01,0x85,0xff,0xbc,0x01,0x8b,0xff,0xd5,0x01,0x9e,0xff,0x93,0x01,0x9f,0xff,0x96,0x01,0xa0,0xff,0x93,
0x01,0xa1,0xff,0x96,0x00,0x02,0x01,0x74,0xff,0xf0,0x01,0x76,0xff,0xc5,0x00,0x0e,0x01,0x42,0xff,0xdf,
0x01,0x43,0xff,0x9f,0x01,0x49,0xff,0xe9,0x01,0x57,0xff,0xac,0x01,0x58,0xff,0x81,0x01,0x59,0xff,0x81,
0x01,0x63,0xff,0xe0,0x01,0x6f,0xff,0x81,0x01,0x70,0xff,0x81,0x01,0x72,0xff,0xbe,0x01,0x7d,0xff,0x1d,
0x01,0x84,0xff,0xbf,0x01,0x85,0xff,0xad,0x01,0x8b,0xff,0xac,0x00,0x02,0x01,0x74,0xff,0xc8,0x01,0x76,
0xff,0xa4,0x00,0x07,0x00,0x30,0xff,0xb0,0x00,0x56,0xff,0xb7,0x00,0x69,0xff,0xbd,0x00,0x6a,0xff,0xc4,
0x00,0x6f,0xff,0xcb,0x01,0x85,0xff,0xb0,0x01,0xba,0xff,0xc8,0x00,0x0d,0x00,0x01,0xff,0xb5,0x00,0x30,
0xff,0x63,0x00,0x50,0xff,0xcb,0x00,0x56,0xff,0x6d,0x00,0x63,0xff,0xb8,0x00,0x64,0xff,0xbc,0x00,0x69,
0xff,0x99,0x00,0x6a,0xff,0xa2,0x00,0x6f,0xff,0xa0,0x01,0x00,0xff,0xcc,0x01,0x46,0xff,0x97,0x01,0x85,
0xff,0x8a,0x01,0xb9,0xff,0xcb,0x00,0x1d,0x00,0x01,0xff,0xbe,0x00,0x0d,0xff,0xe0,0x00,0x30,0xff,0x8b,
0x00,0x50,0xff,0xe1,0x00,0x56,0xff,0xa0,0x00,0x63,0xff,0xc2,0x00,0x64,0xff,0xc6,0x00,0x69,0xff,0xaf,
0x00,0x6a,0xff,0xb2,0x00,0x6f,0xff,0xaf,0x00,0x96,0xff,0xdc,0x00,0xe7,0xff,0xe2,0x01,0x00,0xff,0xdf,
0x01,0x40,0xff,0xde,0x01,0x42,0xff,0xdb,0x01,0x43,0xff,0xeb,0x01,0x44,0xff,0xe0,0x01,0x46,0xff,0xaa,
0x01,0x49,0xff,0xe5,0x01,0x6f,0xff,0x9b,0x01,0x70,0xff,0x9b,0x01,0x84,0xff,0xdc,0x01,0x85,0xff,0xa6,
0x01,0x89,0xff,0x9e,0x01,0x8b,0xff,0xa2,0x01,0x9a,0xff,0xc7,0x01,0x9b,0xff,0xc7,0x01,0x9f,0xff,0xc8,
0x01,0xb8,0xff,0xf1,0x00,0x09,0x00,0x01,0xff,0xc7,0x00,0x56,0xff,0xb2,0x01,0x40,0xff,0xee,0x01,0x42,
0xff,0xf0,0x01,0x43,0xff,0xef,0x01,0x44,0xff,0xec,0x01,0x46,0xff,0xba,0x01,0x49,0xff,0xf6,0x01,0x85,
0xff,0xaa,0x00,0x02,0x01,0x76,0xff,0xa7,0x01,0xb8,0xff,0xd4,0x00,0x03,0x01,0x65,0xff,0xba,0x01,0x6f,
0xff,0x92,0x01,0x70,0xff,0x92,0x00,0x07,0x01,0x40,0xff,0xfb,0x01,0x42,0xff,0xf4,0x01,0x43,0xff,0xbe,
0x01,0x44,0xff,0xdd,0x01,0x45,0xff,0xea,0x01,0x46,0xff,0xe6,0x01,0x85,0xff,0xc3,0x00,0x06,0x01,0x57,
0xff,0xa4,0x01,0x65,0xff,0xca,0x01,0x6f,0xff,0xcd,0x01,0x70,0xff,0xd3,0x01,0x85,0xff,0xbe,0x01,0x8b,
0xff,0xbb,0x00,0x02,0x01,0x46,0xff,0xb5,0x01,0x85,0xff,0xb1,0x00,0x02,0x00,0x01,0xff,0xc9,0x00,0x56,
0xff,0xa6,0x00,0x09,0x00,0x01,0xff,0x98,0x00,0x0e,0xff,0xde,0x00,0x50,0xff,0xe5,0x00,0x64,0xff,0xe9,
0x00,0x96,0xff,0xbe,0x00,0xa3,0xff,0xba,0x00,0xa8,0xff,0xbb,0x00,0xb6,0xff,0xbb,0x00,0xd6,0xff,0xba,
0x00,0x05,0x01,0x58,0xff,0x81,0x01,0x59,0xff,0x81,0x01,0x65,0xff,0xad,0x01,0x6f,0xff,0x81,0x01,0x70,
0xff,0x81,0x00,0x04,0x01,0x6f,0xff,0xb5,0x01,0x70,0xff,0xb5,0x01,0x85,0xff,0xa9,0x01,0x8b,0xff,0xa6,
0x00,0x02,0x00,0x30,0xff,0xc8,0x01,0x85,0xff,0xa9,0x00,0x0c,0x00,0x0d,0xff,0xec,0x00,0x0e,0xff,0xdf,
0x00,0x21,0xff,0xdf,0x00,0x3f,0xff,0xdf,0x00,0x50,0xff,0xd0,0x00,0x56,0xff,0x98,0x00,0x63,0xff,0xa9,
0x00,0x64,0xff,0xad,0x00,0x6a,0xff,0x8d,0x00,0x96,0xff,0xee,0x00,0xed,0xff,0xdd,0x01,0x40,0xff,0xb0,
0x00,0x0a,0x00,0x01,0xff,0xc4,0x00,0x30,0xff,0xb8,0x00,0x56,0xff,0xca,0x00,0x69,0xff,0xc5,0x00,0x6f,
0xff,0xc3,0x00,0x96,0xff,0xf0,0x00,0xa8,0xff,0xf5,0x00,0xb6,0xff,0xf6,0x00,0xe7,0xff,0xf2,0x01,0x85,
0xff,0xb2,0x00,0x0f,0x00,0x26,0xff,0xd8,0x00,0x2a,0xff,0xd8,0x00,0x2b,0xff,0xd8,0x00,0x2f,0xff,0xd8,
0x00,0x46,0xff,0xee,0x00,0xbb,0xff,0xdc,0x00,0xbf,0xff,0xdc,0x00,0xc0,0xff,0xdc,0x00,0xdd,0xff,0xe6,
0x01,0x76,0xff,0xa0,0x01,0x77,0xff,0x98,0x01,0x91,0xff,0x3f,0x01,0x9c,0xff,0x81,0x01,0x9d,0xff,0x33,
0x01,0xae,0xff,0xbd,0x00,0x08,0x00,0x46,0xff,0xc6,0x00,0xad,0xff,0xad,0x00,0xb2,0xff,0xac,0x00,0xbf,
0x00,0x22,0x00,0xdd,0xff,0xa9,0x01,0x73,0xff,0x81,0x01,0x7d,0xff,0x81,0x01,0x9d,0xff,0x81,0x00,0x08,
0x00,0x30,0xff,0x81,0x00,0x90,0xff,0x81,0x00,0xdd,0xff,0xb8,0x01,0x73,0xff,0x81,0x01,0x75,0xff,0xc4,
0x01,0x77,0xff,0x90,0x01,0x7d,0xff,0x81,0x01,0x9d,0xff,0x81,0x00,0x06,0x00,0x46,0xff,0xc6,0x00,0xdd,
0xff,0xa9,0x00,0xe9,0xff,0xd6,0x01,0x73,0xff,0x34,0x01,0x7d,0xff,0x34,0x01,0x9c,0xff,0x81,0x00,0x0c,
0x00,0x16,0xff,0xdf,0x00,0x30,0xff,0x61,0x00,0x90,0xff,0x33,0x01,0x6c,0xff,0x96,0x01,0x73,0xff,0x33,
0x01,0x74,0xff,0xda,0x01,0x75,0xff,0xc4,0x01,0x76,0xff,0xed,0x01,0x77,0xff,0x90,0x01,0x7d,0xff,0x33,
0x01,0x80,0xff,0x33,0x01,0x9d,0xff,0x33,0x00,0x0c,0x00,0x16,0xff,0xd5,0x00,0x2a,0xff,0xd5,0x00,0x2f,
0xff,0xf9,0x00,0x37,0xff,0xd5,0x00,0x46,0xff,0xda,0x00,0x63,0xff,0x6c,0x00,0xbf,0xff,0xd9,0x00,0xc6,
0xff,0xfa,0x01,0x76,0xff,0x88,0x01,0x9e,0xff,0x33,0x01,0x9f,0xff,0x34,0x01,0xb8,0xff,0xa0,0x00,0x05,
0x00,0x46,0xff,0xda,0x00,0x56,0xff,0x81,0x00,0x63,0xff,0x81,0x00,0x6a,0xff,0x81,0x00,0xc6,0xff,0xfa,
0x00,0x13,0x00,0x2a,0x00,0x00,0x00,0x30,0xff,0x8c,0x00,0x46,0xff,0xcf,0x00,0x90,0xff,0x8c,0x00,0xad,
0xff,0xb1,0x00,0xb2,0xff,0xb1,0x00,0xbf,0x00,0x23,0x00,0xc2,0x00,0x06,0x00,0xe9,0xff,0xde,0x00,0xf0,
0xff,0xc4,0x01,0x58,0xff,0x8c,0x01,0x59,0xff,0x8c,0x01,0x6f,0xff,0x8c,0x01,0x70,0xff,0x8c,0x01,0x73,
0xff,0x8c,0x01,0x75,0xff,0xbe,0x01,0x77,0xff,0x8c,0x01,0x7d,0xff,0x8c,0x01,0x80,0xff,0x8c,0x00,0x1d,
0x00,0x16,0xff,0xe7,0x00,0x30,0xff,0x62,0x00,0x37,0xff,0xe3,0x00,0x46,0xff,0xcf,0x00,0x90,0xff,0x40,
0x00,0xbf,0x00,0x23,0x00,0xdd,0xff,0xb1,0x00,0xe9,0xff,0xde,0x01,0x58,0xff,0x81,0x01,0x59,0xff,0x81,
0x01,0x5c,0xff,0x40,0x01,0x5e,0xff,0xbf,0x01,0x60,0xff,0x81,0x01,0x64,0xff,0xc6,0x01,0x67,0xff,0xd6,
0x01,0x68,0xff,0xd5,0x01,0x6c,0xff,0x9c,0x01,0x73,0xff,0x40,0x01,0x74,0xff,0xde,0x01,0x75,0xff,0xbe,
0x01,0x76,0xff,0xe7,0x01,0x77,0xff,0x80,0x01,0x7d,0xff,0x40,0x01,0x7f,0xff,0x40,0x01,0x80,0xff,0x40,
0x01,0xa3,0xff,0xc7,0x01,0xae,0xff,0xda,0x01,0xb8,0xff,0xc7,0x01,0xbb,0xff,0xa5,0x00,0x01,0x01,0x9c,
0xff,0xb5,0x00,0x03,0x01,0x68,0xff,0xd9,0x01,0x76,0xff,0xa1,0x01,0x9c,0xff,0xb5,0x00,0x08,0x00,0x2a,
0xff,0xdd,0x00,0x46,0xff,0xed,0x00,0xbf,0xff,0xe1,0x01,0x74,0xff,0xdb,0x01,0x75,0xff,0xda,0x01,0x76,
0xff,0xae,0x01,0x77,0xff,0xda,0x01,0x9d,0xff,0xd1,0x00,0x06,0x01,0x58,0xff,0x81,0x01,0x59,0xff,0x81,
0x01,0x7d,0xff,0x81,0x01,0x85,0xff,0xd8,0x01,0x96,0xff,0x81,0x01,0x98,0xff,0x81,0x00,0x03,0x01,0x5c,
0xff,0x86,0x01,0x60,0xff,0x95,0x01,0x91,0xff,0x86,0x00,0x09,0x01,0x57,0xff,0x9c,0x01,0x58,0xff,0x81,
0x01,0x59,0xff,0x81,0x01,0x5a,0xff,0xb4,0x01,0x5b,0xff,0xb4,0x01,0x5c,0xff,0x39,0x01,0x7d,0xff,0x39,
0x01,0x7f,0xff,0x39,0x01,0x85,0xff,0xdc,0x00,0x04,0x01,0x5c,0xff,0x39,0x01,0x60,0xff,0x95,0x01,0x80,
0xff,0x39,0x01,0x91,0xff,0x3f,0x00,0x01,0x01,0x93,0xff,0x3f,0x00,0x04,0x01,0x40,0xff,0xb3,0x01,0x43,
0xff,0xaa,0x01,0x73,0xff,0xd5,0x01,0x81,0xff,0x80,0x00,0x04,0x01,0x67,0xff,0xd0,0x01,0x68,0xff,0xcf,
0x01,0x6f,0xff,0xb1,0x01,0x8f,0xff,0xaf,0x00,0x0e,0x00,0x16,0xff,0xda,0x00,0x46,0xff,0xd9,0x01,0x64,
0xff,0xae,0x01,0x6b,0xff,0xb9,0x01,0x91,0xff,0xd6,0x01,0x9d,0xff,0xd3,0x01,0xa3,0xff,0xad,0x01,0xa6,
0xff,0xdf,0x01,0xae,0xff,0xc2,0x01,0xaf,0xff,0xb1,0x01,0xb8,0xff,0xa1,0x01,0xba,0xff,0x88,0x01,0xbb,
0xff,0x84,0x01,0xbc,0xff,0xab,0x00,0x08,0x00,0x16,0xff,0xd8,0x00,0x46,0xff,0xd0,0x00,0xdd,0xff,0xc8,
0x00,0xfa,0xff,0xa8,0x01,0x5c,0xff,0xbd,0x01,0x64,0xff,0xa9,0x01,0xb8,0xff,0x9e,0x01,0xbb,0xff,0x89,
0x00,0x04,0x01,0x6f,0xff,0xbe,0x01,0x70,0xff,0xbe,0x01,0x85,0xff,0xc1,0x01,0x87,0xff,0xc3,0x00,0x06,
0x01,0x3f,0xff,0xc6,0x01,0x40,0xff,0xc7,0x01,0x43,0xff,0xba,0x01,0x57,0xff,0xb1,0x01,0x7d,0xff,0xaa,
0x01,0x84,0xff,0xb3,0x00,0x07,0x01,0x74,0xff,0xde,0x01,0x76,0xff,0xd1,0x01,0x87,0xff,0xb3,0x01,0x93,
0xff,0xc5,0x01,0xb6,0xff,0xdb,0x01,0xb8,0xff,0xdc,0x01,0xbc,0xff,0xc0,0x00,0x32,0x00,0x14,0xff,0xdc,
0x00,0x16,0xff,0xdc,0x00,0x26,0xff,0xdd,0x00,0x2a,0x00,0x00,0x00,0x37,0xff,0xdc,0x00,0x46,0xff,0xbc,
0x00,0x55,0xff,0xb9,0x00,0xa9,0xff,0xc7,0x00,0xbf,0xff,0xf4,0x00,0xc5,0x00,0x00,0x00,0xc6,0x00,0x00,
0x00,0xce,0xff,0xd8,0x00,0xdd,0xff,0xc3,0x00,0xe9,0xff,0xe5,0x00,0xf4,0xff,0xbc,0x00,0xfa,0xff,0xb1,
0x01,0x08,0xff,0xe0,0x01,0x15,0x00,0x00,0x01,0x5c,0xff,0xb7,0x01,0x5f,0xff,0xc0,0x01,0x62,0xff,0x91,
0x01,0x64,0xff,0xa9,0x01,0x6e,0xff,0xc7,0x01,0x74,0xff,0xdb,0x01,0x75,0xff,0xd6,0x01,0x76,0xff,0xc2,
0x01,0x77,0xff,0xef,0x01,0x7c,0xff,0xc7,0x01,0x91,0xff,0xda,0x01,0x93,0xff,0xe0,0x01,0x9c,0xff,0xd9,
0x01,0x9d,0xff,0xd9,0x01,0xa2,0xff,0x80,0x01,0xa3,0xff,0xa1,0x01,0xa4,0xff,0xae,0x01,0xa6,0xff,0xcf,
0x01,0xa7,0xff,0xab,0x01,0xa8,0xff,0xab,0x01,0xaa,0xff,0xd1,0x01,0xad,0xff,0xad,0x01,0xae,0xff,0xc0,
0x01,0xaf,0xff,0xb1,0x01,0xb0,0xff,0xcd,0x01,0xb3,0xff,0xc0,0x01,0xb6,0xff,0xab,0x01,0xb8,0xff,0xa6,
0x01,0xb9,0xff,0xaf,0x01,0xba,0xff,0x8b,0x01,0xbb,0xff,0x81,0x01,0xbc,0xff,0xae,0x00,0x03,0x00,0x26,
0xff,0xcb,0x01,0x8f,0xff,0x80,0x01,0x9d,0xff,0x33,0x00,0x11,0x01,0x3f,0xff,0xac,0x01,0x40,0xff,0xa4,
0x01,0x42,0xff,0xb6,0x01,0x43,0xff,0x3b,0x01,0x44,0xff,0xb6,0x01,0x45,0xff,0xb1,0x01,0x46,0xff,0xb3,
0x01,0x47,0xff,0xb8,0x01,0x48,0xff,0xb6,0x01,0x49,0xff,0xe5,0x01,0x63,0xff,0x34,0x01,0x80,0x00,0x2e,
0x01,0x84,0xff,0xb6,0x01,0x93,0xff,0x39,0x01,0x9a,0xff,0x40,0x01,0x9b,0xff,0x8c,0x01,0x9f,0xff,0x34,
0x00,0x03,0x01,0x76,0xff,0x78,0x01,0x77,0xff,0xa1,0x01,0x93,0xff,0x39,0x00,0x02,0x01,0x76,0xff,0x78,
0x01,0x9d,0xff,0x9e,0x00,0x15,0x00,0x16,0xff,0xeb,0x00,0x26,0xff,0xcb,0x00,0x2a,0xff,0xcb,0x00,0x2b,
0xff,0xcb,0x00,0x2f,0xff,0xcb,0x00,0x37,0xff,0xf2,0x00,0x46,0xff,0xde,0x00,0xbb,0xff,0xcf,0x00,0xbf,
0xff,0xcf,0x00,0xc0,0xff,0xcf,0x00,0xdd,0xff,0xe7,0x01,0x5f,0xff,0x75,0x01,0x76,0xff,0x78,0x01,0x77,
0xff,0xa3,0x01,0x87,0xff,0xaa,0x01,0x91,0xff,0x9d,0x01,0x93,0xff,0x39,0x01,0x9a,0xff,0x40,0x01,0x9b,
0xff,0x8c,0x01,0x9d,0xff,0xa0,0x01,0xae,0xff,0xcf,0x00,0x06,0x00,0x01,0xff,0xc7,0x00,0x30,0xff,0xc7,
0x00,0x56,0xff,0xc7,0x00,0x69,0xff,0xc7,0x00,0x6f,0xff,0xc7,0x01,0x85,0xff,0xc7,0x00,0x05,0x01,0x40,
0xff,0xa5,0x01,0x43,0xff,0x9c,0x01,0x97,0xff,0xb3,0x01,0x9a,0xff,0x77,0x01,0x9f,0xff,0x82,0x00,0x03,
0x01,0x74,0xff,0xf1,0x01,0x76,0x00,0x00,0x01,0x77,0xff,0xab,0x00,0x0d,0x00,0x01,0xff,0xe1,0x00,0x0d,
0xff,0xe7,0x00,0x0e,0xff,0xed,0x00,0x21,0xff,0xee,0x00,0x3f,0xff,0xec,0x00,0x4b,0xff,0xed,0x00,0x50,
0xff,0xe4,0x00,0x56,0xff,0xa3,0x00,0x59,0xff,0xe2,0x00,0x63,0xff,0xbc,0x00,0x6a,0xff,0xb2,0x01,0x75,
0xff,0xe4,0x01,0x9a,0xff,0xbe,0x00,0x02,0x01,0x74,0xff,0xe4,0x01,0x76,0xff,0xdc,0x00,0x06,0x01,0x76,
0xff,0x88,0x01,0x8f,0xff,0xd5,0x01,0x9a,0xff,0x40,0x01,0x9b,0xff,0x8c,0x01,0x9e,0xff,0x33,0x01,0x9f,
0xff,0x34,0x00,0x01,0x01,0x85,0xff,0xb9,0x00,0x03,0x01,0x45,0xff,0xbf,0x01,0x9a,0xff,0x81,0x01,0x9b,
0xff,0x8c,0x00,0x0c,0x01,0x3d,0xff,0x81,0x01,0x3e,0xff,0x81,0x01,0x45,0xff,0xbf,0x01,0x67,0xff,0xbd,
0x01,0x68,0xff,0xcd,0x01,0x6b,0xff,0x88,0x01,0x74,0xff,0xd0,0x01,0x76,0xff,0x88,0x01,0x87,0xff,0xbd,
0x01,0x8f,0xff,0xd5,0x01,0x9a,0xff,0x81,0x01,0x9b,0xff,0x8c,0x00,0x09,0x00,0x01,0xff,0xc7,0x00,0x30,
0xff,0xc7,0x00,0x56,0xff,0xc7,0x00,0x69,0xff,0xc7,0x00,0x6a,0xff,0xc7,0x00,0x6f,0xff,0xc7,0x01,0x40,
0xff,0xd3,0x01,0x49,0xff,0xd3,0x01,0x85,0xff,0xc7,0x00,0x04,0x00,0x0e,0xff,0xe3,0x00,0x4b,0xff,0xe3,
0x00,0x56,0xff,0xa6,0x00,0x6a,0xff,0xa8,0x00,0x01,0x01,0x6b,0xff,0xda,0x00,0x02,0x01,0x81,0xff,0xab,
0x01,0x8b,0xff,0xc2,0x00,0x05,0x00,0x01,0xff,0xce,0x00,0x56,0xff,0xc2,0x01,0x3f,0xff,0xe5,0x01,0x8a,
0xff,0xd0,0x01,0x8b,0xff,0xb2,0x00,0x0d,0x00,0x56,0xff,0x82,0x00,0x63,0xff,0x80,0x00,0x64,0xff,0x85,
0x00,0x6a,0xff,0x7e,0x00,0xb5,0xff,0xca,0x00,0xed,0xff,0xc0,0x01,0x63,0xff,0x99,0x01,0x9a,0xff,0x80,
0x01,0x9b,0xff,0x8c,0x01,0x9e,0xff,0x84,0x01,0x9f,0xff,0x8c,0x01,0xa0,0xff,0x84,0x01,0xa1,0xff,0x8c,
0x00,0x04,0x00,0x46,0xff,0xca,0x00,0xdd,0xff,0xb7,0x01,0x9d,0xff,0x7d,0x01,0xae,0xff,0xd0,0x00,0x0a,
0x00,0x01,0xff,0xc4,0x00,0x30,0xff,0xac,0x00,0x56,0xff,0xbe,0x00,0x96,0xff,0xe8,0x01,0x43,0xff,0xed,
0x01,0x44,0xff,0xed,0x01,0x46,0xff,0xc2,0x01,0x6f,0xff,0xa1,0x01,0x70,0xff,0xa1,0x01,0x85,0xff,0xb3,
0x00,0x02,0x00,0x56,0xff,0x6d,0x01,0x85,0xff,0x91,0x00,0x0b,0x00,0x0e,0xff,0xa8,0x00,0x3f,0xff,0xa7,
0x00,0x4b,0xff,0xa7,0x00,0x50,0xff,0xb3,0x00,0x56,0xff,0x6b,0x00,0x63,0xff,0x65,0x00,0x6a,0xff,0x5c,
0x00,0x91,0xff,0xa7,0x00,0xa3,0xff,0xb7,0x00,0xac,0xff,0xb7,0x00,0xe2,0xff,0xb8,0x00,0x03,0x00,0x56,
0xff,0xa1,0x00,0x63,0xff,0xbd,0x00,0x6a,0xff,0xb0,0x00,0x02,0x01,0x5f,0xff,0xda,0x01,0x93,0xff,0xd9,
0x00,0x0b,0x00,0x56,0xff,0x63,0x00,0xfb,0xff,0xb6,0x01,0x84,0xff,0xbd,0x01,0x85,0xff,0xb7,0x01,0x89,
0xff,0xbd,0x01,0x92,0xff,0x39,0x01,0x93,0xff,0x39,0x01,0x94,0xff,0x86,0x01,0x95,0xff,0x81,0x01,0x97,
0xff,0xd0,0x01,0x9a,0xff,0x40,0x00,0x0c,0x00,0x56,0xff,0x8c,0x00,0x63,0xff,0xbd,0x00,0x6a,0xff,0xaf,
0x01,0x3f,0xff,0xeb,0x01,0x40,0xff,0xd5,0x01,0x42,0xff,0xdc,0x01,0x43,0xff,0xcb,0x01,0x44,0xff,0xdf,
0x01,0x46,0xff,0xb1,0x01,0x84,0xff,0xd6,0x01,0x85,0xff,0xb7,0x01,0x9a,0xff,0xbd,0x00,0x01,0x01,0x93,
0xff,0x81,0x00,0x04,0x01,0x3d,0xff,0x81,0x01,0x3e,0xff,0x81,0x01,0x5f,0xff,0x82,0x01,0x93,0xff,0x81,
0x00,0x0a,0x00,0x01,0xff,0xb3,0x00,0x30,0xff,0x9b,0x00,0x56,0xff,0x83,0x00,0x63,0xff,0xb3,0x00,0x69,
0xff,0x83,0x00,0x6a,0xff,0x95,0x00,0x6f,0xff,0x9c,0x01,0x46,0xff,0x95,0x01,0x85,0xff,0x80,0x01,0xb9,
0xff,0xbf,0x00,0x07,0x00,0xa8,0xff,0xf1,0x00,0xac,0xff,0xf0,0x00,0xb6,0xff,0xf0,0x01,0x45,0x00,0x0b,
0x01,0xaa,0xff,0xfa,0x01,0xb6,0xff,0xf2,0x01,0xbb,0xff,0xc9,0x00,0x06,0x01,0x3e,0xff,0xe6,0x01,0x80,
0xff,0xae,0x01,0x87,0xff,0xc7,0x01,0x8f,0xff,0xbc,0x01,0xaa,0xff,0xe0,0x01,0xb6,0xff,0xeb,0x00,0x07,
0x00,0x01,0xff,0xec,0x00,0x56,0xff,0xe8,0x00,0xed,0x00,0x00,0x01,0x00,0xff,0xee,0x01,0x3e,0xff,0xef,
0x01,0x8f,0xff,0xd1,0x01,0xaa,0xff,0xed,0x00,0x06,0x01,0x45,0xff,0xeb,0x01,0x67,0xff,0xe1,0x01,0x80,
0xff,0x98,0x01,0xaa,0xff,0xfe,0x01,0xb6,0xff,0xd4,0x01,0xbb,0xff,0xad,0x00,0x07,0x00,0x01,0xff,0xed,
0x00,0x56,0xff,0xea,0x01,0x00,0xff,0xee,0x01,0x3e,0xff,0xf0,0x01,0x45,0x00,0x14,0x01,0x8f,0xff,0xd0,
0x01,0xaa,0xff,0xee,0x00,0x0d,0x00,0x01,0xff,0xec,0x00,0xed,0xff,0xf2,0x00,0xfa,0xff,0xe9,0x01,0x00,
0xff,0xe0,0x01,0x3d,0xff,0xdc,0x01,0x3e,0xff,0xd8,0x01,0x76,0xff,0xd4,0x01,0x87,0xff,0xe1,0x01,0x8f,
0xff,0xdb,0x01,0xaa,0xff,0xd7,0x01,0xb6,0xff,0xf0,0x01,0xbc,0xff,0xb1,0x01,0xbe,0xff,0xf2,0x00,0x10,
0x00,0x01,0xff,0xeb,0x00,0x56,0xff,0xd6,0x00,0x63,0xff,0xdd,0x00,0x64,0xff,0xdd,0x00,0x69,0xff,0xdd,
0x00,0x6a,0xff,0xdd,0x00,0xed,0xff,0xeb,0x01,0x00,0xff,0xd9,0x01,0x01,0xff,0xe4,0x01,0x3d,0xff,0xd6,
0x01,0x3e,0xff,0xd1,0x01,0x76,0xff,0xce,0x01,0x87,0xff,0xcd,0x01,0x8f,0xff,0xc3,0x01,0xaa,0xff,0xce,
0x01,0xb6,0xff,0xf9,0x00,0x0a,0x00,0x01,0xff,0xee,0x00,0x0e,0x00,0x0e,0x00,0x69,0xff,0xea,0x01,0x00,
0xff,0xf0,0x01,0x3d,0xff,0xf4,0x01,0x3e,0xff,0xf1,0x01,0x87,0xff,0xd6,0x01,0x8f,0xff,0xd4,0x01,0xaa,
0xff,0xef,0x01,0xb6,0xff,0xf6,0x00,0x0e,0x00,0x01,0xff,0xec,0x00,0x0d,0xff,0xf1,0x00,0x96,0xff,0xf7,
0x00,0xac,0xff,0xfb,0x00,0xe7,0xff,0xfb,0x01,0x00,0xff,0xeb,0x01,0x3d,0xff,0xf0,0x01,0x3e,0xff,0xe7,
0x01,0x67,0xff,0xe2,0x01,0x74,0xff,0xe9,0x01,0x87,0xff,0xd9,0x01,0x8f,0xff,0xda,0x01,0xaa,0xff,0xe5,
0x01,0xb6,0xff,0xe2,0x00,0x14,0x00,0xbf,0x00,0x1c,0x01,0x3e,0xff,0xe8,0x01,0x3f,0x00,0x0f,0x01,0x42,
0xff,0xf7,0x01,0x45,0x00,0x10,0x01,0x46,0xff,0xdb,0x01,0x47,0x00,0x10,0x01,0x48,0x00,0x10,0x01,0x67,
0xff,0xe5,0x01,0x6f,0xff,0xbb,0x01,0x70,0xff,0xbb,0x01,0x76,0xff,0xea,0x01,0x80,0xff,0xac,0x01,0x87,
0xff,0xc6,0x01,0x8f,0xff,0xb9,0x01,0xaa,0xff,0xe2,0x01,0xaf,0x00,0x19,0x01,0xb6,0xff,0xf0,0x01,0xbb,
0xff,0xe7,0x01,0xbc,0xff,0xd9,0x00,0x04,0x01,0x57,0xff,0xba,0x01,0x65,0xff,0x99,0x01,0x7d,0xff,0x9d,
0x01,0x85,0xff,0xcc,0x00,0x02,0x01,0x7d,0xff,0xa6,0x01,0x85,0xff,0xcf,0x00,0x09,0x00,0x56,0xff,0xef,
0x00,0x64,0xff,0xeb,0x00,0xa9,0xff,0xfd,0x00,0xc6,0xff,0xf8,0x00,0xdd,0x00,0x08,0x01,0x73,0xff,0xd3,
0x01,0x80,0xff,0xd8,0x01,0xb8,0xff,0xe3,0x01,0xbb,0xff,0xd5,0x00,0x08,0x00,0x56,0xff,0xa2,0x00,0x69,
0xff,0xc2,0x00,0x6a,0xff,0xbe,0x00,0xce,0x00,0x00,0x01,0x46,0xff,0xa6,0x01,0x73,0xff,0xb2,0x01,0x80,
0xff,0xb0,0x01,0x87,0xff,0xbe,0x00,0x06,0x00,0xdd,0x00,0x08,0x01,0x63,0xff,0xe5,0x01,0x73,0xff,0xd4,
0x01,0x80,0xff,0xd8,0x01,0x93,0xff,0xdd,0x01,0xbb,0xff,0xd5,0x00,0x02,0x01,0x5f,0xff,0xe1,0x01,0x93,
0xff,0xdb,0x00,0x01,0x00,0xa9,0xff,0xf0,0x00,0x01,0x00,0xa9,0xff,0xef,0x00,0x01,0x01,0x85,0xff,0xe0,
0x00,0x05,0x00,0xc4,0xff,0xef,0x00,0xce,0xff,0xf7,0x01,0x46,0xff,0xb9,0x01,0xa9,0xff,0xb2,0x01,0xbb,
0xff,0xc5,0x00,0x01,0x01,0x9b,0xff,0xe8,0x00,0x02,0x00,0xa9,0xff,0xec,0x01,0x85,0xff,0xce,0x00,0x08,
0x00,0xa9,0xff,0xec,0x00,0xce,0x00,0x00,0x01,0x46,0xff,0xa5,0x01,0x5c,0xff,0xab,0x01,0x87,0xff,0xbd,
0x01,0xa4,0xff,0xe0,0x01,0xa9,0xff,0xbb,0x01,0xbb,0xff,0xd7,0x00,0x09,0x00,0xc4,0xff,0xf3,0x01,0x43,
0xff,0xce,0x01,0x44,0xff,0xe7,0x01,0x46,0xff,0xb9,0x01,0x47,0xff,0xf5,0x01,0x87,0xff,0xd9,0x01,0xa9,
0xff,0xb0,0x01,0xb8,0xff,0xe9,0x01,0xbc,0xff,0xd6,0x00,0x07,0x00,0xbb,0xff,0xfc,0x00,0xc4,0xff,0xfb,
0x00,0xce,0x00,0x00,0x01,0x46,0xff,0xa6,0x01,0x87,0xff,0xbe,0x01,0xa9,0xff,0xb9,0x01,0xbb,0xff,0xd9,
0x00,0x09,0x00,0xa9,0xff,0xec,0x00,0xac,0xff,0xf3,0x00,0xc4,0xff,0xf7,0x00,0xd6,0xff,0xf3,0x00,0xdd,
0xff,0xf3,0x01,0x43,0xff,0xd6,0x01,0x46,0xff,0xa5,0x01,0x87,0xff,0xbc,0x01,0xa9,0xff,0xbb,0x00,0x01,
0x00,0xa9,0xff,0xfd,0x00,0x0a,0x00,0x56,0xff,0xa1,0x00,0xa9,0xff,0xfd,0x00,0xbb,0xff,0xf9,0x00,0xc4,
0xff,0xf9,0x01,0x46,0xff,0xb5,0x01,0x87,0xff,0xd1,0x01,0x9b,0xff,0xc2,0x01,0xa9,0xff,0xb2,0x01,0xbb,
0xff,0xd5,0x01,0xbc,0xff,0xc8,0x00,0x01,0x01,0x70,0xff,0xf9,0x00,0x01,0x00,0xc8,0x00,0x00,0x00,0x08,
0x00,0xa3,0xff,0xf5,0x00,0xac,0xff,0xf5,0x01,0x43,0xff,0xd1,0x01,0x46,0xff,0xc0,0x01,0x87,0xff,0xe5,
0x01,0xa9,0xff,0xbc,0x01,0xb8,0x00,0x00,0x01,0xbb,0xff,0xc8,0x00,0x1d,0x00,0x96,0x00,0x00,0x00,0xac,
0xff,0xfe,0x00,0xb5,0x00,0x00,0x00,0xb6,0xff,0xfe,0x00,0xbc,0x00,0x00,0x00,0xed,0x00,0x00,0x00,0xf0,
0x00,0x00,0x00,0xfa,0x00,0x00,0x00,0xfb,0x00,0x00,0x01,0x06,0xff,0xee,0x01,0x37,0x00,0x00,0x01,0x39,
0x00,0x00,0x01,0x3a,0x00,0x00,0x01,0x3b,0x00,0x00,0x01,0x3c,0x00,0x00,0x01,0x57,0xff,0xd5,0x01,0x58,
0xff,0xd8,0x01,0x59,0xff,0xda,0x01,0x6f,0xff,0xd7,0x01,0x70,0xff,0xda,0x01,0x71,0xff,0xe0,0x01,0x7d,
0xff,0xdf,0x01,0x85,0xff,0xc1,0x01,0x97,0xff,0xe7,0x01,0x99,0xff,0xe7,0x01,0x9b,0xff,0xd6,0x01,0x9e,
0xff,0xdb,0x01,0xa0,0xff,0xdb,0x01,0xa1,0xff,0xd9,0x00,0x01,0x01,0x70,0xff,0xeb,0x00,0x05,0x00,0x2f,
0x00,0x0b,0x00,0xa5,0x00,0x12,0x00,0xc4,0x00,0x0a,0x01,0x85,0xff,0xec,0x01,0x9a,0xff,0xe5,0x00,0x11,
0x00,0x96,0x00,0x14,0x00,0xa3,0x00,0x15,0x00,0xa4,0x00,0x15,0x00,0xac,0x00,0x15,0x00,0xae,0x00,0x15,
0x00,0xbc,0x00,0x0b,0x00,0xd1,0x00,0x06,0x00,0xd6,0x00,0x15,0x00,0xf0,0x00,0x0a,0x00,0xf9,0x00,0x0a,
0x00,0xfb,0x00,0x00,0x01,0x3a,0x00,0x00,0x01,0x57,0xff,0xe9,0x01,0x6f,0xff,0xea,0x01,0x70,0xff,0xed,
0x01,0x7d,0xff,0xd7,0x01,0x85,0xff,0xcc,0x00,0x0b,0x00,0xa3,0x00,0x12,0x00,0xac,0x00,0x12,0x00,0xc6,
0x00,0x08,0x00,0xce,0x00,0x11,0x00,0xdd,0x00,0x1b,0x01,0x46,0xff,0xbe,0x01,0x87,0xff,0xd0,0x01,0xa9,
0xff,0xb5,0x01,0xb8,0xff,0xec,0x01,0xbb,0xff,0xdf,0x01,0xbc,0xff,0xc4,0x00,0x11,0x00,0x96,0xff,0xf1,
0x00,0x97,0xff,0xf1,0x00,0xa3,0xff,0xee,0x00,0xac,0xff,0xee,0x00,0xbe,0xff,0xf8,0x00,0xd6,0xff,0xee,
0x00,0xe7,0xff,0xf2,0x00,0xf0,0xff,0xf8,0x00,0xf9,0xff,0xf8,0x01,0x21,0xff,0xef,0x01,0x22,0xff,0xef,
0x01,0x57,0xff,0xd6,0x01,0x58,0xff,0x9b,0x01,0x59,0xff,0x9a,0x01,0x6f,0xff,0x9b,0x01,0x70,0xff,0x9b,
0x01,0x7d,0xff,0xa5,0x00,0x09,0x00,0xa8,0xff,0xef,0x00,0xd2,0xff,0xf5,0x00,0xe7,0xff,0xf1,0x00,0xed,
0x00,0x0c,0x01,0x58,0xff,0x9b,0x01,0x59,0xff,0x9a,0x01,0x6f,0xff,0x9b,0x01,0x70,0xff,0x9b,0x01,0x7d,
0xff,0xa5,0x00,0x0b,0x00,0xa9,0xff,0xe5,0x00,0xc4,0xff,0xf5,0x00,0xd6,0x00,0x00,0x00,0xdd,0xff,0xee,
0x01,0x43,0xff,0xbf,0x01,0x46,0xff,0xa7,0x01,0x5c,0xff,0x9f,0x01,0x87,0xff,0xbc,0x01,0xa4,0xff,0xcc,
0x01,0xa9,0xff,0xbc,0x01,0xbb,0xff,0xc9,0x00,0x06,0x00,0xc4,0xff,0xfe,0x00,0xdd,0x00,0x0c,0x01,0x46,
0xff,0xb4,0x01,0x87,0xff,0xc4,0x01,0xa9,0xff,0xaf,0x01,0xbc,0xff,0xb7,0x00,0x11,0x00,0xa8,0x00,0x0a,
0x00,0xac,0x00,0x08,0x00,0xb6,0x00,0x0a,0x00,0xbc,0x00,0x14,0x00,0xc6,0x00,0x0f,0x00,0xed,0x00,0x03,
0x01,0x57,0xff,0xe9,0x01,0x58,0xff,0xcc,0x01,0x59,0xff,0xcf,0x01,0x65,0xff,0xd8,0x01,0x6f,0xff,0xca,
0x01,0x70,0xff,0xcf,0x01,0x7d,0xff,0xe7,0x01,0x85,0xff,0xaf,0x01,0x89,0xff,0xad,0x01,0x9a,0xff,0xcc,
0x01,0x9e,0xff,0xd3,0x00,0x01,0x01,0x85,0xff,0xd3,0x00,0x02,0x00,0xa9,0x00,0x00,0x00,0xd9,0x00,0x00,
0x00,0x02,0x00,0xa9,0x00,0x00,0x00,0xce,0x00,0x11,0x00,0x11,0x00,0x56,0xff,0x96,0x00,0xa9,0x00,0x00,
0x00,0xce,0x00,0x11,0x00,0xd6,0x00,0x00,0x01,0x01,0xff,0xf0,0x01,0x46,0xff,0xb4,0x01,0x85,0xff,0xad,
0x01,0x87,0xff,0xc3,0x01,0x89,0xff,0xad,0x01,0x9a,0xff,0xb1,0x01,0x9b,0xff,0xb1,0x01,0x9f,0xff,0xb3,
0x01,0xa1,0xff,0xb3,0x01,0xa9,0xff,0xaf,0x01,0xb8,0xff,0xf3,0x01,0xbb,0xff,0xe7,0x01,0xbc,0xff,0xb5,
0x00,0x01,0x01,0x89,0xff,0xe0,0x00,0x01,0x01,0x9a,0xff,0xc6,0x00,0x11,0x00,0xbb,0xff,0xfd,0x00,0xc4,
0xff,0xfd,0x00,0xd6,0x00,0x00,0x00,0xdd,0x00,0x09,0x00,0xfa,0xff,0xec,0x01,0x3e,0xff,0xc4,0x01,0x42,
0xff,0xec,0x01,0x46,0xff,0xb3,0x01,0x49,0xff,0xf7,0x01,0x66,0xff,0xb2,0x01,0x87,0xff,0xd2,0x01,0xa3,
0xff,0xfa,0x01,0xa9,0xff,0xab,0x01,0xb6,0xff,0xe0,0x01,0xb8,0xff,0xe0,0x01,0xbb,0xff,0xd9,0x01,0xbc,
0xff,0xb8,0x00,0x0d,0x00,0xbb,0xff,0xfd,0x00,0xc4,0xff,0xfd,0x00,0xdd,0x00,0x0a,0x01,0x3e,0xff,0xc5,
0x01,0x46,0xff,0xb3,0x01,0x49,0xff,0xf7,0x01,0x66,0xff,0xb3,0x01,0x87,0xff,0xd2,0x01,0xa9,0xff,0xab,
0x01,0xb6,0xff,0xe0,0x01,0xb8,0xff,0xe0,0x01,0xbb,0xff,0xd9,0x01,0xbc,0xff,0xb9,0x00,0x14,0x00,0x96,
0x00,0x00,0x00,0x9e,0x00,0x00,0x00,0xa3,0x00,0x00,0x00,0xa8,0x00,0x07,0x00,0xac,0x00,0x00,0x00,0xb4,
0x00,0x00,0x00,0xb6,0x00,0x0d,0x00,0xce,0x00,0x1b,0x00,0xd6,0x00,0x00,0x00,0xd7,0x00,0x00,0x00,0xed,
0x00,0x1a,0x01,0x01,0x00,0x14,0x01,0x57,0xff,0xf8,0x01,0x58,0xff,0xce,0x01,0x59,0xff,0xce,0x01,0x6f,
0xff,0xce,0x01,0x70,0xff,0xce,0x01,0x7d,0xff,0xd0,0x01,0x85,0xff,0xd7,0x01,0x9b,0xff,0xf2,0x00,0x03,
0x00,0xd2,0xff,0xf9,0x01,0x06,0xff,0xee,0x01,0x08,0xff,0xee,0x00,0x09,0x00,0xa3,0xff,0xe2,0x00,0xac,
0xff,0xe2,0x00,0xc4,0xff,0xf9,0x00,0xce,0xff,0xf4,0x01,0x43,0xff,0xc4,0x01,0x46,0xff,0xbc,0x01,0xa4,
0xff,0xde,0x01,0xa9,0xff,0xb3,0x01,0xbb,0xff,0xbc,0x00,0x02,0x00,0xc6,0x00,0x00,0x00,0xdd,0x00,0x0c,
0x00,0x02,0x01,0x85,0x00,0x00,0x01,0x9a,0x00,0x00,0x00,0x01,0x01,0x85,0xff,0xd4,0x00,0x02,0x00,0xa9,
0xff,0xfd,0x00,0xdd,0x00,0x09,0x00,0x0d,0x00,0x96,0xff,0xfc,0x00,0xa8,0xff,0xfe,0x00,0xe2,0xff,0xfe,
0x00,0xe7,0xff,0xfe,0x00,0xed,0xff,0xfd,0x00,0xfa,0xff,0xf7,0x00,0xfb,0xff,0xfb,0x01,0x00,0xff,0xef,
0x01,0x3a,0xff,0xfb,0x01,0x57,0xff,0xdc,0x01,0x6f,0xff,0xd4,0x01,0x70,0xff,0xd4,0x01,0x7d,0xff,0xcf,
0x00,0x10,0x00,0x96,0xff,0xfd,0x01,0x00,0x00,0x00,0x01,0x01,0x00,0x00,0x01,0x06,0x00,0x00,0x01,0x57,
0xff,0xdc,0x01,0x58,0xff,0xd5,0x01,0x59,0xff,0xd4,0x01,0x65,0xff,0xdd,0x01,0x6f,0xff,0xd4,0x01,0x70,
0xff,0xd4,0x01,0x71,0xff,0xe7,0x01,0x7d,0xff,0xcf,0x01,0x85,0xff,0xf3,0x01,0x97,0xff,0xe1,0x01,0x9a,
0x00,0x23,0x01,0x9b,0x00,0x23,0x00,0x04,0x00,0xa9,0x00,0x0c,0x00,0xce,0x00,0x11,0x00,0xe9,0x00,0x1a,
0x01,0x08,0x00,0x10,0x00,0x06,0x00,0xa9,0xff,0xfe,0x00,0xdd,0x00,0x0d,0x01,0x87,0xff,0xe8,0x01,0xb8,
0xff,0xe6,0x01,0xbb,0xff,0xd8,0x01,0xbc,0xff,0xd2,0x00,0x01,0x00,0xbb,0xff,0xfd,0x00,0x0a,0x00,0xc4,
0xff,0xfd,0x00,0xdd,0x00,0x09,0x01,0x42,0xff,0xec,0x01,0x46,0xff,0xb3,0x01,0x66,0xff,0xb2,0x01,0x87,
0xff,0xd2,0x01,0xa9,0xff,0xab,0x01,0xb8,0xff,0xe0,0x01,0xbb,0xff,0xd9,0x01,0xbc,0xff,0xb8,0x00,0x01,
0x00,0xc6,0x00,0x00,0x00,0x01,0x00,0xc4,0xff,0xf9,0x00,0x06,0x00,0x9b,0xff,0xf1,0x00,0xa9,0xff,0xe6,
0x00,0xc2,0x00,0x17,0x00,0xc4,0x00,0x22,0x00,0xdd,0xff,0xec,0x01,0x43,0xff,0xc5,0x00,0x01,0x00,0xce,
0x00,0x12,0x00,0x01,0x01,0x9a,0xff,0xcc,0x00,0x01,0x01,0x85,0xff,0xb3,0x00,0x0b,0x00,0xce,0x00,0x12,
0x00,0xdd,0x00,0x08,0x01,0x01,0xff,0xf2,0x01,0x46,0xff,0xb0,0x01,0x49,0xff,0xf0,0x01,0x5c,0xff,0xd5,
0x01,0x87,0xff,0xc0,0x01,0xa9,0xff,0xb0,0x01,0xb8,0xff,0xf3,0x01,0xbb,0xff,0xe8,0x01,0xbc,0xff,0xb8,
0x00,0x12,0x00,0x96,0x00,0x04,0x00,0xa8,0x00,0x09,0x00,0xac,0x00,0x05,0x00,0xb6,0x00,0x08,0x00,0xe7,
0x00,0x08,0x00,0xfa,0xff,0xfe,0x01,0x57,0xff,0xf3,0x01,0x58,0xff,0xc1,0x01,0x59,0xff,0xc5,0x01,0x6f,
0xff,0xc1,0x01,0x70,0xff,0xc4,0x01,0x71,0xff,0xed,0x01,0x7d,0xff,0xe5,0x01,0x85,0xff,0xc3,0x01,0x89,
0xff,0xc4,0x01,0x9a,0xff,0xd4,0x01,0x9e,0xff,0xd9,0x01,0xa0,0xff,0xd9,0x00,0x02,0x00,0xbc,0xff,0xfc,
0x01,0x9a,0xff,0xd7,0x00,0x07,0x00,0xc4,0xff,0xf8,0x01,0x46,0xff,0xb5,0x01,0x85,0xff,0xb1,0x01,0x87,
0xff,0xbb,0x01,0xa9,0xff,0xb4,0x01,0xb8,0xff,0xe6,0x01,0xbc,0xff,0xbc,0x00,0x07,0x00,0xc4,0xff,0xfe,
0x00,0xdd,0x00,0x0c,0x00,0xfa,0xff,0xf5,0x01,0x46,0xff,0xb4,0x01,0x87,0xff,0xc4,0x01,0xa9,0xff,0xaf,
0x01,0xbc,0xff,0xb7,0x00,0x01,0x00,0xce,0x00,0x00,0x00,0x02,0x01,0x9a,0xff,0xb4,0x01,0x9b,0xff,0xb4,
0x00,0x01,0x00,0xa9,0x00,0x00,0x00,0x15,0x00,0x56,0xff,0x9a,0x00,0xa9,0x00,0x00,0x00,0xbb,0x00,0x00,
0x00,0xc4,0x00,0x00,0x00,0xce,0x00,0x00,0x00,0xfa,0xff,0xec,0x01,0x11,0x00,0x00,0x01,0x42,0xff,0xec,
0x01,0x46,0xff,0xb6,0x01,0x49,0xff,0xf8,0x01,0x66,0xff,0xb2,0x01,0x85,0xff,0xc6,0x01,0x87,0xff,0xd5,
0x01,0x9a,0xff,0xb4,0x01,0x9b,0xff,0xb4,0x01,0x9f,0xff,0xb6,0x01,0xa1,0xff,0xb6,0x01,0xa9,0xff,0xab,
0x01,0xb8,0xff,0xe0,0x01,0xbb,0xff,0xd9,0x01,0xbc,0xff,0xb8,0x00,0x09,0x00,0x46,0x00,0x0d,0x00,0xc4,
0x00,0x0a,0x00,0xdd,0x00,0x0f,0x01,0x42,0x00,0x00,0x01,0x47,0x00,0x16,0x01,0x48,0x00,0x15,0x01,0x49,
0x00,0x13,0x01,0xa4,0xff,0xfd,0x01,0xae,0x00,0x07,0x00,0x01,0x00,0xc4,0x00,0x17,0x00,0x01,0x01,0x05,
0xff,0xd2,0x00,0x02,0x01,0x57,0xff,0xd8,0x01,0x7d,0xff,0xcb,0x00,0x0e,0x00,0x37,0xff,0xed,0x00,0xce,
0xff,0xe5,0x01,0x42,0xff,0xe5,0x01,0x43,0xff,0xb8,0x01,0x44,0xff,0xe6,0x01,0x47,0xff,0xeb,0x01,0x48,
0xff,0xeb,0x01,0xa2,0xff,0x99,0x01,0xa3,0xff,0xc6,0x01,0xa8,0xff,0xc7,0x01,0xae,0xff,0xdc,0x01,0xb8,
0xff,0xb4,0x01,0xba,0xff,0xa4,0x01,0xbc,0xff,0xbb,0x00,0x04,0x00,0xcf,0xff,0x9e,0x00,0xd0,0xff,0x9e,
0x00,0xe0,0xff,0x9e,0x00,0xe3,0xff,0x9e,0x00,0x05,0x00,0xcf,0xff,0x9e,0x00,0xd0,0xff,0x9e,0x00,0xe0,
0xff,0x9e,0x00,0xe3,0xff,0x9e,0x00,0xf0,0xff,0xb3,0x00,0x06,0x00,0xcf,0xff,0x9e,0x00,0xd0,0xff,0x9e,
0x00,0xe0,0xff,0x9e,0x00,0xe3,0xff,0x9e,0x00,0xf0,0xff,0xb3,0x00,0xf4,0xff,0xd1,0x00,0x1c,0x00,0x8b,
0xff,0xd4,0x00,0xb2,0xff,0xbb,0x00,0xcf,0xff,0x9e,0x00,0xd0,0xff,0x9e,0x00,0xe0,0xff,0x9e,0x00,0xe3,
0xff,0x9e,0x00,0xf0,0xff,0xb3,0x00,0xf1,0xff,0xb3,0x00,0xf3,0xff,0xbb,0x00,0xf4,0xff,0xd1,0x00,0xf5,
0xff,0xcb,0x00,0xf7,0xff,0xd5,0x01,0x1d,0xff,0xd1,0x01,0x42,0xff,0xdb,0x01,0x43,0xff,0x7f,0x01,0x44,
0xff,0xe3,0x01,0x47,0xff,0xdc,0x01,0x48,0xff,0xe0,0x01,0x49,0xff,0xe2,0x01,0x64,0xff,0xb4,0x01,0xa2,
0xff,0x95,0x01,0xa3,0xff,0xb5,0x01,0xa4,0xff,0xb9,0x01,0xa8,0xff,0xbb,0x01,0xb8,0xff,0xb2,0x01,0xba,
0xff,0xa2,0x01,0xbb,0xff,0x83,0x01,0xbc,0xff,0xbc,0x00,0x0f,0x00,0xc4,0x00,0x1b,0x00,0xe3,0xff,0xe8,
0x01,0x42,0xff,0xe2,0x01,0x43,0xff,0xc7,0x01,0x44,0xff,0xe6,0x01,0x47,0xff,0xe9,0x01,0xa2,0xff,0x85,
0x01,0xa3,0xff,0xc6,0x01,0xa8,0xff,0xc2,0x01,0xa9,0xff,0xe7,0x01,0xb6,0xff,0xb8,0x01,0xb8,0xff,0xb1,
0x01,0xb9,0xff,0xbf,0x01,0xba,0xff,0x9e,0x01,0xbc,0xff,0xb7,0x00,0x04,0x00,0xcf,0xff,0xe0,0x00,0xd0,
0xff,0xe0,0x00,0xe0,0xff,0xe0,0x00,0xe3,0xff,0xe0,0x00,0x0f,0x00,0x8b,0xff,0xd6,0x00,0x9b,0xff,0xdb,
0x00,0xc2,0x00,0x18,0x00,0xce,0xff,0xee,0x00,0xcf,0xff,0xe0,0x00,0xd0,0xff,0xe0,0x00,0xe0,0xff,0xe0,
0x00,0xe3,0xff,0xe0,0x00,0xe9,0xff,0xee,0x00,0xf4,0xff,0xd6,0x01,0x42,0xff,0xe0,0x01,0x43,0xff,0xb6,
0x01,0x44,0xff,0xe4,0x01,0x49,0xff,0xe9,0x01,0xa4,0xff,0xc2,0x00,0x1f,0x00,0x2f,0xff,0xed,0x00,0x46,
0xff,0xd9,0x00,0x8b,0xff,0xd6,0x00,0x98,0xff,0xdd,0x00,0x9a,0xff,0xd3,0x00,0x9b,0xff,0xdb,0x00,0x9c,
0xff,0xd4,0x00,0x9d,0xff,0xe1,0x00,0x9f,0xff,0xc6,0x00,0xa0,0xff,0xdd,0x00,0xbe,0xff,0xe9,0x00,0xc2,
0x00,0x21,0x00,0xc4,0x00,0x1e,0x00,0xcf,0xff,0xda,0x00,0xd0,0xff,0xda,0x00,0xdd,0xff,0xbb,0x00,0xe0,
0xff,0xda,0x00,0xe3,0xff,0xda,0x00,0xe9,0xff,0xf7,0x00,0xf4,0xff,0xd7,0x01,0x06,0xff,0xc5,0x01,0x0a,
0xff,0xdb,0x01,0x42,0xff,0xe3,0x01,0x43,0xff,0xaf,0x01,0x44,0xff,0xe4,0x01,0x47,0xff,0xe5,0x01,0x49,
0xff,0xec,0x01,0xa2,0xff,0xb3,0x01,0xa4,0xff,0xc2,0x01,0xb8,0xff,0xc2,0x01,0xba,0xff,0xb8,0x00,0x04,
0x00,0x55,0xff,0xf2,0x00,0x8b,0xff,0xe9,0x01,0x67,0xff,0xe4,0x01,0xbb,0xff,0xd5,0x00,0x07,0x00,0xcf,
0xff,0x8c,0x00,0xd0,0xff,0x8c,0x00,0xe0,0xff,0x8c,0x00,0xe3,0xff,0x8c,0x00,0xf0,0xff,0xa2,0x01,0x21,
0xff,0x98,0x01,0x23,0xff,0xc6,0x00,0x06,0x00,0xcf,0xff,0x8c,0x00,0xd0,0xff,0x8c,0x00,0xe0,0xff,0x8c,
0x00,0xe3,0xff,0x8c,0x00,0xf0,0xff,0xa2,0x01,0x21,0xff,0x98,0x00,0x48,0x00,0x0b,0xff,0xa3,0x00,0x46,
0xff,0xcd,0x00,0x8b,0xff,0xd1,0x00,0x97,0xff,0xa8,0x00,0x9b,0xff,0xdf,0x00,0x9f,0xff,0xbe,0x00,0xa8,
0xff,0x98,0x00,0xad,0xff,0xaf,0x00,0xb1,0xff,0xa3,0x00,0xb2,0xff,0xb4,0x00,0xbd,0xff,0xa1,0x00,0xbe,
0xff,0xe5,0x00,0xc2,0x00,0x00,0x00,0xc4,0x00,0x08,0x00,0xce,0xff,0xe5,0x00,0xcf,0xff,0x8c,0x00,0xd0,
0xff,0x8c,0x00,0xd9,0xff,0xd0,0x00,0xdd,0xff,0x96,0x00,0xe0,0xff,0x8c,0x00,0xe2,0xff,0x98,0x00,0xe3,
0xff,0x8c,0x00,0xe5,0xff,0xfd,0x00,0xe8,0xff,0xc1,0x00,0xe9,0xff,0xea,0x00,0xf0,0xff,0xa2,0x00,0xf1,
0xff,0xa6,0x00,0xf3,0xff,0xc2,0x00,0xf4,0xff,0xce,0x00,0xf5,0xff,0xc4,0x00,0xf6,0xff,0xbb,0x00,0xf7,
0xff,0xd0,0x00,0xf8,0xff,0xa2,0x00,0xf9,0xff,0xb6,0x01,0x02,0xff,0xac,0x01,0x03,0xff,0xd1,0x01,0x05,
0xff,0xce,0x01,0x06,0xff,0xa2,0x01,0x1d,0xff,0xcc,0x01,0x21,0xff,0x98,0x01,0x22,0xff,0x9f,0x01,0x23,
0xff,0xc6,0x01,0x24,0xff,0xcc,0x01,0x25,0xff,0xc3,0x01,0x26,0xff,0xc9,0x01,0x27,0xff,0xbe,0x01,0x28,
0xff,0xcb,0x01,0x29,0xff,0x98,0x01,0x2a,0xff,0xb3,0x01,0x2c,0xff,0xa4,0x01,0x2d,0xff,0xab,0x01,0x2e,
0xff,0xcf,0x01,0x42,0xff,0xe1,0x01,0x43,0xff,0x83,0x01,0x44,0xff,0xde,0x01,0x47,0xff,0xe8,0x01,0x49,
0xff,0xed,0x01,0x64,0xff,0xa7,0x01,0x67,0xff,0xc2,0x01,0x6e,0xff,0xc7,0x01,0xa2,0xff,0x82,0x01,0xa3,
0xff,0xb9,0x01,0xa4,0xff,0xbd,0x01,0xa8,0xff,0xc0,0x01,0xac,0xff,0xe0,0x01,0xae,0xff,0xd5,0x01,0xb6,
0xff,0xb2,0x01,0xb8,0xff,0xa0,0x01,0xb9,0xff,0xb3,0x01,0xba,0xff,0x6d,0x01,0xbb,0xff,0x68,0x01,0xbc,
0xff,0xbd,0x00,0x01,0x01,0x85,0xff,0xcf,0x00,0x01,0x00,0xc4,0x00,0x16,0x00,0x08,0x00,0xc4,0x00,0x16,
0x00,0xce,0x00,0x0c,0x00,0xf4,0x00,0x00,0x01,0x42,0x00,0x00,0x01,0x47,0x00,0x19,0x01,0x49,0x00,0x18,
0x01,0xa9,0xff,0xcf,0x01,0xae,0xff,0xfe,0x00,0x01,0x01,0xa4,0xff,0xdc,0x00,0x03,0x00,0x16,0x00,0x1a,
0x01,0x46,0xff,0xd7,0x01,0xa9,0xff,0xba,0x00,0x17,0x00,0x01,0xff,0xc7,0x00,0x02,0xff,0xc7,0x00,0x0c,
0xff,0xc7,0x00,0x30,0xff,0xb0,0x00,0x63,0xff,0xcd,0x00,0x6a,0xff,0xb6,0x00,0x6b,0xff,0xb6,0x00,0x96,
0xff,0xf5,0x00,0x97,0xff,0xf5,0x00,0x9d,0xff,0xf5,0x00,0xa1,0xff,0xf5,0x00,0xac,0xff,0xfc,0x00,0xbc,
0xff,0xf8,0x00,0xc6,0xff,0xf6,0x00,0xd6,0xff,0xfc,0x00,0xd7,0xff,0xfc,0x00,0xf0,0xff,0xf8,0x00,0xfa,
0xff,0xfd,0x01,0x02,0xff,0xfc,0x01,0x58,0xff,0xa5,0x01,0x6f,0xff,0xa5,0x01,0x70,0xff,0xa6,0x01,0x85,
0xff,0xa0,0x00,0x06,0x00,0x8b,0xff,0xe4,0x01,0x43,0xff,0xc0,0x01,0x44,0xff,0xf1,0x01,0x46,0xff,0xe6,
0x01,0x5c,0xfe,0xfe,0x01,0xa4,0xff,0xd3,0x00,0x0a,0x00,0x30,0xff,0xd5,0x00,0xbc,0x00,0x0d,0x00,0xe7,
0xff,0xfe,0x00,0xfa,0xff,0xfd,0x01,0x01,0xff,0xfc,0x01,0x57,0xff,0xee,0x01,0x6f,0xff,0xb7,0x01,0x70,
0xff,0xb7,0x01,0x7d,0xff,0xde,0x01,0x85,0xff,0xdd,0x00,0x06,0x00,0x8b,0xff,0xf5,0x01,0x46,0xff,0xd1,
0x01,0x87,0xff,0xc3,0x01,0x8f,0xff,0xb4,0x01,0xa9,0xff,0xba,0x01,0xbc,0xff,0xd4,0x00,0x0e,0x00,0x3f,
0xff,0xc5,0x00,0x50,0xff,0xde,0x00,0x59,0xff,0xcc,0x00,0x5a,0xff,0xcc,0x00,0x96,0xff,0xe7,0x00,0xf0,
0xff,0xd3,0x00,0xf1,0xff,0xd5,0x00,0xfa,0xff,0xc1,0x01,0x21,0xff,0xd4,0x01,0x57,0xff,0x9b,0x01,0x6f,
0xff,0xe2,0x01,0x7d,0xff,0x51,0x01,0x81,0xff,0x97,0x01,0x85,0xff,0xca,0x00,0x01,0x00,0x2b,0xff,0xdf,
0x00,0x20,0x00,0x2a,0xff,0xdf,0x00,0x2f,0xff,0xe4,0x00,0x46,0xff,0xe1,0x00,0x8b,0xff,0xe9,0x00,0xc4,
0xff,0xe2,0x00,0xdd,0xff,0xf0,0x01,0x3d,0xff,0x47,0x01,0x42,0xff,0xd7,0x01,0x43,0xff,0xb3,0x01,0x44,
0xff,0xd8,0x01,0x46,0xff,0xb9,0x01,0x47,0xff,0xda,0x01,0x48,0xff,0xd4,0x01,0x66,0xff,0x80,0x01,0x67,
0xff,0xbc,0x01,0x6b,0xff,0x9d,0x01,0x6e,0xff,0xc7,0x01,0x7c,0xff,0xc7,0x01,0x9a,0xff,0x40,0x01,0x9f,
0xff,0x34,0x01,0xa0,0xff,0x81,0x01,0xa2,0xff,0x74,0x01,0xa3,0xff,0xba,0x01,0xa4,0xff,0xd3,0x01,0xa8,
0xff,0xb6,0x01,0xa9,0xff,0x17,0x01,0xb6,0xff,0xa9,0x01,0xb8,0xff,0x40,0x01,0xb9,0xff,0xad,0x01,0xba,
0xff,0x26,0x01,0xbb,0xff,0x15,0x01,0xbc,0xff,0x0e,0x00,0x02,0x00,0xc4,0x00,0x16,0x00,0xe3,0xff,0xe8,
0x00,0x1a,0x00,0x9b,0xff,0xec,0x00,0xc2,0x00,0x21,0x00,0xce,0xff,0xec,0x00,0xd9,0xff,0xd3,0x00,0xdd,
0xff,0xfc,0x00,0xe3,0xff,0xe8,0x00,0xe5,0x00,0x00,0x01,0x05,0xff,0xce,0x01,0x42,0xff,0xdc,0x01,0x43,
0xff,0xba,0x01,0x44,0xff,0xdd,0x01,0x47,0xff,0xe2,0x01,0x48,0xff,0xdb,0x01,0x67,0xff,0xbc,0x01,0x6e,
0xff,0xc7,0x01,0x7c,0xff,0xc7,0x01,0xa2,0xff,0x5f,0x01,0xa3,0xff,0xb9,0x01,0xa4,0xff,0xd6,0x01,0xa8,
0xff,0xb5,0x01,0xae,0xff,0xd1,0x01,0xb8,0xff,0xa5,0x01,0xb9,0xff,0xb0,0x01,0xba,0xff,0x5e,0x01,0xbb,
0xff,0x68,0x01,0xbc,0xff,0xb1,0x00,0x01,0x00,0x2e,0x00,0x46,0x00,0x04,0x00,0x2b,0x00,0x83,0x01,0x57,
0xff,0xd8,0x01,0x7d,0xff,0xcb,0x01,0x81,0xff,0xcb,0x00,0x01,0x01,0x06,0xff,0xe8,0x00,0x01,0x00,0x2d,
0x00,0x4d,0x00,0x03,0x00,0xe7,0xff,0xfb,0x01,0x57,0xff,0xdc,0x01,0x7d,0xff,0xcf,0x00,0x05,0x00,0x01,
0xff,0xed,0x00,0x26,0x00,0x37,0x00,0x96,0xff,0xfd,0x00,0xac,0x00,0x00,0x00,0xd6,0x00,0x00,0x00,0x04,
0x00,0xbb,0x00,0x02,0x01,0x46,0xff,0xd8,0x01,0x87,0xff,0xc2,0x01,0xa9,0xff,0xbc,0x00,0x11,0x00,0x46,
0xff,0xe2,0x00,0x8b,0xff,0xca,0x00,0x9b,0xff,0xd8,0x00,0xc2,0x00,0x14,0x00,0xdd,0xff,0xdd,0x00,0xf4,
0xff,0xd2,0x01,0x1d,0xff,0xd2,0x01,0x42,0xff,0xd4,0x01,0x43,0xff,0xc8,0x01,0x44,0xff,0xd6,0x01,0x47,
0xff,0xdf,0x01,0x48,0xff,0xe2,0x01,0x49,0xff,0xdd,0x01,0x64,0xff,0xce,0x01,0xa4,0xff,0xc9,0x01,0xb8,
0xff,0xc7,0x01,0xbc,0xff,0xb7,0x00,0x13,0x00,0x2b,0xff,0xe6,0x00,0x46,0xff,0xe4,0x00,0x55,0xff,0xd7,
0x00,0x8b,0xff,0xe2,0x00,0xa9,0xff,0xd8,0x01,0x42,0xff,0xd8,0x01,0x43,0xff,0xbd,0x01,0x44,0xff,0xdb,
0x01,0x47,0xff,0xde,0x01,0x48,0xff,0xdb,0x01,0x49,0xff,0xf3,0x01,0x67,0xff,0xc1,0x01,0x68,0xff,0xd3,
0x01,0xa3,0xff,0xd2,0x01,0xa4,0xff,0xd2,0x01,0xb6,0xff,0xb6,0x01,0xb8,0xff,0xbf,0x01,0xbb,0xff,0xc1,
0x01,0xbc,0xff,0xb1,0x00,0x07,0x00,0x8b,0xff,0xf4,0x01,0x42,0xff,0xf3,0x01,0x46,0xff,0xcf,0x01,0x87,
0xff,0xc2,0x01,0x8f,0xff,0xb2,0x01,0xa4,0xff,0xf6,0x01,0xa9,0xff,0xb9,0x00,0x05,0x00,0x8b,0xff,0xf4,
0x01,0x46,0xff,0xdc,0x01,0x87,0xff,0xc7,0x01,0x8f,0xff,0xba,0x01,0xb8,0xff,0xef,0x00,0x08,0x00,0xbb,
0x00,0x1c,0x00,0xc4,0x00,0x1a,0x00,0xce,0x00,0x10,0x01,0x46,0xff,0xf6,0x01,0x47,0x00,0x1c,0x01,0x48,
0x00,0x18,0x01,0x49,0x00,0x14,0x01,0x87,0xff,0xd7,0x00,0x01,0x00,0xa9,0xff,0xd8,0x00,0x04,0x00,0xa8,
0xff,0xe7,0x00,0xb6,0xff,0xf0,0x00,0xe7,0xff,0xec,0x00,0xed,0xff,0xd1,0x00,0x01,0x00,0x55,0xff,0xec,
0x00,0x02,0x00,0xa9,0xff,0xe7,0x00,0xce,0xff,0xef,0x00,0x18,0x00,0x2a,0xff,0xec,0x00,0x2b,0xff,0xec,
0x00,0x55,0xff,0xec,0x00,0xa9,0xff,0xe7,0x00,0xbb,0xff,0xed,0x00,0xce,0xff,0xef,0x01,0x42,0xff,0xe8,
0x01,0x43,0xff,0xe3,0x01,0x44,0xff,0xe6,0x01,0x46,0xff,0xbc,0x01,0x47,0xff,0xec,0x01,0x48,0xff,0xe2,
0x01,0x66,0xff,0x87,0x01,0x67,0xff,0xce,0x01,0x6b,0xff,0xa6,0x01,0xa2,0xff,0xb3,0x01,0xa4,0xff,0xe3,
0x01,0xa9,0xff,0x6c,0x01,0xae,0xff,0xdf,0x01,0xb6,0xff,0xc7,0x01,0xb8,0xff,0xbe,0x01,0xba,0xff,0xb5,
0x01,0xbb,0xff,0xb4,0x01,0xbc,0xff,0x9b,
};
static const unsigned int flux_font_ttf_len = 68028;
#endif
